Traceback (most recent call last):
  File "C:\Nabil-gold\scripts\run_demo_loop.py", line 47, in <module>
    main()
  File "C:\Nabil-gold\scripts\run_demo_loop.py", line 31, in main
    from utils.single_instance import acquire_single_instance
ModuleNotFoundError: No module named 'utils'
2026-08-08 21:51:45,844 | INFO | scripts.run_trade_updates | Starting trade updates: 2026-08-08T21:51:45.844124+00:00
2026-08-08 21:51:45,851 | INFO | scripts.run_trade_updates | \U0001f50d Session: \u062e\u0627\u0631\u062c Session | Quality: NONE | Allowed: False
2026-08-08 21:51:45,851 | INFO | scripts.run_trade_updates | \u2139\ufe0f Outside normal update hours, but continuing due to update_outside_trading_hours or FORCE_TRADE_UPDATE
2026-08-08 21:51:46,097 | INFO | DatabaseService | Database connected: Supabase
2026-08-08 21:51:46,702 | INFO | httpx | HTTP Request: GET https://trsmuzekxmpqtvxdkxwe.supabase.co/rest/v1/trades_demo?select=%2A&status=in.%28OPEN%2CPARTIAL%2CTP1_HIT%2CPENDING%29 "HTTP/2 200 OK"
2026-08-08 21:51:46,703 | INFO | scripts.run_trade_updates | Active/pending trades count: 0
2026-08-08 21:51:46,703 | INFO | scripts.run_trade_updates | \u0644\u0627 \u062a\u0648\u062c\u062f \u0635\u0641\u0642\u0627\u062a \u0645\u0641\u062a\u0648\u062d\u0629 \u0623\u0648 \u0623\u0648\u0627\u0645\u0631 \u0645\u0639\u0644\u0642\u0629 — skipping \u062a\u062d\u062f\u064a\u062b \u0627\u0644\u0635\u0641\u0642\u0627\u062a \u0628\u062f\u0648\u0646 Telegram \u0648\u0628\u062f\u0648\u0646 \u062c\u0644\u0628 \u0633\u0639\u0631.
2026-08-08 21:56:46,704 | INFO | scripts.run_trade_updates | Starting trade updates: 2026-08-08T21:56:46.704903+00:00
2026-08-08 21:56:46,727 | INFO | scripts.run_trade_updates | \U0001f50d Session: \u062e\u0627\u0631\u062c Session | Quality: NONE | Allowed: False
2026-08-08 21:56:46,727 | INFO | scripts.run_trade_updates | \u2139\ufe0f Outside normal update hours, but continuing due to update_outside_trading_hours or FORCE_TRADE_UPDATE
2026-08-08 21:56:46,980 | INFO | DatabaseService | Database connected: Supabase
2026-08-08 21:56:48,562 | INFO | httpx | HTTP Request: GET https://trsmuzekxmpqtvxdkxwe.supabase.co/rest/v1/trades_demo?select=%2A&status=in.%28OPEN%2CPARTIAL%2CTP1_HIT%2CPENDING%29 "HTTP/2 200 OK"
2026-08-08 21:56:48,563 | INFO | scripts.run_trade_updates | Active/pending trades count: 0
2026-08-08 21:56:48,563 | INFO | scripts.run_trade_updates | \u0644\u0627 \u062a\u0648\u062c\u062f \u0635\u0641\u0642\u0627\u062a \u0645\u0641\u062a\u0648\u062d\u0629 \u0623\u0648 \u0623\u0648\u0627\u0645\u0631 \u0645\u0639\u0644\u0642\u0629 — skipping \u062a\u062d\u062f\u064a\u062b \u0627\u0644\u0635\u0641\u0642\u0627\u062a \u0628\u062f\u0648\u0646 Telegram \u0648\u0628\u062f\u0648\u0646 \u062c\u0644\u0628 \u0633\u0639\u0631.
2026-08-08 22:01:47,389 | INFO | scripts.run_trade_updates | Starting trade updates: 2026-08-08T22:01:47.389536+00:00
2026-08-08 22:01:47,451 | INFO | scripts.run_trade_updates | \U0001f50d Session: \u062e\u0627\u0631\u062c Session | Quality: NONE | Allowed: False
2026-08-08 22:01:47,451 | INFO | scripts.run_trade_updates | \u2139\ufe0f Outside normal update hours, but continuing due to update_outside_trading_hours or FORCE_TRADE_UPDATE
2026-08-08 22:01:47,827 | INFO | DatabaseService | Database connected: Supabase
2026-08-08 22:01:48,828 | INFO | httpx | HTTP Request: GET https://trsmuzekxmpqtvxdkxwe.supabase.co/rest/v1/trades_demo?select=%2A&status=in.%28OPEN%2CPARTIAL%2CTP1_HIT%2CPENDING%29 "HTTP/2 200 OK"
2026-08-08 22:01:48,828 | INFO | scripts.run_trade_updates | Active/pending trades count: 0
2026-08-08 22:01:48,828 | INFO | scripts.run_trade_updates | \u0644\u0627 \u062a\u0648\u062c\u062f \u0635\u0641\u0642\u0627\u062a \u0645\u0641\u062a\u0648\u062d\u0629 \u0623\u0648 \u0623\u0648\u0627\u0645\u0631 \u0645\u0639\u0644\u0642\u0629 — skipping \u062a\u062d\u062f\u064a\u062b \u0627\u0644\u0635\u0641\u0642\u0627\u062a \u0628\u062f\u0648\u0646 Telegram \u0648\u0628\u062f\u0648\u0646 \u062c\u0644\u0628 \u0633\u0639\u0631.
2026-08-08 22:06:48,838 | INFO | scripts.run_trade_updates | Starting trade updates: 2026-08-08T22:06:48.838166+00:00
2026-08-08 22:06:48,841 | INFO | scripts.run_trade_updates | \U0001f50d Session: \u062e\u0627\u0631\u062c Session | Quality: NONE | Allowed: False
2026-08-08 22:06:48,841 | INFO | scripts.run_trade_updates | \u2139\ufe0f Outside normal update hours, but continuing due to update_outside_trading_hours or FORCE_TRADE_UPDATE
2026-08-08 22:06:49,076 | INFO | DatabaseService | Database connected: Supabase
2026-08-08 22:06:50,108 | INFO | httpx | HTTP Request: GET https://trsmuzekxmpqtvxdkxwe.supabase.co/rest/v1/trades_demo?select=%2A&status=in.%28OPEN%2CPARTIAL%2CTP1_HIT%2CPENDING%29 "HTTP/2 200 OK"
2026-08-08 22:06:50,108 | INFO | scripts.run_trade_updates | Active/pending trades count: 0
2026-08-08 22:06:50,108 | INFO | scripts.run_trade_updates | \u0644\u0627 \u062a\u0648\u062c\u062f \u0635\u0641\u0642\u0627\u062a \u0645\u0641\u062a\u0648\u062d\u0629 \u0623\u0648 \u0623\u0648\u0627\u0645\u0631 \u0645\u0639\u0644\u0642\u0629 — skipping \u062a\u062d\u062f\u064a\u062b \u0627\u0644\u0635\u0641\u0642\u0627\u062a \u0628\u062f\u0648\u0646 Telegram \u0648\u0628\u062f\u0648\u0646 \u062c\u0644\u0628 \u0633\u0639\u0631.
2026-08-08 22:11:50,114 | INFO | scripts.run_trade_updates | Starting trade updates: 2026-08-08T22:11:50.114130+00:00
2026-08-08 22:11:50,120 | INFO | scripts.run_trade_updates | \U0001f50d Session: \u062e\u0627\u0631\u062c Session | Quality: NONE | Allowed: False
2026-08-08 22:11:50,120 | INFO | scripts.run_trade_updates | \u2139\ufe0f Outside normal update hours, but continuing due to update_outside_trading_hours or FORCE_TRADE_UPDATE
2026-08-08 22:11:50,324 | INFO | DatabaseService | Database connected: Supabase
2026-08-08 22:11:51,294 | INFO | httpx | HTTP Request: GET https://trsmuzekxmpqtvxdkxwe.supabase.co/rest/v1/trades_demo?select=%2A&status=in.%28OPEN%2CPARTIAL%2CTP1_HIT%2CPENDING%29 "HTTP/2 200 OK"
2026-08-08 22:11:51,294 | INFO | scripts.run_trade_updates | Active/pending trades count: 0
2026-08-08 22:11:51,294 | INFO | scripts.run_trade_updates | \u0644\u0627 \u062a\u0648\u062c\u062f \u0635\u0641\u0642\u0627\u062a \u0645\u0641\u062a\u0648\u062d\u0629 \u0623\u0648 \u0623\u0648\u0627\u0645\u0631 \u0645\u0639\u0644\u0642\u0629 — skipping \u062a\u062d\u062f\u064a\u062b \u0627\u0644\u0635\u0641\u0642\u0627\u062a \u0628\u062f\u0648\u0646 Telegram \u0648\u0628\u062f\u0648\u0646 \u062c\u0644\u0628 \u0633\u0639\u0631.
2026-08-08 22:16:51,298 | INFO | scripts.run_trade_updates | Starting trade updates: 2026-08-08T22:16:51.298046+00:00
2026-08-08 22:16:51,299 | INFO | scripts.run_trade_updates | \U0001f50d Session: \u062e\u0627\u0631\u062c Session | Quality: NONE | Allowed: False
2026-08-08 22:16:51,299 | INFO | scripts.run_trade_updates | \u2139\ufe0f Outside normal update hours, but continuing due to update_outside_trading_hours or FORCE_TRADE_UPDATE
2026-08-08 22:16:51,486 | INFO | DatabaseService | Database connected: Supabase
2026-08-08 22:16:52,472 | INFO | httpx | HTTP Request: GET https://trsmuzekxmpqtvxdkxwe.supabase.co/rest/v1/trades_demo?select=%2A&status=in.%28OPEN%2CPARTIAL%2CTP1_HIT%2CPENDING%29 "HTTP/2 200 OK"
2026-08-08 22:16:52,472 | INFO | scripts.run_trade_updates | Active/pending trades count: 0
2026-08-08 22:16:52,472 | INFO | scripts.run_trade_updates | \u0644\u0627 \u062a\u0648\u062c\u062f \u0635\u0641\u0642\u0627\u062a \u0645\u0641\u062a\u0648\u062d\u0629 \u0623\u0648 \u0623\u0648\u0627\u0645\u0631 \u0645\u0639\u0644\u0642\u0629 — skipping \u062a\u062d\u062f\u064a\u062b \u0627\u0644\u0635\u0641\u0642\u0627\u062a \u0628\u062f\u0648\u0646 Telegram \u0648\u0628\u062f\u0648\u0646 \u062c\u0644\u0628 \u0633\u0639\u0631.
2026-08-08 22:21:52,479 | INFO | scripts.run_trade_updates | Starting trade updates: 2026-08-08T22:21:52.479356+00:00
2026-08-08 22:21:52,479 | INFO | scripts.run_trade_updates | \U0001f50d Session: \u062e\u0627\u0631\u062c Session | Quality: NONE | Allowed: False
2026-08-08 22:21:52,479 | INFO | scripts.run_trade_updates | \u2139\ufe0f Outside normal update hours, but continuing due to update_outside_trading_hours or FORCE_TRADE_UPDATE
2026-08-08 22:21:52,711 | INFO | DatabaseService | Database connected: Supabase
2026-08-08 22:21:53,712 | INFO | httpx | HTTP Request: GET https://trsmuzekxmpqtvxdkxwe.supabase.co/rest/v1/trades_demo?select=%2A&status=in.%28OPEN%2CPARTIAL%2CTP1_HIT%2CPENDING%29 "HTTP/2 200 OK"
2026-08-08 22:21:53,712 | INFO | scripts.run_trade_updates | Active/pending trades count: 0
2026-08-08 22:21:53,712 | INFO | scripts.run_trade_updates | \u0644\u0627 \u062a\u0648\u062c\u062f \u0635\u0641\u0642\u0627\u062a \u0645\u0641\u062a\u0648\u062d\u0629 \u0623\u0648 \u0623\u0648\u0627\u0645\u0631 \u0645\u0639\u0644\u0642\u0629 — skipping \u062a\u062d\u062f\u064a\u062b \u0627\u0644\u0635\u0641\u0642\u0627\u062a \u0628\u062f\u0648\u0646 Telegram \u0648\u0628\u062f\u0648\u0646 \u062c\u0644\u0628 \u0633\u0639\u0631.
2026-08-08 22:26:53,724 | INFO | scripts.run_trade_updates | Starting trade updates: 2026-08-08T22:26:53.724396+00:00
2026-08-08 22:26:53,724 | INFO | scripts.run_trade_updates | \U0001f50d Session: \u062e\u0627\u0631\u062c Session | Quality: NONE | Allowed: False
2026-08-08 22:26:53,724 | INFO | scripts.run_trade_updates | \u2139\ufe0f Outside normal update hours, but continuing due to update_outside_trading_hours or FORCE_TRADE_UPDATE
2026-08-08 22:26:53,955 | INFO | DatabaseService | Database connected: Supabase
2026-08-08 22:26:54,471 | INFO | httpx | HTTP Request: GET https://trsmuzekxmpqtvxdkxwe.supabase.co/rest/v1/trades_demo?select=%2A&status=in.%28OPEN%2CPARTIAL%2CTP1_HIT%2CPENDING%29 "HTTP/2 200 OK"
2026-08-08 22:26:54,471 | INFO | scripts.run_trade_updates | Active/pending trades count: 0
2026-08-08 22:26:54,471 | INFO | scripts.run_trade_updates | \u0644\u0627 \u062a\u0648\u062c\u062f \u0635\u0641\u0642\u0627\u062a \u0645\u0641\u062a\u0648\u062d\u0629 \u0623\u0648 \u0623\u0648\u0627\u0645\u0631 \u0645\u0639\u0644\u0642\u0629 — skipping \u062a\u062d\u062f\u064a\u062b \u0627\u0644\u0635\u0641\u0642\u0627\u062a \u0628\u062f\u0648\u0646 Telegram \u0648\u0628\u062f\u0648\u0646 \u062c\u0644\u0628 \u0633\u0639\u0631.
2026-08-08 22:31:54,485 | INFO | scripts.run_trade_updates | Starting trade updates: 2026-08-08T22:31:54.485406+00:00
2026-08-08 22:31:54,488 | INFO | scripts.run_trade_updates | \U0001f50d Session: \u062e\u0627\u0631\u062c Session | Quality: NONE | Allowed: False
2026-08-08 22:31:54,488 | INFO | scripts.run_trade_updates | \u2139\ufe0f Outside normal update hours, but continuing due to update_outside_trading_hours or FORCE_TRADE_UPDATE
2026-08-08 22:31:54,723 | INFO | DatabaseService | Database connected: Supabase
2026-08-08 22:31:55,255 | INFO | httpx | HTTP Request: GET https://trsmuzekxmpqtvxdkxwe.supabase.co/rest/v1/trades_demo?select=%2A&status=in.%28OPEN%2CPARTIAL%2CTP1_HIT%2CPENDING%29 "HTTP/2 200 OK"
2026-08-08 22:31:55,271 | INFO | scripts.run_trade_updates | Active/pending trades count: 0
2026-08-08 22:31:55,271 | INFO | scripts.run_trade_updates | \u0644\u0627 \u062a\u0648\u062c\u062f \u0635\u0641\u0642\u0627\u062a \u0645\u0641\u062a\u0648\u062d\u0629 \u0623\u0648 \u0623\u0648\u0627\u0645\u0631 \u0645\u0639\u0644\u0642\u0629 — skipping \u062a\u062d\u062f\u064a\u062b \u0627\u0644\u0635\u0641\u0642\u0627\u062a \u0628\u062f\u0648\u0646 Telegram \u0648\u0628\u062f\u0648\u0646 \u062c\u0644\u0628 \u0633\u0639\u0631.
2026-08-08 22:36:55,273 | INFO | scripts.run_trade_updates | Starting trade updates: 2026-08-08T22:36:55.273091+00:00
2026-08-08 22:36:55,274 | INFO | scripts.run_trade_updates | \U0001f50d Session: \u062e\u0627\u0631\u062c Session | Quality: NONE | Allowed: False
2026-08-08 22:36:55,274 | INFO | scripts.run_trade_updates | \u2139\ufe0f Outside normal update hours, but continuing due to update_outside_trading_hours or FORCE_TRADE_UPDATE
2026-08-08 22:36:55,477 | INFO | DatabaseService | Database connected: Supabase
2026-08-08 22:36:56,447 | INFO | httpx | HTTP Request: GET https://trsmuzekxmpqtvxdkxwe.supabase.co/rest/v1/trades_demo?select=%2A&status=in.%28OPEN%2CPARTIAL%2CTP1_HIT%2CPENDING%29 "HTTP/2 200 OK"
2026-08-08 22:36:56,447 | INFO | scripts.run_trade_updates | Active/pending trades count: 0
2026-08-08 22:36:56,447 | INFO | scripts.run_trade_updates | \u0644\u0627 \u062a\u0648\u062c\u062f \u0635\u0641\u0642\u0627\u062a \u0645\u0641\u062a\u0648\u062d\u0629 \u0623\u0648 \u0623\u0648\u0627\u0645\u0631 \u0645\u0639\u0644\u0642\u0629 — skipping \u062a\u062d\u062f\u064a\u062b \u0627\u0644\u0635\u0641\u0642\u0627\u062a \u0628\u062f\u0648\u0646 Telegram \u0648\u0628\u062f\u0648\u0646 \u062c\u0644\u0628 \u0633\u0639\u0631.
2026-08-08 22:41:56,463 | INFO | scripts.run_trade_updates | Starting trade updates: 2026-08-08T22:41:56.463316+00:00
2026-08-08 22:41:56,463 | INFO | scripts.run_trade_updates | \U0001f50d Session: \u062e\u0627\u0631\u062c Session | Quality: NONE | Allowed: False
2026-08-08 22:41:56,463 | INFO | scripts.run_trade_updates | \u2139\ufe0f Outside normal update hours, but continuing due to update_outside_trading_hours or FORCE_TRADE_UPDATE
2026-08-08 22:41:56,663 | INFO | DatabaseService | Database connected: Supabase
2026-08-08 22:41:57,633 | INFO | httpx | HTTP Request: GET https://trsmuzekxmpqtvxdkxwe.supabase.co/rest/v1/trades_demo?select=%2A&status=in.%28OPEN%2CPARTIAL%2CTP1_HIT%2CPENDING%29 "HTTP/2 200 OK"
2026-08-08 22:41:57,633 | INFO | scripts.run_trade_updates | Active/pending trades count: 0
2026-08-08 22:41:57,633 | INFO | scripts.run_trade_updates | \u0644\u0627 \u062a\u0648\u062c\u062f \u0635\u0641\u0642\u0627\u062a \u0645\u0641\u062a\u0648\u062d\u0629 \u0623\u0648 \u0623\u0648\u0627\u0645\u0631 \u0645\u0639\u0644\u0642\u0629 — skipping \u062a\u062d\u062f\u064a\u062b \u0627\u0644\u0635\u0641\u0642\u0627\u062a \u0628\u062f\u0648\u0646 Telegram \u0648\u0628\u062f\u0648\u0646 \u062c\u0644\u0628 \u0633\u0639\u0631.
2026-08-08 22:46:57,638 | INFO | scripts.run_trade_updates | Starting trade updates: 2026-08-08T22:46:57.638999+00:00
2026-08-08 22:46:57,638 | INFO | scripts.run_trade_updates | \U0001f50d Session: \u062e\u0627\u0631\u062c Session | Quality: NONE | Allowed: False
2026-08-08 22:46:57,638 | INFO | scripts.run_trade_updates | \u2139\ufe0f Outside normal update hours, but continuing due to update_outside_trading_hours or FORCE_TRADE_UPDATE
2026-08-08 22:46:57,883 | INFO | DatabaseService | Database connected: Supabase
2026-08-08 22:46:58,948 | INFO | httpx | HTTP Request: GET https://trsmuzekxmpqtvxdkxwe.supabase.co/rest/v1/trades_demo?select=%2A&status=in.%28OPEN%2CPARTIAL%2CTP1_HIT%2CPENDING%29 "HTTP/2 200 OK"
2026-08-08 22:46:58,948 | INFO | scripts.run_trade_updates | Active/pending trades count: 0
2026-08-08 22:46:58,948 | INFO | scripts.run_trade_updates | \u0644\u0627 \u062a\u0648\u062c\u062f \u0635\u0641\u0642\u0627\u062a \u0645\u0641\u062a\u0648\u062d\u0629 \u0623\u0648 \u0623\u0648\u0627\u0645\u0631 \u0645\u0639\u0644\u0642\u0629 — skipping \u062a\u062d\u062f\u064a\u062b \u0627\u0644\u0635\u0641\u0642\u0627\u062a \u0628\u062f\u0648\u0646 Telegram \u0648\u0628\u062f\u0648\u0646 \u062c\u0644\u0628 \u0633\u0639\u0631.
2026-08-08 22:51:58,952 | INFO | scripts.run_trade_updates | Starting trade updates: 2026-08-08T22:51:58.952053+00:00
2026-08-08 22:51:58,954 | INFO | scripts.run_trade_updates | \U0001f50d Session: \u062e\u0627\u0631\u062c Session | Quality: NONE | Allowed: False
2026-08-08 22:51:58,954 | INFO | scripts.run_trade_updates | \u2139\ufe0f Outside normal update hours, but continuing due to update_outside_trading_hours or FORCE_TRADE_UPDATE
2026-08-08 22:51:59,163 | INFO | DatabaseService | Database connected: Supabase
2026-08-08 22:52:00,127 | INFO | httpx | HTTP Request: GET https://trsmuzekxmpqtvxdkxwe.supabase.co/rest/v1/trades_demo?select=%2A&status=in.%28OPEN%2CPARTIAL%2CTP1_HIT%2CPENDING%29 "HTTP/2 200 OK"
2026-08-08 22:52:00,144 | INFO | scripts.run_trade_updates | Active/pending trades count: 0
2026-08-08 22:52:00,144 | INFO | scripts.run_trade_updates | \u0644\u0627 \u062a\u0648\u062c\u062f \u0635\u0641\u0642\u0627\u062a \u0645\u0641\u062a\u0648\u062d\u0629 \u0623\u0648 \u0623\u0648\u0627\u0645\u0631 \u0645\u0639\u0644\u0642\u0629 — skipping \u062a\u062d\u062f\u064a\u062b \u0627\u0644\u0635\u0641\u0642\u0627\u062a \u0628\u062f\u0648\u0646 Telegram \u0648\u0628\u062f\u0648\u0646 \u062c\u0644\u0628 \u0633\u0639\u0631.
2026-08-08 22:57:00,147 | INFO | scripts.run_trade_updates | Starting trade updates: 2026-08-08T22:57:00.147264+00:00
2026-08-08 22:57:00,147 | INFO | scripts.run_trade_updates | \U0001f50d Session: \u062e\u0627\u0631\u062c Session | Quality: NONE | Allowed: False
2026-08-08 22:57:00,147 | INFO | scripts.run_trade_updates | \u2139\ufe0f Outside normal update hours, but continuing due to update_outside_trading_hours or FORCE_TRADE_UPDATE
2026-08-08 22:57:00,375 | INFO | DatabaseService | Database connected: Supabase
2026-08-08 22:57:01,470 | INFO | httpx | HTTP Request: GET https://trsmuzekxmpqtvxdkxwe.supabase.co/rest/v1/trades_demo?select=%2A&status=in.%28OPEN%2CPARTIAL%2CTP1_HIT%2CPENDING%29 "HTTP/2 200 OK"
2026-08-08 22:57:01,470 | INFO | scripts.run_trade_updates | Active/pending trades count: 0
2026-08-08 22:57:01,470 | INFO | scripts.run_trade_updates | \u0644\u0627 \u062a\u0648\u062c\u062f \u0635\u0641\u0642\u0627\u062a \u0645\u0641\u062a\u0648\u062d\u0629 \u0623\u0648 \u0623\u0648\u0627\u0645\u0631 \u0645\u0639\u0644\u0642\u0629 — skipping \u062a\u062d\u062f\u064a\u062b \u0627\u0644\u0635\u0641\u0642\u0627\u062a \u0628\u062f\u0648\u0646 Telegram \u0648\u0628\u062f\u0648\u0646 \u062c\u0644\u0628 \u0633\u0639\u0631.
2026-08-08 23:02:01,474 | INFO | scripts.run_trade_updates | Starting trade updates: 2026-08-08T23:02:01.474313+00:00
2026-08-08 23:02:01,474 | INFO | scripts.run_trade_updates | \U0001f50d Session: \u062e\u0627\u0631\u062c Session | Quality: NONE | Allowed: False
2026-08-08 23:02:01,474 | INFO | scripts.run_trade_updates | \u2139\ufe0f Outside normal update hours, but continuing due to update_outside_trading_hours or FORCE_TRADE_UPDATE
2026-08-08 23:02:01,738 | INFO | DatabaseService | Database connected: Supabase
2026-08-08 23:02:02,833 | INFO | httpx | HTTP Request: GET https://trsmuzekxmpqtvxdkxwe.supabase.co/rest/v1/trades_demo?select=%2A&status=in.%28OPEN%2CPARTIAL%2CTP1_HIT%2CPENDING%29 "HTTP/2 200 OK"
2026-08-08 23:02:02,833 | INFO | scripts.run_trade_updates | Active/pending trades count: 0
2026-08-08 23:02:02,833 | INFO | scripts.run_trade_updates | \u0644\u0627 \u062a\u0648\u062c\u062f \u0635\u0641\u0642\u0627\u062a \u0645\u0641\u062a\u0648\u062d\u0629 \u0623\u0648 \u0623\u0648\u0627\u0645\u0631 \u0645\u0639\u0644\u0642\u0629 — skipping \u062a\u062d\u062f\u064a\u062b \u0627\u0644\u0635\u0641\u0642\u0627\u062a \u0628\u062f\u0648\u0646 Telegram \u0648\u0628\u062f\u0648\u0646 \u062c\u0644\u0628 \u0633\u0639\u0631.
2026-08-08 23:07:02,836 | INFO | scripts.run_trade_updates | Starting trade updates: 2026-08-08T23:07:02.836104+00:00
2026-08-08 23:07:02,836 | INFO | scripts.run_trade_updates | \U0001f50d Session: \u062e\u0627\u0631\u062c Session | Quality: NONE | Allowed: False
2026-08-08 23:07:02,836 | INFO | scripts.run_trade_updates | \u2139\ufe0f Outside normal update hours, but continuing due to update_outside_trading_hours or FORCE_TRADE_UPDATE
2026-08-08 23:07:03,184 | INFO | DatabaseService | Database connected: Supabase
2026-08-08 23:07:03,842 | INFO | httpx | HTTP Request: GET https://trsmuzekxmpqtvxdkxwe.supabase.co/rest/v1/trades_demo?select=%2A&status=in.%28OPEN%2CPARTIAL%2CTP1_HIT%2CPENDING%29 "HTTP/2 200 OK"
2026-08-08 23:07:03,842 | INFO | scripts.run_trade_updates | Active/pending trades count: 0
2026-08-08 23:07:03,842 | INFO | scripts.run_trade_updates | \u0644\u0627 \u062a\u0648\u062c\u062f \u0635\u0641\u0642\u0627\u062a \u0645\u0641\u062a\u0648\u062d\u0629 \u0623\u0648 \u0623\u0648\u0627\u0645\u0631 \u0645\u0639\u0644\u0642\u0629 — skipping \u062a\u062d\u062f\u064a\u062b \u0627\u0644\u0635\u0641\u0642\u0627\u062a \u0628\u062f\u0648\u0646 Telegram \u0648\u0628\u062f\u0648\u0646 \u062c\u0644\u0628 \u0633\u0639\u0631.
2026-08-08 23:12:03,850 | INFO | scripts.run_trade_updates | Starting trade updates: 2026-08-08T23:12:03.850480+00:00
2026-08-08 23:12:03,850 | INFO | scripts.run_trade_updates | \U0001f50d Session: \u062e\u0627\u0631\u062c Session | Quality: NONE | Allowed: False
2026-08-08 23:12:03,850 | INFO | scripts.run_trade_updates | \u2139\ufe0f Outside normal update hours, but continuing due to update_outside_trading_hours or FORCE_TRADE_UPDATE
2026-08-08 23:12:04,046 | INFO | DatabaseService | Database connected: Supabase
2026-08-08 23:12:04,984 | INFO | httpx | HTTP Request: GET https://trsmuzekxmpqtvxdkxwe.supabase.co/rest/v1/trades_demo?select=%2A&status=in.%28OPEN%2CPARTIAL%2CTP1_HIT%2CPENDING%29 "HTTP/2 200 OK"
2026-08-08 23:12:04,984 | INFO | scripts.run_trade_updates | Active/pending trades count: 0
2026-08-08 23:12:04,984 | INFO | scripts.run_trade_updates | \u0644\u0627 \u062a\u0648\u062c\u062f \u0635\u0641\u0642\u0627\u062a \u0645\u0641\u062a\u0648\u062d\u0629 \u0623\u0648 \u0623\u0648\u0627\u0645\u0631 \u0645\u0639\u0644\u0642\u0629 — skipping \u062a\u062d\u062f\u064a\u062b \u0627\u0644\u0635\u0641\u0642\u0627\u062a \u0628\u062f\u0648\u0646 Telegram \u0648\u0628\u062f\u0648\u0646 \u062c\u0644\u0628 \u0633\u0639\u0631.
2026-08-08 23:17:04,990 | INFO | scripts.run_trade_updates | Starting trade updates: 2026-08-08T23:17:04.990793+00:00
2026-08-08 23:17:04,992 | INFO | scripts.run_trade_updates | \U0001f50d Session: \u062e\u0627\u0631\u062c Session | Quality: NONE | Allowed: False
2026-08-08 23:17:04,992 | INFO | scripts.run_trade_updates | \u2139\ufe0f Outside normal update hours, but continuing due to update_outside_trading_hours or FORCE_TRADE_UPDATE
2026-08-08 23:17:05,180 | INFO | DatabaseService | Database connected: Supabase
2026-08-08 23:17:05,712 | INFO | httpx | HTTP Request: GET https://trsmuzekxmpqtvxdkxwe.supabase.co/rest/v1/trades_demo?select=%2A&status=in.%28OPEN%2CPARTIAL%2CTP1_HIT%2CPENDING%29 "HTTP/2 200 OK"
2026-08-08 23:17:05,712 | INFO | scripts.run_trade_updates | Active/pending trades count: 0
2026-08-08 23:17:05,712 | INFO | scripts.run_trade_updates | \u0644\u0627 \u062a\u0648\u062c\u062f \u0635\u0641\u0642\u0627\u062a \u0645\u0641\u062a\u0648\u062d\u0629 \u0623\u0648 \u0623\u0648\u0627\u0645\u0631 \u0645\u0639\u0644\u0642\u0629 — skipping \u062a\u062d\u062f\u064a\u062b \u0627\u0644\u0635\u0641\u0642\u0627\u062a \u0628\u062f\u0648\u0646 Telegram \u0648\u0628\u062f\u0648\u0646 \u062c\u0644\u0628 \u0633\u0639\u0631.
2026-08-08 23:22:05,722 | INFO | scripts.run_trade_updates | Starting trade updates: 2026-08-08T23:22:05.722272+00:00
2026-08-08 23:22:05,722 | INFO | scripts.run_trade_updates | \U0001f50d Session: \u062e\u0627\u0631\u062c Session | Quality: NONE | Allowed: False
2026-08-08 23:22:05,722 | INFO | scripts.run_trade_updates | \u2139\ufe0f Outside normal update hours, but continuing due to update_outside_trading_hours or FORCE_TRADE_UPDATE
2026-08-08 23:22:05,950 | INFO | DatabaseService | Database connected: Supabase
2026-08-08 23:22:06,482 | INFO | httpx | HTTP Request: GET https://trsmuzekxmpqtvxdkxwe.supabase.co/rest/v1/trades_demo?select=%2A&status=in.%28OPEN%2CPARTIAL%2CTP1_HIT%2CPENDING%29 "HTTP/2 200 OK"
2026-08-08 23:22:06,482 | INFO | scripts.run_trade_updates | Active/pending trades count: 0
2026-08-08 23:22:06,482 | INFO | scripts.run_trade_updates | \u0644\u0627 \u062a\u0648\u062c\u062f \u0635\u0641\u0642\u0627\u062a \u0645\u0641\u062a\u0648\u062d\u0629 \u0623\u0648 \u0623\u0648\u0627\u0645\u0631 \u0645\u0639\u0644\u0642\u0629 — skipping \u062a\u062d\u062f\u064a\u062b \u0627\u0644\u0635\u0641\u0642\u0627\u062a \u0628\u062f\u0648\u0646 Telegram \u0648\u0628\u062f\u0648\u0646 \u062c\u0644\u0628 \u0633\u0639\u0631.
2026-08-08 23:27:06,486 | INFO | scripts.run_trade_updates | Starting trade updates: 2026-08-08T23:27:06.486078+00:00
2026-08-08 23:27:06,486 | INFO | scripts.run_trade_updates | \U0001f50d Session: \u062e\u0627\u0631\u062c Session | Quality: NONE | Allowed: False
2026-08-08 23:27:06,486 | INFO | scripts.run_trade_updates | \u2139\ufe0f Outside normal update hours, but continuing due to update_outside_trading_hours or FORCE_TRADE_UPDATE
2026-08-08 23:27:06,696 | INFO | DatabaseService | Database connected: Supabase
2026-08-08 23:27:07,634 | INFO | httpx | HTTP Request: GET https://trsmuzekxmpqtvxdkxwe.supabase.co/rest/v1/trades_demo?select=%2A&status=in.%28OPEN%2CPARTIAL%2CTP1_HIT%2CPENDING%29 "HTTP/2 200 OK"
2026-08-08 23:27:07,634 | INFO | scripts.run_trade_updates | Active/pending trades count: 0
2026-08-08 23:27:07,634 | INFO | scripts.run_trade_updates | \u0644\u0627 \u062a\u0648\u062c\u062f \u0635\u0641\u0642\u0627\u062a \u0645\u0641\u062a\u0648\u062d\u0629 \u0623\u0648 \u0623\u0648\u0627\u0645\u0631 \u0645\u0639\u0644\u0642\u0629 — skipping \u062a\u062d\u062f\u064a\u062b \u0627\u0644\u0635\u0641\u0642\u0627\u062a \u0628\u062f\u0648\u0646 Telegram \u0648\u0628\u062f\u0648\u0646 \u062c\u0644\u0628 \u0633\u0639\u0631.
2026-08-08 23:32:07,642 | INFO | scripts.run_trade_updates | Starting trade updates: 2026-08-08T23:32:07.642547+00:00
2026-08-08 23:32:07,643 | INFO | scripts.run_trade_updates | \U0001f50d Session: \u062e\u0627\u0631\u062c Session | Quality: NONE | Allowed: False
2026-08-08 23:32:07,643 | INFO | scripts.run_trade_updates | \u2139\ufe0f Outside normal update hours, but continuing due to update_outside_trading_hours or FORCE_TRADE_UPDATE
2026-08-08 23:32:07,862 | INFO | DatabaseService | Database connected: Supabase
2026-08-08 23:32:08,895 | INFO | httpx | HTTP Request: GET https://trsmuzekxmpqtvxdkxwe.supabase.co/rest/v1/trades_demo?select=%2A&status=in.%28OPEN%2CPARTIAL%2CTP1_HIT%2CPENDING%29 "HTTP/2 200 OK"
2026-08-08 23:32:08,895 | INFO | scripts.run_trade_updates | Active/pending trades count: 0
2026-08-08 23:32:08,895 | INFO | scripts.run_trade_updates | \u0644\u0627 \u062a\u0648\u062c\u062f \u0635\u0641\u0642\u0627\u062a \u0645\u0641\u062a\u0648\u062d\u0629 \u0623\u0648 \u0623\u0648\u0627\u0645\u0631 \u0645\u0639\u0644\u0642\u0629 — skipping \u062a\u062d\u062f\u064a\u062b \u0627\u0644\u0635\u0641\u0642\u0627\u062a \u0628\u062f\u0648\u0646 Telegram \u0648\u0628\u062f\u0648\u0646 \u062c\u0644\u0628 \u0633\u0639\u0631.
2026-08-08 23:37:08,906 | INFO | scripts.run_trade_updates | Starting trade updates: 2026-08-08T23:37:08.906257+00:00
2026-08-08 23:37:08,906 | INFO | scripts.run_trade_updates | \U0001f50d Session: \u062e\u0627\u0631\u062c Session | Quality: NONE | Allowed: False
2026-08-08 23:37:08,906 | INFO | scripts.run_trade_updates | \u2139\ufe0f Outside normal update hours, but continuing due to update_outside_trading_hours or FORCE_TRADE_UPDATE
2026-08-08 23:37:09,122 | INFO | DatabaseService | Database connected: Supabase
2026-08-08 23:37:09,639 | INFO | httpx | HTTP Request: GET https://trsmuzekxmpqtvxdkxwe.supabase.co/rest/v1/trades_demo?select=%2A&status=in.%28OPEN%2CPARTIAL%2CTP1_HIT%2CPENDING%29 "HTTP/2 200 OK"
2026-08-08 23:37:09,639 | INFO | scripts.run_trade_updates | Active/pending trades count: 0
2026-08-08 23:37:09,639 | INFO | scripts.run_trade_updates | \u0644\u0627 \u062a\u0648\u062c\u062f \u0635\u0641\u0642\u0627\u062a \u0645\u0641\u062a\u0648\u062d\u0629 \u0623\u0648 \u0623\u0648\u0627\u0645\u0631 \u0645\u0639\u0644\u0642\u0629 — skipping \u062a\u062d\u062f\u064a\u062b \u0627\u0644\u0635\u0641\u0642\u0627\u062a \u0628\u062f\u0648\u0646 Telegram \u0648\u0628\u062f\u0648\u0646 \u062c\u0644\u0628 \u0633\u0639\u0631.
2026-08-08 23:42:09,644 | INFO | scripts.run_trade_updates | Starting trade updates: 2026-08-08T23:42:09.644577+00:00
2026-08-08 23:42:09,644 | INFO | scripts.run_trade_updates | \U0001f50d Session: \u062e\u0627\u0631\u062c Session | Quality: NONE | Allowed: False
2026-08-08 23:42:09,644 | INFO | scripts.run_trade_updates | \u2139\ufe0f Outside normal update hours, but continuing due to update_outside_trading_hours or FORCE_TRADE_UPDATE
2026-08-08 23:42:09,838 | INFO | DatabaseService | Database connected: Supabase
2026-08-08 23:42:10,761 | INFO | httpx | HTTP Request: GET https://trsmuzekxmpqtvxdkxwe.supabase.co/rest/v1/trades_demo?select=%2A&status=in.%28OPEN%2CPARTIAL%2CTP1_HIT%2CPENDING%29 "HTTP/2 200 OK"
2026-08-08 23:42:10,761 | INFO | scripts.run_trade_updates | Active/pending trades count: 0
2026-08-08 23:42:10,761 | INFO | scripts.run_trade_updates | \u0644\u0627 \u062a\u0648\u062c\u062f \u0635\u0641\u0642\u0627\u062a \u0645\u0641\u062a\u0648\u062d\u0629 \u0623\u0648 \u0623\u0648\u0627\u0645\u0631 \u0645\u0639\u0644\u0642\u0629 — skipping \u062a\u062d\u062f\u064a\u062b \u0627\u0644\u0635\u0641\u0642\u0627\u062a \u0628\u062f\u0648\u0646 Telegram \u0648\u0628\u062f\u0648\u0646 \u062c\u0644\u0628 \u0633\u0639\u0631.
2026-08-08 23:47:10,769 | INFO | scripts.run_trade_updates | Starting trade updates: 2026-08-08T23:47:10.769887+00:00
2026-08-08 23:47:10,769 | INFO | scripts.run_trade_updates | \U0001f50d Session: \u062e\u0627\u0631\u062c Session | Quality: NONE | Allowed: False
2026-08-08 23:47:10,769 | INFO | scripts.run_trade_updates | \u2139\ufe0f Outside normal update hours, but continuing due to update_outside_trading_hours or FORCE_TRADE_UPDATE
2026-08-08 23:47:11,013 | INFO | DatabaseService | Database connected: Supabase
2026-08-08 23:47:12,014 | INFO | httpx | HTTP Request: GET https://trsmuzekxmpqtvxdkxwe.supabase.co/rest/v1/trades_demo?select=%2A&status=in.%28OPEN%2CPARTIAL%2CTP1_HIT%2CPENDING%29 "HTTP/2 200 OK"
2026-08-08 23:47:12,014 | INFO | scripts.run_trade_updates | Active/pending trades count: 0
2026-08-08 23:47:12,014 | INFO | scripts.run_trade_updates | \u0644\u0627 \u062a\u0648\u062c\u062f \u0635\u0641\u0642\u0627\u062a \u0645\u0641\u062a\u0648\u062d\u0629 \u0623\u0648 \u0623\u0648\u0627\u0645\u0631 \u0645\u0639\u0644\u0642\u0629 — skipping \u062a\u062d\u062f\u064a\u062b \u0627\u0644\u0635\u0641\u0642\u0627\u062a \u0628\u062f\u0648\u0646 Telegram \u0648\u0628\u062f\u0648\u0646 \u062c\u0644\u0628 \u0633\u0639\u0631.
2026-08-08 23:52:12,021 | INFO | scripts.run_trade_updates | Starting trade updates: 2026-08-08T23:52:12.021675+00:00
2026-08-08 23:52:12,021 | INFO | scripts.run_trade_updates | \U0001f50d Session: \u062e\u0627\u0631\u062c Session | Quality: NONE | Allowed: False
2026-08-08 23:52:12,021 | INFO | scripts.run_trade_updates | \u2139\ufe0f Outside normal update hours, but continuing due to update_outside_trading_hours or FORCE_TRADE_UPDATE
2026-08-08 23:52:12,202 | INFO | DatabaseService | Database connected: Supabase
2026-08-08 23:52:13,140 | INFO | httpx | HTTP Request: GET https://trsmuzekxmpqtvxdkxwe.supabase.co/rest/v1/trades_demo?select=%2A&status=in.%28OPEN%2CPARTIAL%2CTP1_HIT%2CPENDING%29 "HTTP/2 200 OK"
2026-08-08 23:52:13,140 | INFO | scripts.run_trade_updates | Active/pending trades count: 0
2026-08-08 23:52:13,140 | INFO | scripts.run_trade_updates | \u0644\u0627 \u062a\u0648\u062c\u062f \u0635\u0641\u0642\u0627\u062a \u0645\u0641\u062a\u0648\u062d\u0629 \u0623\u0648 \u0623\u0648\u0627\u0645\u0631 \u0645\u0639\u0644\u0642\u0629 — skipping \u062a\u062d\u062f\u064a\u062b \u0627\u0644\u0635\u0641\u0642\u0627\u062a \u0628\u062f\u0648\u0646 Telegram \u0648\u0628\u062f\u0648\u0646 \u062c\u0644\u0628 \u0633\u0639\u0631.
2026-08-08 23:57:13,143 | INFO | scripts.run_trade_updates | Starting trade updates: 2026-08-08T23:57:13.143645+00:00
2026-08-08 23:57:13,143 | INFO | scripts.run_trade_updates | \U0001f50d Session: \u062e\u0627\u0631\u062c Session | Quality: NONE | Allowed: False
2026-08-08 23:57:13,143 | INFO | scripts.run_trade_updates | \u2139\ufe0f Outside normal update hours, but continuing due to update_outside_trading_hours or FORCE_TRADE_UPDATE
2026-08-08 23:57:13,478 | INFO | DatabaseService | Database connected: Supabase
2026-08-08 23:57:14,480 | INFO | httpx | HTTP Request: GET https://trsmuzekxmpqtvxdkxwe.supabase.co/rest/v1/trades_demo?select=%2A&status=in.%28OPEN%2CPARTIAL%2CTP1_HIT%2CPENDING%29 "HTTP/2 200 OK"
2026-08-08 23:57:14,495 | INFO | scripts.run_trade_updates | Active/pending trades count: 0
2026-08-08 23:57:14,495 | INFO | scripts.run_trade_updates | \u0644\u0627 \u062a\u0648\u062c\u062f \u0635\u0641\u0642\u0627\u062a \u0645\u0641\u062a\u0648\u062d\u0629 \u0623\u0648 \u0623\u0648\u0627\u0645\u0631 \u0645\u0639\u0644\u0642\u0629 — skipping \u062a\u062d\u062f\u064a\u062b \u0627\u0644\u0635\u0641\u0642\u0627\u062a \u0628\u062f\u0648\u0646 Telegram \u0648\u0628\u062f\u0648\u0646 \u062c\u0644\u0628 \u0633\u0639\u0631.
2026-08-09 00:02:14,497 | INFO | scripts.run_trade_updates | Starting trade updates: 2026-08-09T00:02:14.497619+00:00
2026-08-09 00:02:14,497 | INFO | scripts.run_trade_updates | \U0001f50d Session: \u062e\u0627\u0631\u062c Session | Quality: NONE | Allowed: False
2026-08-09 00:02:14,497 | INFO | scripts.run_trade_updates | \u2139\ufe0f Outside normal update hours, but continuing due to update_outside_trading_hours or FORCE_TRADE_UPDATE
2026-08-09 00:02:14,694 | INFO | DatabaseService | Database connected: Supabase
2026-08-09 00:02:15,664 | INFO | httpx | HTTP Request: GET https://trsmuzekxmpqtvxdkxwe.supabase.co/rest/v1/trades_demo?select=%2A&status=in.%28OPEN%2CPARTIAL%2CTP1_HIT%2CPENDING%29 "HTTP/2 200 OK"
2026-08-09 00:02:15,664 | INFO | scripts.run_trade_updates | Active/pending trades count: 0
2026-08-09 00:02:15,664 | INFO | scripts.run_trade_updates | \u0644\u0627 \u062a\u0648\u062c\u062f \u0635\u0641\u0642\u0627\u062a \u0645\u0641\u062a\u0648\u062d\u0629 \u0623\u0648 \u0623\u0648\u0627\u0645\u0631 \u0645\u0639\u0644\u0642\u0629 — skipping \u062a\u062d\u062f\u064a\u062b \u0627\u0644\u0635\u0641\u0642\u0627\u062a \u0628\u062f\u0648\u0646 Telegram \u0648\u0628\u062f\u0648\u0646 \u062c\u0644\u0628 \u0633\u0639\u0631.
2026-08-09 00:07:15,668 | INFO | scripts.run_trade_updates | Starting trade updates: 2026-08-09T00:07:15.668148+00:00
2026-08-09 00:07:15,668 | INFO | scripts.run_trade_updates | \U0001f50d Session: \u062e\u0627\u0631\u062c Session | Quality: NONE | Allowed: False
2026-08-09 00:07:15,668 | INFO | scripts.run_trade_updates | \u2139\ufe0f Outside normal update hours, but continuing due to update_outside_trading_hours or FORCE_TRADE_UPDATE
2026-08-09 00:07:15,930 | INFO | DatabaseService | Database connected: Supabase
2026-08-09 00:07:16,978 | INFO | httpx | HTTP Request: GET https://trsmuzekxmpqtvxdkxwe.supabase.co/rest/v1/trades_demo?select=%2A&status=in.%28OPEN%2CPARTIAL%2CTP1_HIT%2CPENDING%29 "HTTP/2 200 OK"
2026-08-09 00:07:16,978 | INFO | scripts.run_trade_updates | Active/pending trades count: 0
2026-08-09 00:07:16,978 | INFO | scripts.run_trade_updates | \u0644\u0627 \u062a\u0648\u062c\u062f \u0635\u0641\u0642\u0627\u062a \u0645\u0641\u062a\u0648\u062d\u0629 \u0623\u0648 \u0623\u0648\u0627\u0645\u0631 \u0645\u0639\u0644\u0642\u0629 — skipping \u062a\u062d\u062f\u064a\u062b \u0627\u0644\u0635\u0641\u0642\u0627\u062a \u0628\u062f\u0648\u0646 Telegram \u0648\u0628\u062f\u0648\u0646 \u062c\u0644\u0628 \u0633\u0639\u0631.
2026-08-09 00:12:16,989 | INFO | scripts.run_trade_updates | Starting trade updates: 2026-08-09T00:12:16.989764+00:00
2026-08-09 00:12:16,993 | INFO | scripts.run_trade_updates | \U0001f50d Session: \u062e\u0627\u0631\u062c Session | Quality: NONE | Allowed: False
2026-08-09 00:12:16,993 | INFO | scripts.run_trade_updates | \u2139\ufe0f Outside normal update hours, but continuing due to update_outside_trading_hours or FORCE_TRADE_UPDATE
2026-08-09 00:12:17,212 | INFO | DatabaseService | Database connected: Supabase
2026-08-09 00:12:18,166 | INFO | httpx | HTTP Request: GET https://trsmuzekxmpqtvxdkxwe.supabase.co/rest/v1/trades_demo?select=%2A&status=in.%28OPEN%2CPARTIAL%2CTP1_HIT%2CPENDING%29 "HTTP/2 200 OK"
2026-08-09 00:12:18,182 | INFO | scripts.run_trade_updates | Active/pending trades count: 0
2026-08-09 00:12:18,182 | INFO | scripts.run_trade_updates | \u0644\u0627 \u062a\u0648\u062c\u062f \u0635\u0641\u0642\u0627\u062a \u0645\u0641\u062a\u0648\u062d\u0629 \u0623\u0648 \u0623\u0648\u0627\u0645\u0631 \u0645\u0639\u0644\u0642\u0629 — skipping \u062a\u062d\u062f\u064a\u062b \u0627\u0644\u0635\u0641\u0642\u0627\u062a \u0628\u062f\u0648\u0646 Telegram \u0648\u0628\u062f\u0648\u0646 \u062c\u0644\u0628 \u0633\u0639\u0631.
2026-08-09 00:17:18,184 | INFO | scripts.run_trade_updates | Starting trade updates: 2026-08-09T00:17:18.184849+00:00
2026-08-09 00:17:18,194 | INFO | scripts.run_trade_updates | \U0001f50d Session: \u062e\u0627\u0631\u062c Session | Quality: NONE | Allowed: False
2026-08-09 00:17:18,194 | INFO | scripts.run_trade_updates | \u2139\ufe0f Outside normal update hours, but continuing due to update_outside_trading_hours or FORCE_TRADE_UPDATE
2026-08-09 00:17:18,476 | INFO | DatabaseService | Database connected: Supabase
2026-08-09 00:17:19,494 | INFO | httpx | HTTP Request: GET https://trsmuzekxmpqtvxdkxwe.supabase.co/rest/v1/trades_demo?select=%2A&status=in.%28OPEN%2CPARTIAL%2CTP1_HIT%2CPENDING%29 "HTTP/2 200 OK"
2026-08-09 00:17:19,494 | INFO | scripts.run_trade_updates | Active/pending trades count: 0
2026-08-09 00:17:19,494 | INFO | scripts.run_trade_updates | \u0644\u0627 \u062a\u0648\u062c\u062f \u0635\u0641\u0642\u0627\u062a \u0645\u0641\u062a\u0648\u062d\u0629 \u0623\u0648 \u0623\u0648\u0627\u0645\u0631 \u0645\u0639\u0644\u0642\u0629 — skipping \u062a\u062d\u062f\u064a\u062b \u0627\u0644\u0635\u0641\u0642\u0627\u062a \u0628\u062f\u0648\u0646 Telegram \u0648\u0628\u062f\u0648\u0646 \u062c\u0644\u0628 \u0633\u0639\u0631.
2026-08-09 00:22:19,497 | INFO | scripts.run_trade_updates | Starting trade updates: 2026-08-09T00:22:19.497659+00:00
2026-08-09 00:22:19,497 | INFO | scripts.run_trade_updates | \U0001f50d Session: \u062e\u0627\u0631\u062c Session | Quality: NONE | Allowed: False
2026-08-09 00:22:19,497 | INFO | scripts.run_trade_updates | \u2139\ufe0f Outside normal update hours, but continuing due to update_outside_trading_hours or FORCE_TRADE_UPDATE
2026-08-09 00:22:19,722 | INFO | DatabaseService | Database connected: Supabase
2026-08-09 00:22:20,733 | INFO | httpx | HTTP Request: GET https://trsmuzekxmpqtvxdkxwe.supabase.co/rest/v1/trades_demo?select=%2A&status=in.%28OPEN%2CPARTIAL%2CTP1_HIT%2CPENDING%29 "HTTP/2 200 OK"
2026-08-09 00:22:20,739 | INFO | scripts.run_trade_updates | Active/pending trades count: 0
2026-08-09 00:22:20,739 | INFO | scripts.run_trade_updates | \u0644\u0627 \u062a\u0648\u062c\u062f \u0635\u0641\u0642\u0627\u062a \u0645\u0641\u062a\u0648\u062d\u0629 \u0623\u0648 \u0623\u0648\u0627\u0645\u0631 \u0645\u0639\u0644\u0642\u0629 — skipping \u062a\u062d\u062f\u064a\u062b \u0627\u0644\u0635\u0641\u0642\u0627\u062a \u0628\u062f\u0648\u0646 Telegram \u0648\u0628\u062f\u0648\u0646 \u062c\u0644\u0628 \u0633\u0639\u0631.
2026-08-09 00:27:20,740 | INFO | scripts.run_trade_updates | Starting trade updates: 2026-08-09T00:27:20.740919+00:00
2026-08-09 00:27:20,740 | INFO | scripts.run_trade_updates | \U0001f50d Session: \u062e\u0627\u0631\u062c Session | Quality: NONE | Allowed: False
2026-08-09 00:27:20,740 | INFO | scripts.run_trade_updates | \u2139\ufe0f Outside normal update hours, but continuing due to update_outside_trading_hours or FORCE_TRADE_UPDATE
2026-08-09 00:27:20,947 | INFO | DatabaseService | Database connected: Supabase
2026-08-09 00:27:21,933 | INFO | httpx | HTTP Request: GET https://trsmuzekxmpqtvxdkxwe.supabase.co/rest/v1/trades_demo?select=%2A&status=in.%28OPEN%2CPARTIAL%2CTP1_HIT%2CPENDING%29 "HTTP/2 200 OK"
2026-08-09 00:27:21,933 | INFO | scripts.run_trade_updates | Active/pending trades count: 0
2026-08-09 00:27:21,933 | INFO | scripts.run_trade_updates | \u0644\u0627 \u062a\u0648\u062c\u062f \u0635\u0641\u0642\u0627\u062a \u0645\u0641\u062a\u0648\u062d\u0629 \u0623\u0648 \u0623\u0648\u0627\u0645\u0631 \u0645\u0639\u0644\u0642\u0629 — skipping \u062a\u062d\u062f\u064a\u062b \u0627\u0644\u0635\u0641\u0642\u0627\u062a \u0628\u062f\u0648\u0646 Telegram \u0648\u0628\u062f\u0648\u0646 \u062c\u0644\u0628 \u0633\u0639\u0631.
2026-08-09 00:32:21,938 | INFO | scripts.run_trade_updates | Starting trade updates: 2026-08-09T00:32:21.938600+00:00
2026-08-09 00:32:21,938 | INFO | scripts.run_trade_updates | \U0001f50d Session: \u062e\u0627\u0631\u062c Session | Quality: NONE | Allowed: False
2026-08-09 00:32:21,938 | INFO | scripts.run_trade_updates | \u2139\ufe0f Outside normal update hours, but continuing due to update_outside_trading_hours or FORCE_TRADE_UPDATE
2026-08-09 00:32:22,148 | INFO | DatabaseService | Database connected: Supabase
2026-08-09 00:32:23,164 | INFO | httpx | HTTP Request: GET https://trsmuzekxmpqtvxdkxwe.supabase.co/rest/v1/trades_demo?select=%2A&status=in.%28OPEN%2CPARTIAL%2CTP1_HIT%2CPENDING%29 "HTTP/2 200 OK"
2026-08-09 00:32:23,164 | INFO | scripts.run_trade_updates | Active/pending trades count: 0
2026-08-09 00:32:23,164 | INFO | scripts.run_trade_updates | \u0644\u0627 \u062a\u0648\u062c\u062f \u0635\u0641\u0642\u0627\u062a \u0645\u0641\u062a\u0648\u062d\u0629 \u0623\u0648 \u0623\u0648\u0627\u0645\u0631 \u0645\u0639\u0644\u0642\u0629 — skipping \u062a\u062d\u062f\u064a\u062b \u0627\u0644\u0635\u0641\u0642\u0627\u062a \u0628\u062f\u0648\u0646 Telegram \u0648\u0628\u062f\u0648\u0646 \u062c\u0644\u0628 \u0633\u0639\u0631.
2026-08-09 00:37:23,174 | INFO | scripts.run_trade_updates | Starting trade updates: 2026-08-09T00:37:23.174848+00:00
2026-08-09 00:37:23,175 | INFO | scripts.run_trade_updates | \U0001f50d Session: \u062e\u0627\u0631\u062c Session | Quality: NONE | Allowed: False
2026-08-09 00:37:23,175 | INFO | scripts.run_trade_updates | \u2139\ufe0f Outside normal update hours, but continuing due to update_outside_trading_hours or FORCE_TRADE_UPDATE
2026-08-09 00:37:23,457 | INFO | DatabaseService | Database connected: Supabase
2026-08-09 00:37:24,505 | INFO | httpx | HTTP Request: GET https://trsmuzekxmpqtvxdkxwe.supabase.co/rest/v1/trades_demo?select=%2A&status=in.%28OPEN%2CPARTIAL%2CTP1_HIT%2CPENDING%29 "HTTP/2 200 OK"
2026-08-09 00:37:24,505 | INFO | scripts.run_trade_updates | Active/pending trades count: 0
2026-08-09 00:37:24,505 | INFO | scripts.run_trade_updates | \u0644\u0627 \u062a\u0648\u062c\u062f \u0635\u0641\u0642\u0627\u062a \u0645\u0641\u062a\u0648\u062d\u0629 \u0623\u0648 \u0623\u0648\u0627\u0645\u0631 \u0645\u0639\u0644\u0642\u0629 — skipping \u062a\u062d\u062f\u064a\u062b \u0627\u0644\u0635\u0641\u0642\u0627\u062a \u0628\u062f\u0648\u0646 Telegram \u0648\u0628\u062f\u0648\u0646 \u062c\u0644\u0628 \u0633\u0639\u0631.
2026-08-09 00:42:24,519 | INFO | scripts.run_trade_updates | Starting trade updates: 2026-08-09T00:42:24.519961+00:00
2026-08-09 00:42:24,522 | INFO | scripts.run_trade_updates | \U0001f50d Session: \u062e\u0627\u0631\u062c Session | Quality: NONE | Allowed: False
2026-08-09 00:42:24,522 | INFO | scripts.run_trade_updates | \u2139\ufe0f Outside normal update hours, but continuing due to update_outside_trading_hours or FORCE_TRADE_UPDATE
2026-08-09 00:42:24,741 | INFO | DatabaseService | Database connected: Supabase
2026-08-09 00:42:25,695 | INFO | httpx | HTTP Request: GET https://trsmuzekxmpqtvxdkxwe.supabase.co/rest/v1/trades_demo?select=%2A&status=in.%28OPEN%2CPARTIAL%2CTP1_HIT%2CPENDING%29 "HTTP/2 200 OK"
2026-08-09 00:42:25,695 | INFO | scripts.run_trade_updates | Active/pending trades count: 0
2026-08-09 00:42:25,695 | INFO | scripts.run_trade_updates | \u0644\u0627 \u062a\u0648\u062c\u062f \u0635\u0641\u0642\u0627\u062a \u0645\u0641\u062a\u0648\u062d\u0629 \u0623\u0648 \u0623\u0648\u0627\u0645\u0631 \u0645\u0639\u0644\u0642\u0629 — skipping \u062a\u062d\u062f\u064a\u062b \u0627\u0644\u0635\u0641\u0642\u0627\u062a \u0628\u062f\u0648\u0646 Telegram \u0648\u0628\u062f\u0648\u0646 \u062c\u0644\u0628 \u0633\u0639\u0631.
2026-08-09 00:47:25,708 | INFO | scripts.run_trade_updates | Starting trade updates: 2026-08-09T00:47:25.708546+00:00
2026-08-09 00:47:25,709 | INFO | scripts.run_trade_updates | \U0001f50d Session: \u062e\u0627\u0631\u062c Session | Quality: NONE | Allowed: False
2026-08-09 00:47:25,709 | INFO | scripts.run_trade_updates | \u2139\ufe0f Outside normal update hours, but continuing due to update_outside_trading_hours or FORCE_TRADE_UPDATE
2026-08-09 00:47:25,975 | INFO | DatabaseService | Database connected: Supabase
2026-08-09 00:47:27,007 | INFO | httpx | HTTP Request: GET https://trsmuzekxmpqtvxdkxwe.supabase.co/rest/v1/trades_demo?select=%2A&status=in.%28OPEN%2CPARTIAL%2CTP1_HIT%2CPENDING%29 "HTTP/2 200 OK"
2026-08-09 00:47:27,007 | INFO | scripts.run_trade_updates | Active/pending trades count: 0
2026-08-09 00:47:27,007 | INFO | scripts.run_trade_updates | \u0644\u0627 \u062a\u0648\u062c\u062f \u0635\u0641\u0642\u0627\u062a \u0645\u0641\u062a\u0648\u062d\u0629 \u0623\u0648 \u0623\u0648\u0627\u0645\u0631 \u0645\u0639\u0644\u0642\u0629 — skipping \u062a\u062d\u062f\u064a\u062b \u0627\u0644\u0635\u0641\u0642\u0627\u062a \u0628\u062f\u0648\u0646 Telegram \u0648\u0628\u062f\u0648\u0646 \u062c\u0644\u0628 \u0633\u0639\u0631.
2026-08-09 00:52:27,020 | INFO | scripts.run_trade_updates | Starting trade updates: 2026-08-09T00:52:27.020916+00:00
2026-08-09 00:52:27,020 | INFO | scripts.run_trade_updates | \U0001f50d Session: \u062e\u0627\u0631\u062c Session | Quality: NONE | Allowed: False
2026-08-09 00:52:27,020 | INFO | scripts.run_trade_updates | \u2139\ufe0f Outside normal update hours, but continuing due to update_outside_trading_hours or FORCE_TRADE_UPDATE
2026-08-09 00:52:27,249 | INFO | DatabaseService | Database connected: Supabase
2026-08-09 00:52:28,313 | INFO | httpx | HTTP Request: GET https://trsmuzekxmpqtvxdkxwe.supabase.co/rest/v1/trades_demo?select=%2A&status=in.%28OPEN%2CPARTIAL%2CTP1_HIT%2CPENDING%29 "HTTP/2 200 OK"
2026-08-09 00:52:28,313 | INFO | scripts.run_trade_updates | Active/pending trades count: 0
2026-08-09 00:52:28,313 | INFO | scripts.run_trade_updates | \u0644\u0627 \u062a\u0648\u062c\u062f \u0635\u0641\u0642\u0627\u062a \u0645\u0641\u062a\u0648\u062d\u0629 \u0623\u0648 \u0623\u0648\u0627\u0645\u0631 \u0645\u0639\u0644\u0642\u0629 — skipping \u062a\u062d\u062f\u064a\u062b \u0627\u0644\u0635\u0641\u0642\u0627\u062a \u0628\u062f\u0648\u0646 Telegram \u0648\u0628\u062f\u0648\u0646 \u062c\u0644\u0628 \u0633\u0639\u0631.
2026-08-09 00:57:28,318 | INFO | scripts.run_trade_updates | Starting trade updates: 2026-08-09T00:57:28.318622+00:00
2026-08-09 00:57:28,318 | INFO | scripts.run_trade_updates | \U0001f50d Session: \u062e\u0627\u0631\u062c Session | Quality: NONE | Allowed: False
2026-08-09 00:57:28,318 | INFO | scripts.run_trade_updates | \u2139\ufe0f Outside normal update hours, but continuing due to update_outside_trading_hours or FORCE_TRADE_UPDATE
2026-08-09 00:57:28,574 | INFO | DatabaseService | Database connected: Supabase
2026-08-09 00:57:29,591 | INFO | httpx | HTTP Request: GET https://trsmuzekxmpqtvxdkxwe.supabase.co/rest/v1/trades_demo?select=%2A&status=in.%28OPEN%2CPARTIAL%2CTP1_HIT%2CPENDING%29 "HTTP/2 200 OK"
2026-08-09 00:57:29,591 | INFO | scripts.run_trade_updates | Active/pending trades count: 0
2026-08-09 00:57:29,591 | INFO | scripts.run_trade_updates | \u0644\u0627 \u062a\u0648\u062c\u062f \u0635\u0641\u0642\u0627\u062a \u0645\u0641\u062a\u0648\u062d\u0629 \u0623\u0648 \u0623\u0648\u0627\u0645\u0631 \u0645\u0639\u0644\u0642\u0629 — skipping \u062a\u062d\u062f\u064a\u062b \u0627\u0644\u0635\u0641\u0642\u0627\u062a \u0628\u062f\u0648\u0646 Telegram \u0648\u0628\u062f\u0648\u0646 \u062c\u0644\u0628 \u0633\u0639\u0631.
2026-08-09 01:02:29,605 | INFO | scripts.run_trade_updates | Starting trade updates: 2026-08-09T01:02:29.605351+00:00
2026-08-09 01:02:29,605 | INFO | scripts.run_trade_updates | \U0001f50d Session: \u062e\u0627\u0631\u062c Session | Quality: NONE | Allowed: False
2026-08-09 01:02:29,605 | INFO | scripts.run_trade_updates | \u2139\ufe0f Outside normal update hours, but continuing due to update_outside_trading_hours or FORCE_TRADE_UPDATE
2026-08-09 01:02:29,834 | INFO | DatabaseService | Database connected: Supabase
2026-08-09 01:02:30,851 | INFO | httpx | HTTP Request: GET https://trsmuzekxmpqtvxdkxwe.supabase.co/rest/v1/trades_demo?select=%2A&status=in.%28OPEN%2CPARTIAL%2CTP1_HIT%2CPENDING%29 "HTTP/2 200 OK"
2026-08-09 01:02:30,851 | INFO | scripts.run_trade_updates | Active/pending trades count: 0
2026-08-09 01:02:30,851 | INFO | scripts.run_trade_updates | \u0644\u0627 \u062a\u0648\u062c\u062f \u0635\u0641\u0642\u0627\u062a \u0645\u0641\u062a\u0648\u062d\u0629 \u0623\u0648 \u0623\u0648\u0627\u0645\u0631 \u0645\u0639\u0644\u0642\u0629 — skipping \u062a\u062d\u062f\u064a\u062b \u0627\u0644\u0635\u0641\u0642\u0627\u062a \u0628\u062f\u0648\u0646 Telegram \u0648\u0628\u062f\u0648\u0646 \u062c\u0644\u0628 \u0633\u0639\u0631.
2026-08-09 01:07:30,866 | INFO | scripts.run_trade_updates | Starting trade updates: 2026-08-09T01:07:30.866970+00:00
2026-08-09 01:07:30,866 | INFO | scripts.run_trade_updates | \U0001f50d Session: \u062e\u0627\u0631\u062c Session | Quality: NONE | Allowed: False
2026-08-09 01:07:30,866 | INFO | scripts.run_trade_updates | \u2139\ufe0f Outside normal update hours, but continuing due to update_outside_trading_hours or FORCE_TRADE_UPDATE
2026-08-09 01:07:31,066 | INFO | DatabaseService | Database connected: Supabase
2026-08-09 01:07:32,066 | INFO | httpx | HTTP Request: GET https://trsmuzekxmpqtvxdkxwe.supabase.co/rest/v1/trades_demo?select=%2A&status=in.%28OPEN%2CPARTIAL%2CTP1_HIT%2CPENDING%29 "HTTP/2 200 OK"
2026-08-09 01:07:32,066 | INFO | scripts.run_trade_updates | Active/pending trades count: 0
2026-08-09 01:07:32,066 | INFO | scripts.run_trade_updates | \u0644\u0627 \u062a\u0648\u062c\u062f \u0635\u0641\u0642\u0627\u062a \u0645\u0641\u062a\u0648\u062d\u0629 \u0623\u0648 \u0623\u0648\u0627\u0645\u0631 \u0645\u0639\u0644\u0642\u0629 — skipping \u062a\u062d\u062f\u064a\u062b \u0627\u0644\u0635\u0641\u0642\u0627\u062a \u0628\u062f\u0648\u0646 Telegram \u0648\u0628\u062f\u0648\u0646 \u062c\u0644\u0628 \u0633\u0639\u0631.
2026-08-09 01:12:32,073 | INFO | scripts.run_trade_updates | Starting trade updates: 2026-08-09T01:12:32.073051+00:00
2026-08-09 01:12:32,075 | INFO | scripts.run_trade_updates | \U0001f50d Session: \u062e\u0627\u0631\u062c Session | Quality: NONE | Allowed: False
2026-08-09 01:12:32,075 | INFO | scripts.run_trade_updates | \u2139\ufe0f Outside normal update hours, but continuing due to update_outside_trading_hours or FORCE_TRADE_UPDATE
2026-08-09 01:12:32,261 | INFO | DatabaseService | Database connected: Supabase
2026-08-09 01:12:33,200 | INFO | httpx | HTTP Request: GET https://trsmuzekxmpqtvxdkxwe.supabase.co/rest/v1/trades_demo?select=%2A&status=in.%28OPEN%2CPARTIAL%2CTP1_HIT%2CPENDING%29 "HTTP/2 200 OK"
2026-08-09 01:12:33,215 | INFO | scripts.run_trade_updates | Active/pending trades count: 0
2026-08-09 01:12:33,215 | INFO | scripts.run_trade_updates | \u0644\u0627 \u062a\u0648\u062c\u062f \u0635\u0641\u0642\u0627\u062a \u0645\u0641\u062a\u0648\u062d\u0629 \u0623\u0648 \u0623\u0648\u0627\u0645\u0631 \u0645\u0639\u0644\u0642\u0629 — skipping \u062a\u062d\u062f\u064a\u062b \u0627\u0644\u0635\u0641\u0642\u0627\u062a \u0628\u062f\u0648\u0646 Telegram \u0648\u0628\u062f\u0648\u0646 \u062c\u0644\u0628 \u0633\u0639\u0631.
2026-08-09 01:17:33,217 | INFO | scripts.run_trade_updates | Starting trade updates: 2026-08-09T01:17:33.217137+00:00
2026-08-09 01:17:33,217 | INFO | scripts.run_trade_updates | \U0001f50d Session: \u062e\u0627\u0631\u062c Session | Quality: NONE | Allowed: False
2026-08-09 01:17:33,217 | INFO | scripts.run_trade_updates | \u2139\ufe0f Outside normal update hours, but continuing due to update_outside_trading_hours or FORCE_TRADE_UPDATE
2026-08-09 01:17:33,494 | INFO | DatabaseService | Database connected: Supabase
2026-08-09 01:17:34,511 | INFO | httpx | HTTP Request: GET https://trsmuzekxmpqtvxdkxwe.supabase.co/rest/v1/trades_demo?select=%2A&status=in.%28OPEN%2CPARTIAL%2CTP1_HIT%2CPENDING%29 "HTTP/2 200 OK"
2026-08-09 01:17:34,511 | INFO | scripts.run_trade_updates | Active/pending trades count: 0
2026-08-09 01:17:34,511 | INFO | scripts.run_trade_updates | \u0644\u0627 \u062a\u0648\u062c\u062f \u0635\u0641\u0642\u0627\u062a \u0645\u0641\u062a\u0648\u062d\u0629 \u0623\u0648 \u0623\u0648\u0627\u0645\u0631 \u0645\u0639\u0644\u0642\u0629 — skipping \u062a\u062d\u062f\u064a\u062b \u0627\u0644\u0635\u0641\u0642\u0627\u062a \u0628\u062f\u0648\u0646 Telegram \u0648\u0628\u062f\u0648\u0646 \u062c\u0644\u0628 \u0633\u0639\u0631.
2026-08-09 01:22:34,514 | INFO | scripts.run_trade_updates | Starting trade updates: 2026-08-09T01:22:34.514408+00:00
2026-08-09 01:22:34,514 | INFO | scripts.run_trade_updates | \U0001f50d Session: \u062e\u0627\u0631\u062c Session | Quality: NONE | Allowed: False
2026-08-09 01:22:34,517 | INFO | scripts.run_trade_updates | \u2139\ufe0f Outside normal update hours, but continuing due to update_outside_trading_hours or FORCE_TRADE_UPDATE
2026-08-09 01:22:34,722 | INFO | DatabaseService | Database connected: Supabase
2026-08-09 01:22:35,723 | INFO | httpx | HTTP Request: GET https://trsmuzekxmpqtvxdkxwe.supabase.co/rest/v1/trades_demo?select=%2A&status=in.%28OPEN%2CPARTIAL%2CTP1_HIT%2CPENDING%29 "HTTP/2 200 OK"
2026-08-09 01:22:35,723 | INFO | scripts.run_trade_updates | Active/pending trades count: 0
2026-08-09 01:22:35,723 | INFO | scripts.run_trade_updates | \u0644\u0627 \u062a\u0648\u062c\u062f \u0635\u0641\u0642\u0627\u062a \u0645\u0641\u062a\u0648\u062d\u0629 \u0623\u0648 \u0623\u0648\u0627\u0645\u0631 \u0645\u0639\u0644\u0642\u0629 — skipping \u062a\u062d\u062f\u064a\u062b \u0627\u0644\u0635\u0641\u0642\u0627\u062a \u0628\u062f\u0648\u0646 Telegram \u0648\u0628\u062f\u0648\u0646 \u062c\u0644\u0628 \u0633\u0639\u0631.
2026-08-09 01:27:35,737 | INFO | scripts.run_trade_updates | Starting trade updates: 2026-08-09T01:27:35.737946+00:00
2026-08-09 01:27:35,737 | INFO | scripts.run_trade_updates | \U0001f50d Session: \u062e\u0627\u0631\u062c Session | Quality: NONE | Allowed: False
2026-08-09 01:27:35,737 | INFO | scripts.run_trade_updates | \u2139\ufe0f Outside normal update hours, but continuing due to update_outside_trading_hours or FORCE_TRADE_UPDATE
2026-08-09 01:27:36,002 | INFO | DatabaseService | Database connected: Supabase
2026-08-09 01:27:37,003 | INFO | httpx | HTTP Request: GET https://trsmuzekxmpqtvxdkxwe.supabase.co/rest/v1/trades_demo?select=%2A&status=in.%28OPEN%2CPARTIAL%2CTP1_HIT%2CPENDING%29 "HTTP/2 200 OK"
2026-08-09 01:27:37,003 | INFO | scripts.run_trade_updates | Active/pending trades count: 0
2026-08-09 01:27:37,003 | INFO | scripts.run_trade_updates | \u0644\u0627 \u062a\u0648\u062c\u062f \u0635\u0641\u0642\u0627\u062a \u0645\u0641\u062a\u0648\u062d\u0629 \u0623\u0648 \u0623\u0648\u0627\u0645\u0631 \u0645\u0639\u0644\u0642\u0629 — skipping \u062a\u062d\u062f\u064a\u062b \u0627\u0644\u0635\u0641\u0642\u0627\u062a \u0628\u062f\u0648\u0646 Telegram \u0648\u0628\u062f\u0648\u0646 \u062c\u0644\u0628 \u0633\u0639\u0631.
2026-08-09 01:32:37,015 | INFO | scripts.run_trade_updates | Starting trade updates: 2026-08-09T01:32:37.015810+00:00
2026-08-09 01:32:37,015 | INFO | scripts.run_trade_updates | \U0001f50d Session: \u062e\u0627\u0631\u062c Session | Quality: NONE | Allowed: False
2026-08-09 01:32:37,015 | INFO | scripts.run_trade_updates | \u2139\ufe0f Outside normal update hours, but continuing due to update_outside_trading_hours or FORCE_TRADE_UPDATE
2026-08-09 01:32:37,230 | INFO | DatabaseService | Database connected: Supabase
2026-08-09 01:32:38,184 | INFO | httpx | HTTP Request: GET https://trsmuzekxmpqtvxdkxwe.supabase.co/rest/v1/trades_demo?select=%2A&status=in.%28OPEN%2CPARTIAL%2CTP1_HIT%2CPENDING%29 "HTTP/2 200 OK"
2026-08-09 01:32:38,184 | INFO | scripts.run_trade_updates | Active/pending trades count: 0
2026-08-09 01:32:38,184 | INFO | scripts.run_trade_updates | \u0644\u0627 \u062a\u0648\u062c\u062f \u0635\u0641\u0642\u0627\u062a \u0645\u0641\u062a\u0648\u062d\u0629 \u0623\u0648 \u0623\u0648\u0627\u0645\u0631 \u0645\u0639\u0644\u0642\u0629 — skipping \u062a\u062d\u062f\u064a\u062b \u0627\u0644\u0635\u0641\u0642\u0627\u062a \u0628\u062f\u0648\u0646 Telegram \u0648\u0628\u062f\u0648\u0646 \u062c\u0644\u0628 \u0633\u0639\u0631.
2026-08-09 01:37:38,196 | INFO | scripts.run_trade_updates | Starting trade updates: 2026-08-09T01:37:38.196725+00:00
2026-08-09 01:37:38,201 | INFO | scripts.run_trade_updates | \U0001f50d Session: \u062e\u0627\u0631\u062c Session | Quality: NONE | Allowed: False
2026-08-09 01:37:38,201 | INFO | scripts.run_trade_updates | \u2139\ufe0f Outside normal update hours, but continuing due to update_outside_trading_hours or FORCE_TRADE_UPDATE
2026-08-09 01:37:38,452 | INFO | DatabaseService | Database connected: Supabase
2026-08-09 01:37:39,468 | INFO | httpx | HTTP Request: GET https://trsmuzekxmpqtvxdkxwe.supabase.co/rest/v1/trades_demo?select=%2A&status=in.%28OPEN%2CPARTIAL%2CTP1_HIT%2CPENDING%29 "HTTP/2 200 OK"
2026-08-09 01:37:39,468 | INFO | scripts.run_trade_updates | Active/pending trades count: 0
2026-08-09 01:37:39,468 | INFO | scripts.run_trade_updates | \u0644\u0627 \u062a\u0648\u062c\u062f \u0635\u0641\u0642\u0627\u062a \u0645\u0641\u062a\u0648\u062d\u0629 \u0623\u0648 \u0623\u0648\u0627\u0645\u0631 \u0645\u0639\u0644\u0642\u0629 — skipping \u062a\u062d\u062f\u064a\u062b \u0627\u0644\u0635\u0641\u0642\u0627\u062a \u0628\u062f\u0648\u0646 Telegram \u0648\u0628\u062f\u0648\u0646 \u062c\u0644\u0628 \u0633\u0639\u0631.
2026-08-09 01:42:39,471 | INFO | scripts.run_trade_updates | Starting trade updates: 2026-08-09T01:42:39.471614+00:00
2026-08-09 01:42:39,471 | INFO | scripts.run_trade_updates | \U0001f50d Session: \u062e\u0627\u0631\u062c Session | Quality: NONE | Allowed: False
2026-08-09 01:42:39,471 | INFO | scripts.run_trade_updates | \u2139\ufe0f Outside normal update hours, but continuing due to update_outside_trading_hours or FORCE_TRADE_UPDATE
2026-08-09 01:42:39,671 | INFO | DatabaseService | Database connected: Supabase
2026-08-09 01:42:40,734 | INFO | httpx | HTTP Request: GET https://trsmuzekxmpqtvxdkxwe.supabase.co/rest/v1/trades_demo?select=%2A&status=in.%28OPEN%2CPARTIAL%2CTP1_HIT%2CPENDING%29 "HTTP/2 200 OK"
2026-08-09 01:42:40,734 | INFO | scripts.run_trade_updates | Active/pending trades count: 0
2026-08-09 01:42:40,734 | INFO | scripts.run_trade_updates | \u0644\u0627 \u062a\u0648\u062c\u062f \u0635\u0641\u0642\u0627\u062a \u0645\u0641\u062a\u0648\u062d\u0629 \u0623\u0648 \u0623\u0648\u0627\u0645\u0631 \u0645\u0639\u0644\u0642\u0629 — skipping \u062a\u062d\u062f\u064a\u062b \u0627\u0644\u0635\u0641\u0642\u0627\u062a \u0628\u062f\u0648\u0646 Telegram \u0648\u0628\u062f\u0648\u0646 \u062c\u0644\u0628 \u0633\u0639\u0631.
2026-08-09 01:47:40,744 | INFO | scripts.run_trade_updates | Starting trade updates: 2026-08-09T01:47:40.744634+00:00
2026-08-09 01:47:40,744 | INFO | scripts.run_trade_updates | \U0001f50d Session: \u062e\u0627\u0631\u062c Session | Quality: NONE | Allowed: False
2026-08-09 01:47:40,744 | INFO | scripts.run_trade_updates | \u2139\ufe0f Outside normal update hours, but continuing due to update_outside_trading_hours or FORCE_TRADE_UPDATE
2026-08-09 01:47:40,978 | INFO | DatabaseService | Database connected: Supabase
2026-08-09 01:47:41,509 | INFO | httpx | HTTP Request: GET https://trsmuzekxmpqtvxdkxwe.supabase.co/rest/v1/trades_demo?select=%2A&status=in.%28OPEN%2CPARTIAL%2CTP1_HIT%2CPENDING%29 "HTTP/2 200 OK"
2026-08-09 01:47:41,509 | INFO | scripts.run_trade_updates | Active/pending trades count: 0
2026-08-09 01:47:41,509 | INFO | scripts.run_trade_updates | \u0644\u0627 \u062a\u0648\u062c\u062f \u0635\u0641\u0642\u0627\u062a \u0645\u0641\u062a\u0648\u062d\u0629 \u0623\u0648 \u0623\u0648\u0627\u0645\u0631 \u0645\u0639\u0644\u0642\u0629 — skipping \u062a\u062d\u062f\u064a\u062b \u0627\u0644\u0635\u0641\u0642\u0627\u062a \u0628\u062f\u0648\u0646 Telegram \u0648\u0628\u062f\u0648\u0646 \u062c\u0644\u0628 \u0633\u0639\u0631.
2026-08-09 01:52:41,518 | INFO | scripts.run_trade_updates | Starting trade updates: 2026-08-09T01:52:41.518472+00:00
2026-08-09 01:52:41,518 | INFO | scripts.run_trade_updates | \U0001f50d Session: \u062e\u0627\u0631\u062c Session | Quality: NONE | Allowed: False
2026-08-09 01:52:41,518 | INFO | scripts.run_trade_updates | \u2139\ufe0f Outside normal update hours, but continuing due to update_outside_trading_hours or FORCE_TRADE_UPDATE
2026-08-09 01:52:41,775 | INFO | DatabaseService | Database connected: Supabase
2026-08-09 01:52:42,306 | INFO | httpx | HTTP Request: GET https://trsmuzekxmpqtvxdkxwe.supabase.co/rest/v1/trades_demo?select=%2A&status=in.%28OPEN%2CPARTIAL%2CTP1_HIT%2CPENDING%29 "HTTP/2 200 OK"
2026-08-09 01:52:42,306 | INFO | scripts.run_trade_updates | Active/pending trades count: 0
2026-08-09 01:52:42,306 | INFO | scripts.run_trade_updates | \u0644\u0627 \u062a\u0648\u062c\u062f \u0635\u0641\u0642\u0627\u062a \u0645\u0641\u062a\u0648\u062d\u0629 \u0623\u0648 \u0623\u0648\u0627\u0645\u0631 \u0645\u0639\u0644\u0642\u0629 — skipping \u062a\u062d\u062f\u064a\u062b \u0627\u0644\u0635\u0641\u0642\u0627\u062a \u0628\u062f\u0648\u0646 Telegram \u0648\u0628\u062f\u0648\u0646 \u062c\u0644\u0628 \u0633\u0639\u0631.
2026-08-09 01:57:42,323 | INFO | scripts.run_trade_updates | Starting trade updates: 2026-08-09T01:57:42.323066+00:00
2026-08-09 01:57:42,323 | INFO | scripts.run_trade_updates | \U0001f50d Session: \u062e\u0627\u0631\u062c Session | Quality: NONE | Allowed: False
2026-08-09 01:57:42,323 | INFO | scripts.run_trade_updates | \u2139\ufe0f Outside normal update hours, but continuing due to update_outside_trading_hours or FORCE_TRADE_UPDATE
2026-08-09 01:57:42,538 | INFO | DatabaseService | Database connected: Supabase
2026-08-09 01:57:43,539 | INFO | httpx | HTTP Request: GET https://trsmuzekxmpqtvxdkxwe.supabase.co/rest/v1/trades_demo?select=%2A&status=in.%28OPEN%2CPARTIAL%2CTP1_HIT%2CPENDING%29 "HTTP/2 200 OK"
2026-08-09 01:57:43,539 | INFO | scripts.run_trade_updates | Active/pending trades count: 0
2026-08-09 01:57:43,539 | INFO | scripts.run_trade_updates | \u0644\u0627 \u062a\u0648\u062c\u062f \u0635\u0641\u0642\u0627\u062a \u0645\u0641\u062a\u0648\u062d\u0629 \u0623\u0648 \u0623\u0648\u0627\u0645\u0631 \u0645\u0639\u0644\u0642\u0629 — skipping \u062a\u062d\u062f\u064a\u062b \u0627\u0644\u0635\u0641\u0642\u0627\u062a \u0628\u062f\u0648\u0646 Telegram \u0648\u0628\u062f\u0648\u0646 \u062c\u0644\u0628 \u0633\u0639\u0631.
2026-08-09 02:02:43,542 | INFO | scripts.run_trade_updates | Starting trade updates: 2026-08-09T02:02:43.542929+00:00
2026-08-09 02:02:43,542 | INFO | scripts.run_trade_updates | \U0001f50d Session: \u062e\u0627\u0631\u062c Session | Quality: NONE | Allowed: False
2026-08-09 02:02:43,542 | INFO | scripts.run_trade_updates | \u2139\ufe0f Outside normal update hours, but continuing due to update_outside_trading_hours or FORCE_TRADE_UPDATE
2026-08-09 02:02:43,755 | INFO | DatabaseService | Database connected: Supabase
2026-08-09 02:02:44,693 | INFO | httpx | HTTP Request: GET https://trsmuzekxmpqtvxdkxwe.supabase.co/rest/v1/trades_demo?select=%2A&status=in.%28OPEN%2CPARTIAL%2CTP1_HIT%2CPENDING%29 "HTTP/2 200 OK"
2026-08-09 02:02:44,693 | INFO | scripts.run_trade_updates | Active/pending trades count: 0
2026-08-09 02:02:44,693 | INFO | scripts.run_trade_updates | \u0644\u0627 \u062a\u0648\u062c\u062f \u0635\u0641\u0642\u0627\u062a \u0645\u0641\u062a\u0648\u062d\u0629 \u0623\u0648 \u0623\u0648\u0627\u0645\u0631 \u0645\u0639\u0644\u0642\u0629 — skipping \u062a\u062d\u062f\u064a\u062b \u0627\u0644\u0635\u0641\u0642\u0627\u062a \u0628\u062f\u0648\u0646 Telegram \u0648\u0628\u062f\u0648\u0646 \u062c\u0644\u0628 \u0633\u0639\u0631.
2026-08-09 02:07:44,709 | INFO | scripts.run_trade_updates | Starting trade updates: 2026-08-09T02:07:44.709983+00:00
2026-08-09 02:07:44,709 | INFO | scripts.run_trade_updates | \U0001f50d Session: \u062e\u0627\u0631\u062c Session | Quality: NONE | Allowed: False
2026-08-09 02:07:44,709 | INFO | scripts.run_trade_updates | \u2139\ufe0f Outside normal update hours, but continuing due to update_outside_trading_hours or FORCE_TRADE_UPDATE
2026-08-09 02:07:44,936 | INFO | DatabaseService | Database connected: Supabase
2026-08-09 02:07:45,985 | INFO | httpx | HTTP Request: GET https://trsmuzekxmpqtvxdkxwe.supabase.co/rest/v1/trades_demo?select=%2A&status=in.%28OPEN%2CPARTIAL%2CTP1_HIT%2CPENDING%29 "HTTP/2 200 OK"
2026-08-09 02:07:45,985 | INFO | scripts.run_trade_updates | Active/pending trades count: 0
2026-08-09 02:07:45,985 | INFO | scripts.run_trade_updates | \u0644\u0627 \u062a\u0648\u062c\u062f \u0635\u0641\u0642\u0627\u062a \u0645\u0641\u062a\u0648\u062d\u0629 \u0623\u0648 \u0623\u0648\u0627\u0645\u0631 \u0645\u0639\u0644\u0642\u0629 — skipping \u062a\u062d\u062f\u064a\u062b \u0627\u0644\u0635\u0641\u0642\u0627\u062a \u0628\u062f\u0648\u0646 Telegram \u0648\u0628\u062f\u0648\u0646 \u062c\u0644\u0628 \u0633\u0639\u0631.
2026-08-09 02:12:45,989 | INFO | scripts.run_trade_updates | Starting trade updates: 2026-08-09T02:12:45.989891+00:00
2026-08-09 02:12:45,989 | INFO | scripts.run_trade_updates | \U0001f50d Session: \u062e\u0627\u0631\u062c Session | Quality: NONE | Allowed: False
2026-08-09 02:12:45,989 | INFO | scripts.run_trade_updates | \u2139\ufe0f Outside normal update hours, but continuing due to update_outside_trading_hours or FORCE_TRADE_UPDATE
2026-08-09 02:12:46,227 | INFO | DatabaseService | Database connected: Supabase
2026-08-09 02:12:47,228 | INFO | httpx | HTTP Request: GET https://trsmuzekxmpqtvxdkxwe.supabase.co/rest/v1/trades_demo?select=%2A&status=in.%28OPEN%2CPARTIAL%2CTP1_HIT%2CPENDING%29 "HTTP/2 200 OK"
2026-08-09 02:12:47,228 | INFO | scripts.run_trade_updates | Active/pending trades count: 0
2026-08-09 02:12:47,228 | INFO | scripts.run_trade_updates | \u0644\u0627 \u062a\u0648\u062c\u062f \u0635\u0641\u0642\u0627\u062a \u0645\u0641\u062a\u0648\u062d\u0629 \u0623\u0648 \u0623\u0648\u0627\u0645\u0631 \u0645\u0639\u0644\u0642\u0629 — skipping \u062a\u062d\u062f\u064a\u062b \u0627\u0644\u0635\u0641\u0642\u0627\u062a \u0628\u062f\u0648\u0646 Telegram \u0648\u0628\u062f\u0648\u0646 \u062c\u0644\u0628 \u0633\u0639\u0631.
2026-08-09 02:17:47,239 | INFO | scripts.run_trade_updates | Starting trade updates: 2026-08-09T02:17:47.239929+00:00
2026-08-09 02:17:47,239 | INFO | scripts.run_trade_updates | \U0001f50d Session: \u062e\u0627\u0631\u062c Session | Quality: NONE | Allowed: False
2026-08-09 02:17:47,239 | INFO | scripts.run_trade_updates | \u2139\ufe0f Outside normal update hours, but continuing due to update_outside_trading_hours or FORCE_TRADE_UPDATE
2026-08-09 02:17:47,458 | INFO | DatabaseService | Database connected: Supabase
2026-08-09 02:17:48,099 | INFO | httpx | HTTP Request: GET https://trsmuzekxmpqtvxdkxwe.supabase.co/rest/v1/trades_demo?select=%2A&status=in.%28OPEN%2CPARTIAL%2CTP1_HIT%2CPENDING%29 "HTTP/2 200 OK"
2026-08-09 02:17:48,099 | INFO | scripts.run_trade_updates | Active/pending trades count: 0
2026-08-09 02:17:48,099 | INFO | scripts.run_trade_updates | \u0644\u0627 \u062a\u0648\u062c\u062f \u0635\u0641\u0642\u0627\u062a \u0645\u0641\u062a\u0648\u062d\u0629 \u0623\u0648 \u0623\u0648\u0627\u0645\u0631 \u0645\u0639\u0644\u0642\u0629 — skipping \u062a\u062d\u062f\u064a\u062b \u0627\u0644\u0635\u0641\u0642\u0627\u062a \u0628\u062f\u0648\u0646 Telegram \u0648\u0628\u062f\u0648\u0646 \u062c\u0644\u0628 \u0633\u0639\u0631.
2026-08-09 02:22:48,116 | INFO | scripts.run_trade_updates | Starting trade updates: 2026-08-09T02:22:48.116050+00:00
2026-08-09 02:22:48,116 | INFO | scripts.run_trade_updates | \U0001f50d Session: \u062e\u0627\u0631\u062c Session | Quality: NONE | Allowed: False
2026-08-09 02:22:48,116 | INFO | scripts.run_trade_updates | \u2139\ufe0f Outside normal update hours, but continuing due to update_outside_trading_hours or FORCE_TRADE_UPDATE
2026-08-09 02:22:48,627 | INFO | DatabaseService | Database connected: Supabase
2026-08-09 02:22:49,168 | INFO | httpx | HTTP Request: GET https://trsmuzekxmpqtvxdkxwe.supabase.co/rest/v1/trades_demo?select=%2A&status=in.%28OPEN%2CPARTIAL%2CTP1_HIT%2CPENDING%29 "HTTP/2 200 OK"
2026-08-09 02:22:49,175 | INFO | scripts.run_trade_updates | Active/pending trades count: 0
2026-08-09 02:22:49,175 | INFO | scripts.run_trade_updates | \u0644\u0627 \u062a\u0648\u062c\u062f \u0635\u0641\u0642\u0627\u062a \u0645\u0641\u062a\u0648\u062d\u0629 \u0623\u0648 \u0623\u0648\u0627\u0645\u0631 \u0645\u0639\u0644\u0642\u0629 — skipping \u062a\u062d\u062f\u064a\u062b \u0627\u0644\u0635\u0641\u0642\u0627\u062a \u0628\u062f\u0648\u0646 Telegram \u0648\u0628\u062f\u0648\u0646 \u062c\u0644\u0628 \u0633\u0639\u0631.
2026-08-09 02:27:49,180 | INFO | scripts.run_trade_updates | Starting trade updates: 2026-08-09T02:27:49.180034+00:00
2026-08-09 02:27:49,180 | INFO | scripts.run_trade_updates | \U0001f50d Session: \u062e\u0627\u0631\u062c Session | Quality: NONE | Allowed: False
2026-08-09 02:27:49,180 | INFO | scripts.run_trade_updates | \u2139\ufe0f Outside normal update hours, but continuing due to update_outside_trading_hours or FORCE_TRADE_UPDATE
2026-08-09 02:27:49,395 | INFO | DatabaseService | Database connected: Supabase
2026-08-09 02:27:50,366 | INFO | httpx | HTTP Request: GET https://trsmuzekxmpqtvxdkxwe.supabase.co/rest/v1/trades_demo?select=%2A&status=in.%28OPEN%2CPARTIAL%2CTP1_HIT%2CPENDING%29 "HTTP/2 200 OK"
2026-08-09 02:27:50,366 | INFO | scripts.run_trade_updates | Active/pending trades count: 0
2026-08-09 02:27:50,366 | INFO | scripts.run_trade_updates | \u0644\u0627 \u062a\u0648\u062c\u062f \u0635\u0641\u0642\u0627\u062a \u0645\u0641\u062a\u0648\u062d\u0629 \u0623\u0648 \u0623\u0648\u0627\u0645\u0631 \u0645\u0639\u0644\u0642\u0629 — skipping \u062a\u062d\u062f\u064a\u062b \u0627\u0644\u0635\u0641\u0642\u0627\u062a \u0628\u062f\u0648\u0646 Telegram \u0648\u0628\u062f\u0648\u0646 \u062c\u0644\u0628 \u0633\u0639\u0631.
2026-08-09 02:32:50,375 | INFO | scripts.run_trade_updates | Starting trade updates: 2026-08-09T02:32:50.375397+00:00
2026-08-09 02:32:50,375 | INFO | scripts.run_trade_updates | \U0001f50d Session: \u062e\u0627\u0631\u062c Session | Quality: NONE | Allowed: False
2026-08-09 02:32:50,375 | INFO | scripts.run_trade_updates | \u2139\ufe0f Outside normal update hours, but continuing due to update_outside_trading_hours or FORCE_TRADE_UPDATE
2026-08-09 02:32:50,584 | INFO | DatabaseService | Database connected: Supabase
2026-08-09 02:32:51,600 | INFO | httpx | HTTP Request: GET https://trsmuzekxmpqtvxdkxwe.supabase.co/rest/v1/trades_demo?select=%2A&status=in.%28OPEN%2CPARTIAL%2CTP1_HIT%2CPENDING%29 "HTTP/2 200 OK"
2026-08-09 02:32:51,600 | INFO | scripts.run_trade_updates | Active/pending trades count: 0
2026-08-09 02:32:51,600 | INFO | scripts.run_trade_updates | \u0644\u0627 \u062a\u0648\u062c\u062f \u0635\u0641\u0642\u0627\u062a \u0645\u0641\u062a\u0648\u062d\u0629 \u0623\u0648 \u0623\u0648\u0627\u0645\u0631 \u0645\u0639\u0644\u0642\u0629 — skipping \u062a\u062d\u062f\u064a\u062b \u0627\u0644\u0635\u0641\u0642\u0627\u062a \u0628\u062f\u0648\u0646 Telegram \u0648\u0628\u062f\u0648\u0646 \u062c\u0644\u0628 \u0633\u0639\u0631.
2026-08-09 02:37:51,603 | INFO | scripts.run_trade_updates | Starting trade updates: 2026-08-09T02:37:51.603248+00:00
2026-08-09 02:37:51,603 | INFO | scripts.run_trade_updates | \U0001f50d Session: \u062e\u0627\u0631\u062c Session | Quality: NONE | Allowed: False
2026-08-09 02:37:51,603 | INFO | scripts.run_trade_updates | \u2139\ufe0f Outside normal update hours, but continuing due to update_outside_trading_hours or FORCE_TRADE_UPDATE
2026-08-09 02:37:51,849 | INFO | DatabaseService | Database connected: Supabase
2026-08-09 02:37:52,850 | INFO | httpx | HTTP Request: GET https://trsmuzekxmpqtvxdkxwe.supabase.co/rest/v1/trades_demo?select=%2A&status=in.%28OPEN%2CPARTIAL%2CTP1_HIT%2CPENDING%29 "HTTP/2 200 OK"
2026-08-09 02:37:52,850 | INFO | scripts.run_trade_updates | Active/pending trades count: 0
2026-08-09 02:37:52,850 | INFO | scripts.run_trade_updates | \u0644\u0627 \u062a\u0648\u062c\u062f \u0635\u0641\u0642\u0627\u062a \u0645\u0641\u062a\u0648\u062d\u0629 \u0623\u0648 \u0623\u0648\u0627\u0645\u0631 \u0645\u0639\u0644\u0642\u0629 — skipping \u062a\u062d\u062f\u064a\u062b \u0627\u0644\u0635\u0641\u0642\u0627\u062a \u0628\u062f\u0648\u0646 Telegram \u0648\u0628\u062f\u0648\u0646 \u062c\u0644\u0628 \u0633\u0639\u0631.
2026-08-09 02:42:52,856 | INFO | scripts.run_trade_updates | Starting trade updates: 2026-08-09T02:42:52.856144+00:00
2026-08-09 02:42:52,856 | INFO | scripts.run_trade_updates | \U0001f50d Session: \u062e\u0627\u0631\u062c Session | Quality: NONE | Allowed: False
2026-08-09 02:42:52,856 | INFO | scripts.run_trade_updates | \u2139\ufe0f Outside normal update hours, but continuing due to update_outside_trading_hours or FORCE_TRADE_UPDATE
2026-08-09 02:42:53,090 | INFO | DatabaseService | Database connected: Supabase
2026-08-09 02:42:53,655 | INFO | httpx | HTTP Request: GET https://trsmuzekxmpqtvxdkxwe.supabase.co/rest/v1/trades_demo?select=%2A&status=in.%28OPEN%2CPARTIAL%2CTP1_HIT%2CPENDING%29 "HTTP/2 200 OK"
2026-08-09 02:42:53,655 | INFO | scripts.run_trade_updates | Active/pending trades count: 0
2026-08-09 02:42:53,655 | INFO | scripts.run_trade_updates | \u0644\u0627 \u062a\u0648\u062c\u062f \u0635\u0641\u0642\u0627\u062a \u0645\u0641\u062a\u0648\u062d\u0629 \u0623\u0648 \u0623\u0648\u0627\u0645\u0631 \u0645\u0639\u0644\u0642\u0629 — skipping \u062a\u062d\u062f\u064a\u062b \u0627\u0644\u0635\u0641\u0642\u0627\u062a \u0628\u062f\u0648\u0646 Telegram \u0648\u0628\u062f\u0648\u0646 \u062c\u0644\u0628 \u0633\u0639\u0631.
2026-08-09 02:47:53,661 | INFO | scripts.run_trade_updates | Starting trade updates: 2026-08-09T02:47:53.661124+00:00
2026-08-09 02:47:53,661 | INFO | scripts.run_trade_updates | \U0001f50d Session: \u062e\u0627\u0631\u062c Session | Quality: NONE | Allowed: False
2026-08-09 02:47:53,661 | INFO | scripts.run_trade_updates | \u2139\ufe0f Outside normal update hours, but continuing due to update_outside_trading_hours or FORCE_TRADE_UPDATE
2026-08-09 02:47:53,855 | INFO | DatabaseService | Database connected: Supabase
2026-08-09 02:47:54,809 | INFO | httpx | HTTP Request: GET https://trsmuzekxmpqtvxdkxwe.supabase.co/rest/v1/trades_demo?select=%2A&status=in.%28OPEN%2CPARTIAL%2CTP1_HIT%2CPENDING%29 "HTTP/2 200 OK"
2026-08-09 02:47:54,809 | INFO | scripts.run_trade_updates | Active/pending trades count: 0
2026-08-09 02:47:54,809 | INFO | scripts.run_trade_updates | \u0644\u0627 \u062a\u0648\u062c\u062f \u0635\u0641\u0642\u0627\u062a \u0645\u0641\u062a\u0648\u062d\u0629 \u0623\u0648 \u0623\u0648\u0627\u0645\u0631 \u0645\u0639\u0644\u0642\u0629 — skipping \u062a\u062d\u062f\u064a\u062b \u0627\u0644\u0635\u0641\u0642\u0627\u062a \u0628\u062f\u0648\u0646 Telegram \u0648\u0628\u062f\u0648\u0646 \u062c\u0644\u0628 \u0633\u0639\u0631.
2026-08-09 02:52:54,826 | INFO | scripts.run_trade_updates | Starting trade updates: 2026-08-09T02:52:54.826377+00:00
2026-08-09 02:52:54,826 | INFO | scripts.run_trade_updates | \U0001f50d Session: \u062e\u0627\u0631\u062c Session | Quality: NONE | Allowed: False
2026-08-09 02:52:54,826 | INFO | scripts.run_trade_updates | \u2139\ufe0f Outside normal update hours, but continuing due to update_outside_trading_hours or FORCE_TRADE_UPDATE
2026-08-09 02:52:55,036 | INFO | DatabaseService | Database connected: Supabase
2026-08-09 02:52:55,990 | INFO | httpx | HTTP Request: GET https://trsmuzekxmpqtvxdkxwe.supabase.co/rest/v1/trades_demo?select=%2A&status=in.%28OPEN%2CPARTIAL%2CTP1_HIT%2CPENDING%29 "HTTP/2 200 OK"
2026-08-09 02:52:55,990 | INFO | scripts.run_trade_updates | Active/pending trades count: 0
2026-08-09 02:52:55,990 | INFO | scripts.run_trade_updates | \u0644\u0627 \u062a\u0648\u062c\u062f \u0635\u0641\u0642\u0627\u062a \u0645\u0641\u062a\u0648\u062d\u0629 \u0623\u0648 \u0623\u0648\u0627\u0645\u0631 \u0645\u0639\u0644\u0642\u0629 — skipping \u062a\u062d\u062f\u064a\u062b \u0627\u0644\u0635\u0641\u0642\u0627\u062a \u0628\u062f\u0648\u0646 Telegram \u0648\u0628\u062f\u0648\u0646 \u062c\u0644\u0628 \u0633\u0639\u0631.
2026-08-09 02:57:56,006 | INFO | scripts.run_trade_updates | Starting trade updates: 2026-08-09T02:57:56.006594+00:00
2026-08-09 02:57:56,006 | INFO | scripts.run_trade_updates | \U0001f50d Session: \u062e\u0627\u0631\u062c Session | Quality: NONE | Allowed: False
2026-08-09 02:57:56,006 | INFO | scripts.run_trade_updates | \u2139\ufe0f Outside normal update hours, but continuing due to update_outside_trading_hours or FORCE_TRADE_UPDATE
2026-08-09 02:57:56,238 | INFO | DatabaseService | Database connected: Supabase
2026-08-09 02:57:56,770 | INFO | httpx | HTTP Request: GET https://trsmuzekxmpqtvxdkxwe.supabase.co/rest/v1/trades_demo?select=%2A&status=in.%28OPEN%2CPARTIAL%2CTP1_HIT%2CPENDING%29 "HTTP/2 200 OK"
2026-08-09 02:57:56,770 | INFO | scripts.run_trade_updates | Active/pending trades count: 0
2026-08-09 02:57:56,770 | INFO | scripts.run_trade_updates | \u0644\u0627 \u062a\u0648\u062c\u062f \u0635\u0641\u0642\u0627\u062a \u0645\u0641\u062a\u0648\u062d\u0629 \u0623\u0648 \u0623\u0648\u0627\u0645\u0631 \u0645\u0639\u0644\u0642\u0629 — skipping \u062a\u062d\u062f\u064a\u062b \u0627\u0644\u0635\u0641\u0642\u0627\u062a \u0628\u062f\u0648\u0646 Telegram \u0648\u0628\u062f\u0648\u0646 \u062c\u0644\u0628 \u0633\u0639\u0631.
2026-08-09 03:02:56,781 | INFO | scripts.run_trade_updates | Starting trade updates: 2026-08-09T03:02:56.781402+00:00
2026-08-09 03:02:56,781 | INFO | scripts.run_trade_updates | \U0001f50d Session: \u062e\u0627\u0631\u062c Session | Quality: NONE | Allowed: False
2026-08-09 03:02:56,781 | INFO | scripts.run_trade_updates | \u2139\ufe0f Outside normal update hours, but continuing due to update_outside_trading_hours or FORCE_TRADE_UPDATE
2026-08-09 03:02:57,024 | INFO | DatabaseService | Database connected: Supabase
2026-08-09 03:02:57,555 | INFO | httpx | HTTP Request: GET https://trsmuzekxmpqtvxdkxwe.supabase.co/rest/v1/trades_demo?select=%2A&status=in.%28OPEN%2CPARTIAL%2CTP1_HIT%2CPENDING%29 "HTTP/2 200 OK"
2026-08-09 03:02:57,555 | INFO | scripts.run_trade_updates | Active/pending trades count: 0
2026-08-09 03:02:57,555 | INFO | scripts.run_trade_updates | \u0644\u0627 \u062a\u0648\u062c\u062f \u0635\u0641\u0642\u0627\u062a \u0645\u0641\u062a\u0648\u062d\u0629 \u0623\u0648 \u0623\u0648\u0627\u0645\u0631 \u0645\u0639\u0644\u0642\u0629 — skipping \u062a\u062d\u062f\u064a\u062b \u0627\u0644\u0635\u0641\u0642\u0627\u062a \u0628\u062f\u0648\u0646 Telegram \u0648\u0628\u062f\u0648\u0646 \u062c\u0644\u0628 \u0633\u0639\u0631.
2026-08-09 03:07:57,565 | INFO | scripts.run_trade_updates | Starting trade updates: 2026-08-09T03:07:57.565269+00:00
2026-08-09 03:07:57,566 | INFO | scripts.run_trade_updates | \U0001f50d Session: \u062e\u0627\u0631\u062c Session | Quality: NONE | Allowed: False
2026-08-09 03:07:57,566 | INFO | scripts.run_trade_updates | \u2139\ufe0f Outside normal update hours, but continuing due to update_outside_trading_hours or FORCE_TRADE_UPDATE
2026-08-09 03:07:57,801 | INFO | DatabaseService | Database connected: Supabase
2026-08-09 03:07:58,786 | INFO | httpx | HTTP Request: GET https://trsmuzekxmpqtvxdkxwe.supabase.co/rest/v1/trades_demo?select=%2A&status=in.%28OPEN%2CPARTIAL%2CTP1_HIT%2CPENDING%29 "HTTP/2 200 OK"
2026-08-09 03:07:58,786 | INFO | scripts.run_trade_updates | Active/pending trades count: 0
2026-08-09 03:07:58,786 | INFO | scripts.run_trade_updates | \u0644\u0627 \u062a\u0648\u062c\u062f \u0635\u0641\u0642\u0627\u062a \u0645\u0641\u062a\u0648\u062d\u0629 \u0623\u0648 \u0623\u0648\u0627\u0645\u0631 \u0645\u0639\u0644\u0642\u0629 — skipping \u062a\u062d\u062f\u064a\u062b \u0627\u0644\u0635\u0641\u0642\u0627\u062a \u0628\u062f\u0648\u0646 Telegram \u0648\u0628\u062f\u0648\u0646 \u062c\u0644\u0628 \u0633\u0639\u0631.
2026-08-09 03:12:58,798 | INFO | scripts.run_trade_updates | Starting trade updates: 2026-08-09T03:12:58.798148+00:00
2026-08-09 03:12:58,798 | INFO | scripts.run_trade_updates | \U0001f50d Session: \u062e\u0627\u0631\u062c Session | Quality: NONE | Allowed: False
2026-08-09 03:12:58,798 | INFO | scripts.run_trade_updates | \u2139\ufe0f Outside normal update hours, but continuing due to update_outside_trading_hours or FORCE_TRADE_UPDATE
2026-08-09 03:12:58,994 | INFO | DatabaseService | Database connected: Supabase
2026-08-09 03:12:59,950 | INFO | httpx | HTTP Request: GET https://trsmuzekxmpqtvxdkxwe.supabase.co/rest/v1/trades_demo?select=%2A&status=in.%28OPEN%2CPARTIAL%2CTP1_HIT%2CPENDING%29 "HTTP/2 200 OK"
2026-08-09 03:12:59,950 | INFO | scripts.run_trade_updates | Active/pending trades count: 0
2026-08-09 03:12:59,950 | INFO | scripts.run_trade_updates | \u0644\u0627 \u062a\u0648\u062c\u062f \u0635\u0641\u0642\u0627\u062a \u0645\u0641\u062a\u0648\u062d\u0629 \u0623\u0648 \u0623\u0648\u0627\u0645\u0631 \u0645\u0639\u0644\u0642\u0629 — skipping \u062a\u062d\u062f\u064a\u062b \u0627\u0644\u0635\u0641\u0642\u0627\u062a \u0628\u062f\u0648\u0646 Telegram \u0648\u0628\u062f\u0648\u0646 \u062c\u0644\u0628 \u0633\u0639\u0631.
2026-08-09 03:17:59,966 | INFO | scripts.run_trade_updates | Starting trade updates: 2026-08-09T03:17:59.966616+00:00
2026-08-09 03:17:59,966 | INFO | scripts.run_trade_updates | \U0001f50d Session: \u062e\u0627\u0631\u062c Session | Quality: NONE | Allowed: False
2026-08-09 03:17:59,966 | INFO | scripts.run_trade_updates | \u2139\ufe0f Outside normal update hours, but continuing due to update_outside_trading_hours or FORCE_TRADE_UPDATE
2026-08-09 03:18:00,216 | INFO | DatabaseService | Database connected: Supabase
2026-08-09 03:18:01,202 | INFO | httpx | HTTP Request: GET https://trsmuzekxmpqtvxdkxwe.supabase.co/rest/v1/trades_demo?select=%2A&status=in.%28OPEN%2CPARTIAL%2CTP1_HIT%2CPENDING%29 "HTTP/2 200 OK"
2026-08-09 03:18:01,202 | INFO | scripts.run_trade_updates | Active/pending trades count: 0
2026-08-09 03:18:01,202 | INFO | scripts.run_trade_updates | \u0644\u0627 \u062a\u0648\u062c\u062f \u0635\u0641\u0642\u0627\u062a \u0645\u0641\u062a\u0648\u062d\u0629 \u0623\u0648 \u0623\u0648\u0627\u0645\u0631 \u0645\u0639\u0644\u0642\u0629 — skipping \u062a\u062d\u062f\u064a\u062b \u0627\u0644\u0635\u0641\u0642\u0627\u062a \u0628\u062f\u0648\u0646 Telegram \u0648\u0628\u062f\u0648\u0646 \u062c\u0644\u0628 \u0633\u0639\u0631.
2026-08-09 03:23:01,212 | INFO | scripts.run_trade_updates | Starting trade updates: 2026-08-09T03:23:01.212468+00:00
2026-08-09 03:23:01,212 | INFO | scripts.run_trade_updates | \U0001f50d Session: \u062e\u0627\u0631\u062c Session | Quality: NONE | Allowed: False
2026-08-09 03:23:01,212 | INFO | scripts.run_trade_updates | \u2139\ufe0f Outside normal update hours, but continuing due to update_outside_trading_hours or FORCE_TRADE_UPDATE
2026-08-09 03:23:01,505 | INFO | DatabaseService | Database connected: Supabase
2026-08-09 03:23:02,522 | INFO | httpx | HTTP Request: GET https://trsmuzekxmpqtvxdkxwe.supabase.co/rest/v1/trades_demo?select=%2A&status=in.%28OPEN%2CPARTIAL%2CTP1_HIT%2CPENDING%29 "HTTP/2 200 OK"
2026-08-09 03:23:02,522 | INFO | scripts.run_trade_updates | Active/pending trades count: 0
2026-08-09 03:23:02,522 | INFO | scripts.run_trade_updates | \u0644\u0627 \u062a\u0648\u062c\u062f \u0635\u0641\u0642\u0627\u062a \u0645\u0641\u062a\u0648\u062d\u0629 \u0623\u0648 \u0623\u0648\u0627\u0645\u0631 \u0645\u0639\u0644\u0642\u0629 — skipping \u062a\u062d\u062f\u064a\u062b \u0627\u0644\u0635\u0641\u0642\u0627\u062a \u0628\u062f\u0648\u0646 Telegram \u0648\u0628\u062f\u0648\u0646 \u062c\u0644\u0628 \u0633\u0639\u0631.
2026-08-09 03:28:02,538 | INFO | scripts.run_trade_updates | Starting trade updates: 2026-08-09T03:28:02.538051+00:00
2026-08-09 03:28:02,539 | INFO | scripts.run_trade_updates | \U0001f50d Session: \u062e\u0627\u0631\u062c Session | Quality: NONE | Allowed: False
2026-08-09 03:28:02,539 | INFO | scripts.run_trade_updates | \u2139\ufe0f Outside normal update hours, but continuing due to update_outside_trading_hours or FORCE_TRADE_UPDATE
2026-08-09 03:28:02,867 | INFO | DatabaseService | Database connected: Supabase
2026-08-09 03:28:03,909 | INFO | httpx | HTTP Request: GET https://trsmuzekxmpqtvxdkxwe.supabase.co/rest/v1/trades_demo?select=%2A&status=in.%28OPEN%2CPARTIAL%2CTP1_HIT%2CPENDING%29 "HTTP/2 200 OK"
2026-08-09 03:28:03,909 | INFO | scripts.run_trade_updates | Active/pending trades count: 0
2026-08-09 03:28:03,909 | INFO | scripts.run_trade_updates | \u0644\u0627 \u062a\u0648\u062c\u062f \u0635\u0641\u0642\u0627\u062a \u0645\u0641\u062a\u0648\u062d\u0629 \u0623\u0648 \u0623\u0648\u0627\u0645\u0631 \u0645\u0639\u0644\u0642\u0629 — skipping \u062a\u062d\u062f\u064a\u062b \u0627\u0644\u0635\u0641\u0642\u0627\u062a \u0628\u062f\u0648\u0646 Telegram \u0648\u0628\u062f\u0648\u0646 \u062c\u0644\u0628 \u0633\u0639\u0631.
2026-08-09 03:33:03,920 | INFO | scripts.run_trade_updates | Starting trade updates: 2026-08-09T03:33:03.920485+00:00
2026-08-09 03:33:03,920 | INFO | scripts.run_trade_updates | \U0001f50d Session: \u062e\u0627\u0631\u062c Session | Quality: NONE | Allowed: False
2026-08-09 03:33:03,920 | INFO | scripts.run_trade_updates | \u2139\ufe0f Outside normal update hours, but continuing due to update_outside_trading_hours or FORCE_TRADE_UPDATE
2026-08-09 03:33:04,148 | INFO | DatabaseService | Database connected: Supabase
2026-08-09 03:33:05,196 | INFO | httpx | HTTP Request: GET https://trsmuzekxmpqtvxdkxwe.supabase.co/rest/v1/trades_demo?select=%2A&status=in.%28OPEN%2CPARTIAL%2CTP1_HIT%2CPENDING%29 "HTTP/2 200 OK"
2026-08-09 03:33:05,196 | INFO | scripts.run_trade_updates | Active/pending trades count: 0
2026-08-09 03:33:05,196 | INFO | scripts.run_trade_updates | \u0644\u0627 \u062a\u0648\u062c\u062f \u0635\u0641\u0642\u0627\u062a \u0645\u0641\u062a\u0648\u062d\u0629 \u0623\u0648 \u0623\u0648\u0627\u0645\u0631 \u0645\u0639\u0644\u0642\u0629 — skipping \u062a\u062d\u062f\u064a\u062b \u0627\u0644\u0635\u0641\u0642\u0627\u062a \u0628\u062f\u0648\u0646 Telegram \u0648\u0628\u062f\u0648\u0646 \u062c\u0644\u0628 \u0633\u0639\u0631.
2026-08-09 03:38:05,202 | INFO | scripts.run_trade_updates | Starting trade updates: 2026-08-09T03:38:05.202463+00:00
2026-08-09 03:38:05,202 | INFO | scripts.run_trade_updates | \U0001f50d Session: \u062e\u0627\u0631\u062c Session | Quality: NONE | Allowed: False
2026-08-09 03:38:05,202 | INFO | scripts.run_trade_updates | \u2139\ufe0f Outside normal update hours, but continuing due to update_outside_trading_hours or FORCE_TRADE_UPDATE
2026-08-09 03:38:05,420 | INFO | DatabaseService | Database connected: Supabase
2026-08-09 03:38:06,417 | INFO | httpx | HTTP Request: GET https://trsmuzekxmpqtvxdkxwe.supabase.co/rest/v1/trades_demo?select=%2A&status=in.%28OPEN%2CPARTIAL%2CTP1_HIT%2CPENDING%29 "HTTP/2 200 OK"
2026-08-09 03:38:06,417 | INFO | scripts.run_trade_updates | Active/pending trades count: 0
2026-08-09 03:38:06,417 | INFO | scripts.run_trade_updates | \u0644\u0627 \u062a\u0648\u062c\u062f \u0635\u0641\u0642\u0627\u062a \u0645\u0641\u062a\u0648\u062d\u0629 \u0623\u0648 \u0623\u0648\u0627\u0645\u0631 \u0645\u0639\u0644\u0642\u0629 — skipping \u062a\u062d\u062f\u064a\u062b \u0627\u0644\u0635\u0641\u0642\u0627\u062a \u0628\u062f\u0648\u0646 Telegram \u0648\u0628\u062f\u0648\u0646 \u062c\u0644\u0628 \u0633\u0639\u0631.
2026-08-09 03:43:06,420 | INFO | scripts.run_trade_updates | Starting trade updates: 2026-08-09T03:43:06.420763+00:00
2026-08-09 03:43:06,422 | INFO | scripts.run_trade_updates | \U0001f50d Session: \u062e\u0627\u0631\u062c Session | Quality: NONE | Allowed: False
2026-08-09 03:43:06,422 | INFO | scripts.run_trade_updates | \u2139\ufe0f Outside normal update hours, but continuing due to update_outside_trading_hours or FORCE_TRADE_UPDATE
2026-08-09 03:43:06,626 | INFO | DatabaseService | Database connected: Supabase
2026-08-09 03:43:07,611 | INFO | httpx | HTTP Request: GET https://trsmuzekxmpqtvxdkxwe.supabase.co/rest/v1/trades_demo?select=%2A&status=in.%28OPEN%2CPARTIAL%2CTP1_HIT%2CPENDING%29 "HTTP/2 200 OK"
2026-08-09 03:43:07,611 | INFO | scripts.run_trade_updates | Active/pending trades count: 0
2026-08-09 03:43:07,611 | INFO | scripts.run_trade_updates | \u0644\u0627 \u062a\u0648\u062c\u062f \u0635\u0641\u0642\u0627\u062a \u0645\u0641\u062a\u0648\u062d\u0629 \u0623\u0648 \u0623\u0648\u0627\u0645\u0631 \u0645\u0639\u0644\u0642\u0629 — skipping \u062a\u062d\u062f\u064a\u062b \u0627\u0644\u0635\u0641\u0642\u0627\u062a \u0628\u062f\u0648\u0646 Telegram \u0648\u0628\u062f\u0648\u0646 \u062c\u0644\u0628 \u0633\u0639\u0631.
2026-08-09 03:48:07,618 | INFO | scripts.run_trade_updates | Starting trade updates: 2026-08-09T03:48:07.618291+00:00
2026-08-09 03:48:07,618 | INFO | scripts.run_trade_updates | \U0001f50d Session: \u062e\u0627\u0631\u062c Session | Quality: NONE | Allowed: False
2026-08-09 03:48:07,618 | INFO | scripts.run_trade_updates | \u2139\ufe0f Outside normal update hours, but continuing due to update_outside_trading_hours or FORCE_TRADE_UPDATE
2026-08-09 03:48:07,857 | INFO | DatabaseService | Database connected: Supabase
2026-08-09 03:48:08,812 | INFO | httpx | HTTP Request: GET https://trsmuzekxmpqtvxdkxwe.supabase.co/rest/v1/trades_demo?select=%2A&status=in.%28OPEN%2CPARTIAL%2CTP1_HIT%2CPENDING%29 "HTTP/2 200 OK"
2026-08-09 03:48:08,812 | INFO | scripts.run_trade_updates | Active/pending trades count: 0
2026-08-09 03:48:08,812 | INFO | scripts.run_trade_updates | \u0644\u0627 \u062a\u0648\u062c\u062f \u0635\u0641\u0642\u0627\u062a \u0645\u0641\u062a\u0648\u062d\u0629 \u0623\u0648 \u0623\u0648\u0627\u0645\u0631 \u0645\u0639\u0644\u0642\u0629 — skipping \u062a\u062d\u062f\u064a\u062b \u0627\u0644\u0635\u0641\u0642\u0627\u062a \u0628\u062f\u0648\u0646 Telegram \u0648\u0628\u062f\u0648\u0646 \u062c\u0644\u0628 \u0633\u0639\u0631.
2026-08-09 03:53:08,818 | INFO | scripts.run_trade_updates | Starting trade updates: 2026-08-09T03:53:08.818900+00:00
2026-08-09 03:53:08,818 | INFO | scripts.run_trade_updates | \U0001f50d Session: \u062e\u0627\u0631\u062c Session | Quality: NONE | Allowed: False
2026-08-09 03:53:08,818 | INFO | scripts.run_trade_updates | \u2139\ufe0f Outside normal update hours, but continuing due to update_outside_trading_hours or FORCE_TRADE_UPDATE
2026-08-09 03:53:09,036 | INFO | DatabaseService | Database connected: Supabase
2026-08-09 03:53:10,037 | INFO | httpx | HTTP Request: GET https://trsmuzekxmpqtvxdkxwe.supabase.co/rest/v1/trades_demo?select=%2A&status=in.%28OPEN%2CPARTIAL%2CTP1_HIT%2CPENDING%29 "HTTP/2 200 OK"
2026-08-09 03:53:10,037 | INFO | scripts.run_trade_updates | Active/pending trades count: 0
2026-08-09 03:53:10,037 | INFO | scripts.run_trade_updates | \u0644\u0627 \u062a\u0648\u062c\u062f \u0635\u0641\u0642\u0627\u062a \u0645\u0641\u062a\u0648\u062d\u0629 \u0623\u0648 \u0623\u0648\u0627\u0645\u0631 \u0645\u0639\u0644\u0642\u0629 — skipping \u062a\u062d\u062f\u064a\u062b \u0627\u0644\u0635\u0641\u0642\u0627\u062a \u0628\u062f\u0648\u0646 Telegram \u0648\u0628\u062f\u0648\u0646 \u062c\u0644\u0628 \u0633\u0639\u0631.
2026-08-09 03:58:10,042 | INFO | scripts.run_trade_updates | Starting trade updates: 2026-08-09T03:58:10.042604+00:00
2026-08-09 03:58:10,045 | INFO | scripts.run_trade_updates | \U0001f50d Session: \u062e\u0627\u0631\u062c Session | Quality: NONE | Allowed: False
2026-08-09 03:58:10,045 | INFO | scripts.run_trade_updates | \u2139\ufe0f Outside normal update hours, but continuing due to update_outside_trading_hours or FORCE_TRADE_UPDATE
2026-08-09 03:58:10,264 | INFO | DatabaseService | Database connected: Supabase
2026-08-09 03:58:11,221 | INFO | httpx | HTTP Request: GET https://trsmuzekxmpqtvxdkxwe.supabase.co/rest/v1/trades_demo?select=%2A&status=in.%28OPEN%2CPARTIAL%2CTP1_HIT%2CPENDING%29 "HTTP/2 200 OK"
2026-08-09 03:58:11,221 | INFO | scripts.run_trade_updates | Active/pending trades count: 0
2026-08-09 03:58:11,221 | INFO | scripts.run_trade_updates | \u0644\u0627 \u062a\u0648\u062c\u062f \u0635\u0641\u0642\u0627\u062a \u0645\u0641\u062a\u0648\u062d\u0629 \u0623\u0648 \u0623\u0648\u0627\u0645\u0631 \u0645\u0639\u0644\u0642\u0629 — skipping \u062a\u062d\u062f\u064a\u062b \u0627\u0644\u0635\u0641\u0642\u0627\u062a \u0628\u062f\u0648\u0646 Telegram \u0648\u0628\u062f\u0648\u0646 \u062c\u0644\u0628 \u0633\u0639\u0631.
2026-08-09 04:03:11,236 | INFO | scripts.run_trade_updates | Starting trade updates: 2026-08-09T04:03:11.236799+00:00
2026-08-09 04:03:11,236 | INFO | scripts.run_trade_updates | \U0001f50d Session: \u062e\u0627\u0631\u062c Session | Quality: NONE | Allowed: False
2026-08-09 04:03:11,236 | INFO | scripts.run_trade_updates | \u2139\ufe0f Outside normal update hours, but continuing due to update_outside_trading_hours or FORCE_TRADE_UPDATE
2026-08-09 04:03:11,509 | INFO | DatabaseService | Database connected: Supabase
2026-08-09 04:03:12,072 | INFO | httpx | HTTP Request: GET https://trsmuzekxmpqtvxdkxwe.supabase.co/rest/v1/trades_demo?select=%2A&status=in.%28OPEN%2CPARTIAL%2CTP1_HIT%2CPENDING%29 "HTTP/2 200 OK"
2026-08-09 04:03:12,072 | INFO | scripts.run_trade_updates | Active/pending trades count: 0
2026-08-09 04:03:12,072 | INFO | scripts.run_trade_updates | \u0644\u0627 \u062a\u0648\u062c\u062f \u0635\u0641\u0642\u0627\u062a \u0645\u0641\u062a\u0648\u062d\u0629 \u0623\u0648 \u0623\u0648\u0627\u0645\u0631 \u0645\u0639\u0644\u0642\u0629 — skipping \u062a\u062d\u062f\u064a\u062b \u0627\u0644\u0635\u0641\u0642\u0627\u062a \u0628\u062f\u0648\u0646 Telegram \u0648\u0628\u062f\u0648\u0646 \u062c\u0644\u0628 \u0633\u0639\u0631.
2026-08-09 04:08:12,089 | INFO | scripts.run_trade_updates | Starting trade updates: 2026-08-09T04:08:12.089466+00:00
2026-08-09 04:08:12,089 | INFO | scripts.run_trade_updates | \U0001f50d Session: \u062e\u0627\u0631\u062c Session | Quality: NONE | Allowed: False
2026-08-09 04:08:12,089 | INFO | scripts.run_trade_updates | \u2139\ufe0f Outside normal update hours, but continuing due to update_outside_trading_hours or FORCE_TRADE_UPDATE
2026-08-09 04:08:12,328 | INFO | DatabaseService | Database connected: Supabase
2026-08-09 04:08:13,391 | INFO | httpx | HTTP Request: GET https://trsmuzekxmpqtvxdkxwe.supabase.co/rest/v1/trades_demo?select=%2A&status=in.%28OPEN%2CPARTIAL%2CTP1_HIT%2CPENDING%29 "HTTP/2 200 OK"
2026-08-09 04:08:13,391 | INFO | scripts.run_trade_updates | Active/pending trades count: 0
2026-08-09 04:08:13,391 | INFO | scripts.run_trade_updates | \u0644\u0627 \u062a\u0648\u062c\u062f \u0635\u0641\u0642\u0627\u062a \u0645\u0641\u062a\u0648\u062d\u0629 \u0623\u0648 \u0623\u0648\u0627\u0645\u0631 \u0645\u0639\u0644\u0642\u0629 — skipping \u062a\u062d\u062f\u064a\u062b \u0627\u0644\u0635\u0641\u0642\u0627\u062a \u0628\u062f\u0648\u0646 Telegram \u0648\u0628\u062f\u0648\u0646 \u062c\u0644\u0628 \u0633\u0639\u0631.
2026-08-09 04:13:13,403 | INFO | scripts.run_trade_updates | Starting trade updates: 2026-08-09T04:13:13.403335+00:00
2026-08-09 04:13:13,403 | INFO | scripts.run_trade_updates | \U0001f50d Session: \u062e\u0627\u0631\u062c Session | Quality: NONE | Allowed: False
2026-08-09 04:13:13,403 | INFO | scripts.run_trade_updates | \u2139\ufe0f Outside normal update hours, but continuing due to update_outside_trading_hours or FORCE_TRADE_UPDATE
2026-08-09 04:13:13,621 | INFO | DatabaseService | Database connected: Supabase
2026-08-09 04:13:14,638 | INFO | httpx | HTTP Request: GET https://trsmuzekxmpqtvxdkxwe.supabase.co/rest/v1/trades_demo?select=%2A&status=in.%28OPEN%2CPARTIAL%2CTP1_HIT%2CPENDING%29 "HTTP/2 200 OK"
2026-08-09 04:13:14,638 | INFO | scripts.run_trade_updates | Active/pending trades count: 0
2026-08-09 04:13:14,638 | INFO | scripts.run_trade_updates | \u0644\u0627 \u062a\u0648\u062c\u062f \u0635\u0641\u0642\u0627\u062a \u0645\u0641\u062a\u0648\u062d\u0629 \u0623\u0648 \u0623\u0648\u0627\u0645\u0631 \u0645\u0639\u0644\u0642\u0629 — skipping \u062a\u062d\u062f\u064a\u062b \u0627\u0644\u0635\u0641\u0642\u0627\u062a \u0628\u062f\u0648\u0646 Telegram \u0648\u0628\u062f\u0648\u0646 \u062c\u0644\u0628 \u0633\u0639\u0631.
2026-08-09 04:18:14,645 | INFO | scripts.run_trade_updates | Starting trade updates: 2026-08-09T04:18:14.645283+00:00
2026-08-09 04:18:14,645 | INFO | scripts.run_trade_updates | \U0001f50d Session: \u062e\u0627\u0631\u062c Session | Quality: NONE | Allowed: False
2026-08-09 04:18:14,645 | INFO | scripts.run_trade_updates | \u2139\ufe0f Outside normal update hours, but continuing due to update_outside_trading_hours or FORCE_TRADE_UPDATE
2026-08-09 04:18:14,873 | INFO | DatabaseService | Database connected: Supabase
2026-08-09 04:18:16,155 | INFO | httpx | HTTP Request: GET https://trsmuzekxmpqtvxdkxwe.supabase.co/rest/v1/trades_demo?select=%2A&status=in.%28OPEN%2CPARTIAL%2CTP1_HIT%2CPENDING%29 "HTTP/2 200 OK"
2026-08-09 04:18:16,155 | INFO | scripts.run_trade_updates | Active/pending trades count: 0
2026-08-09 04:18:16,155 | INFO | scripts.run_trade_updates | \u0644\u0627 \u062a\u0648\u062c\u062f \u0635\u0641\u0642\u0627\u062a \u0645\u0641\u062a\u0648\u062d\u0629 \u0623\u0648 \u0623\u0648\u0627\u0645\u0631 \u0645\u0639\u0644\u0642\u0629 — skipping \u062a\u062d\u062f\u064a\u062b \u0627\u0644\u0635\u0641\u0642\u0627\u062a \u0628\u062f\u0648\u0646 Telegram \u0648\u0628\u062f\u0648\u0646 \u062c\u0644\u0628 \u0633\u0639\u0631.
2026-08-09 04:23:16,166 | INFO | scripts.run_trade_updates | Starting trade updates: 2026-08-09T04:23:16.166957+00:00
2026-08-09 04:23:16,166 | INFO | scripts.run_trade_updates | \U0001f50d Session: \u062e\u0627\u0631\u062c Session | Quality: NONE | Allowed: False
2026-08-09 04:23:16,166 | INFO | scripts.run_trade_updates | \u2139\ufe0f Outside normal update hours, but continuing due to update_outside_trading_hours or FORCE_TRADE_UPDATE
2026-08-09 04:23:16,416 | INFO | DatabaseService | Database connected: Supabase
2026-08-09 04:23:17,400 | INFO | httpx | HTTP Request: GET https://trsmuzekxmpqtvxdkxwe.supabase.co/rest/v1/trades_demo?select=%2A&status=in.%28OPEN%2CPARTIAL%2CTP1_HIT%2CPENDING%29 "HTTP/2 200 OK"
2026-08-09 04:23:17,400 | INFO | scripts.run_trade_updates | Active/pending trades count: 0
2026-08-09 04:23:17,400 | INFO | scripts.run_trade_updates | \u0644\u0627 \u062a\u0648\u062c\u062f \u0635\u0641\u0642\u0627\u062a \u0645\u0641\u062a\u0648\u062d\u0629 \u0623\u0648 \u0623\u0648\u0627\u0645\u0631 \u0645\u0639\u0644\u0642\u0629 — skipping \u062a\u062d\u062f\u064a\u062b \u0627\u0644\u0635\u0641\u0642\u0627\u062a \u0628\u062f\u0648\u0646 Telegram \u0648\u0628\u062f\u0648\u0646 \u062c\u0644\u0628 \u0633\u0639\u0631.
2026-08-09 04:28:17,411 | INFO | scripts.run_trade_updates | Starting trade updates: 2026-08-09T04:28:17.411004+00:00
2026-08-09 04:28:17,411 | INFO | scripts.run_trade_updates | \U0001f50d Session: \u062e\u0627\u0631\u062c Session | Quality: NONE | Allowed: False
2026-08-09 04:28:17,411 | INFO | scripts.run_trade_updates | \u2139\ufe0f Outside normal update hours, but continuing due to update_outside_trading_hours or FORCE_TRADE_UPDATE
2026-08-09 04:28:17,640 | INFO | DatabaseService | Database connected: Supabase
2026-08-09 04:28:18,627 | INFO | httpx | HTTP Request: GET https://trsmuzekxmpqtvxdkxwe.supabase.co/rest/v1/trades_demo?select=%2A&status=in.%28OPEN%2CPARTIAL%2CTP1_HIT%2CPENDING%29 "HTTP/2 200 OK"
2026-08-09 04:28:18,642 | INFO | scripts.run_trade_updates | Active/pending trades count: 0
2026-08-09 04:28:18,642 | INFO | scripts.run_trade_updates | \u0644\u0627 \u062a\u0648\u062c\u062f \u0635\u0641\u0642\u0627\u062a \u0645\u0641\u062a\u0648\u062d\u0629 \u0623\u0648 \u0623\u0648\u0627\u0645\u0631 \u0645\u0639\u0644\u0642\u0629 — skipping \u062a\u062d\u062f\u064a\u062b \u0627\u0644\u0635\u0641\u0642\u0627\u062a \u0628\u062f\u0648\u0646 Telegram \u0648\u0628\u062f\u0648\u0646 \u062c\u0644\u0628 \u0633\u0639\u0631.
2026-08-09 04:33:18,645 | INFO | scripts.run_trade_updates | Starting trade updates: 2026-08-09T04:33:18.645045+00:00
2026-08-09 04:33:18,645 | INFO | scripts.run_trade_updates | \U0001f50d Session: \u062e\u0627\u0631\u062c Session | Quality: NONE | Allowed: False
2026-08-09 04:33:18,645 | INFO | scripts.run_trade_updates | \u2139\ufe0f Outside normal update hours, but continuing due to update_outside_trading_hours or FORCE_TRADE_UPDATE
2026-08-09 04:33:18,902 | INFO | DatabaseService | Database connected: Supabase
2026-08-09 04:33:19,952 | INFO | httpx | HTTP Request: GET https://trsmuzekxmpqtvxdkxwe.supabase.co/rest/v1/trades_demo?select=%2A&status=in.%28OPEN%2CPARTIAL%2CTP1_HIT%2CPENDING%29 "HTTP/2 200 OK"
2026-08-09 04:33:19,952 | INFO | scripts.run_trade_updates | Active/pending trades count: 0
2026-08-09 04:33:19,952 | INFO | scripts.run_trade_updates | \u0644\u0627 \u062a\u0648\u062c\u062f \u0635\u0641\u0642\u0627\u062a \u0645\u0641\u062a\u0648\u062d\u0629 \u0623\u0648 \u0623\u0648\u0627\u0645\u0631 \u0645\u0639\u0644\u0642\u0629 — skipping \u062a\u062d\u062f\u064a\u062b \u0627\u0644\u0635\u0641\u0642\u0627\u062a \u0628\u062f\u0648\u0646 Telegram \u0648\u0628\u062f\u0648\u0646 \u062c\u0644\u0628 \u0633\u0639\u0631.
2026-08-09 04:38:19,966 | INFO | scripts.run_trade_updates | Starting trade updates: 2026-08-09T04:38:19.966777+00:00
2026-08-09 04:38:19,968 | INFO | scripts.run_trade_updates | \U0001f50d Session: \u062e\u0627\u0631\u062c Session | Quality: NONE | Allowed: False
2026-08-09 04:38:19,968 | INFO | scripts.run_trade_updates | \u2139\ufe0f Outside normal update hours, but continuing due to update_outside_trading_hours or FORCE_TRADE_UPDATE
2026-08-09 04:38:20,234 | INFO | DatabaseService | Database connected: Supabase
2026-08-09 04:38:21,282 | INFO | httpx | HTTP Request: GET https://trsmuzekxmpqtvxdkxwe.supabase.co/rest/v1/trades_demo?select=%2A&status=in.%28OPEN%2CPARTIAL%2CTP1_HIT%2CPENDING%29 "HTTP/2 200 OK"
2026-08-09 04:38:21,282 | INFO | scripts.run_trade_updates | Active/pending trades count: 0
2026-08-09 04:38:21,282 | INFO | scripts.run_trade_updates | \u0644\u0627 \u062a\u0648\u062c\u062f \u0635\u0641\u0642\u0627\u062a \u0645\u0641\u062a\u0648\u062d\u0629 \u0623\u0648 \u0623\u0648\u0627\u0645\u0631 \u0645\u0639\u0644\u0642\u0629 — skipping \u062a\u062d\u062f\u064a\u062b \u0627\u0644\u0635\u0641\u0642\u0627\u062a \u0628\u062f\u0648\u0646 Telegram \u0648\u0628\u062f\u0648\u0646 \u062c\u0644\u0628 \u0633\u0639\u0631.
2026-08-09 04:43:21,294 | INFO | scripts.run_trade_updates | Starting trade updates: 2026-08-09T04:43:21.294017+00:00
2026-08-09 04:43:21,294 | INFO | scripts.run_trade_updates | \U0001f50d Session: \u062e\u0627\u0631\u062c Session | Quality: NONE | Allowed: False
2026-08-09 04:43:21,294 | INFO | scripts.run_trade_updates | \u2139\ufe0f Outside normal update hours, but continuing due to update_outside_trading_hours or FORCE_TRADE_UPDATE
2026-08-09 04:43:21,542 | INFO | DatabaseService | Database connected: Supabase
2026-08-09 04:43:22,637 | INFO | httpx | HTTP Request: GET https://trsmuzekxmpqtvxdkxwe.supabase.co/rest/v1/trades_demo?select=%2A&status=in.%28OPEN%2CPARTIAL%2CTP1_HIT%2CPENDING%29 "HTTP/2 200 OK"
2026-08-09 04:43:22,637 | INFO | scripts.run_trade_updates | Active/pending trades count: 0
2026-08-09 04:43:22,637 | INFO | scripts.run_trade_updates | \u0644\u0627 \u062a\u0648\u062c\u062f \u0635\u0641\u0642\u0627\u062a \u0645\u0641\u062a\u0648\u062d\u0629 \u0623\u0648 \u0623\u0648\u0627\u0645\u0631 \u0645\u0639\u0644\u0642\u0629 — skipping \u062a\u062d\u062f\u064a\u062b \u0627\u0644\u0635\u0641\u0642\u0627\u062a \u0628\u062f\u0648\u0646 Telegram \u0648\u0628\u062f\u0648\u0646 \u062c\u0644\u0628 \u0633\u0639\u0631.
2026-08-09 04:48:22,644 | INFO | scripts.run_trade_updates | Starting trade updates: 2026-08-09T04:48:22.644158+00:00
2026-08-09 04:48:22,644 | INFO | scripts.run_trade_updates | \U0001f50d Session: \u062e\u0627\u0631\u062c Session | Quality: NONE | Allowed: False
2026-08-09 04:48:22,644 | INFO | scripts.run_trade_updates | \u2139\ufe0f Outside normal update hours, but continuing due to update_outside_trading_hours or FORCE_TRADE_UPDATE
2026-08-09 04:48:22,886 | INFO | DatabaseService | Database connected: Supabase
2026-08-09 04:48:23,903 | INFO | httpx | HTTP Request: GET https://trsmuzekxmpqtvxdkxwe.supabase.co/rest/v1/trades_demo?select=%2A&status=in.%28OPEN%2CPARTIAL%2CTP1_HIT%2CPENDING%29 "HTTP/2 200 OK"
2026-08-09 04:48:23,903 | INFO | scripts.run_trade_updates | Active/pending trades count: 0
2026-08-09 04:48:23,903 | INFO | scripts.run_trade_updates | \u0644\u0627 \u062a\u0648\u062c\u062f \u0635\u0641\u0642\u0627\u062a \u0645\u0641\u062a\u0648\u062d\u0629 \u0623\u0648 \u0623\u0648\u0627\u0645\u0631 \u0645\u0639\u0644\u0642\u0629 — skipping \u062a\u062d\u062f\u064a\u062b \u0627\u0644\u0635\u0641\u0642\u0627\u062a \u0628\u062f\u0648\u0646 Telegram \u0648\u0628\u062f\u0648\u0646 \u062c\u0644\u0628 \u0633\u0639\u0631.
2026-08-09 04:53:23,909 | INFO | scripts.run_trade_updates | Starting trade updates: 2026-08-09T04:53:23.909330+00:00
2026-08-09 04:53:23,909 | INFO | scripts.run_trade_updates | \U0001f50d Session: \u062e\u0627\u0631\u062c Session | Quality: NONE | Allowed: False
2026-08-09 04:53:23,909 | INFO | scripts.run_trade_updates | \u2139\ufe0f Outside normal update hours, but continuing due to update_outside_trading_hours or FORCE_TRADE_UPDATE
2026-08-09 04:53:24,177 | INFO | DatabaseService | Database connected: Supabase
2026-08-09 04:53:25,178 | INFO | httpx | HTTP Request: GET https://trsmuzekxmpqtvxdkxwe.supabase.co/rest/v1/trades_demo?select=%2A&status=in.%28OPEN%2CPARTIAL%2CTP1_HIT%2CPENDING%29 "HTTP/2 200 OK"
2026-08-09 04:53:25,178 | INFO | scripts.run_trade_updates | Active/pending trades count: 0
2026-08-09 04:53:25,178 | INFO | scripts.run_trade_updates | \u0644\u0627 \u062a\u0648\u062c\u062f \u0635\u0641\u0642\u0627\u062a \u0645\u0641\u062a\u0648\u062d\u0629 \u0623\u0648 \u0623\u0648\u0627\u0645\u0631 \u0645\u0639\u0644\u0642\u0629 — skipping \u062a\u062d\u062f\u064a\u062b \u0627\u0644\u0635\u0641\u0642\u0627\u062a \u0628\u062f\u0648\u0646 Telegram \u0648\u0628\u062f\u0648\u0646 \u062c\u0644\u0628 \u0633\u0639\u0631.
2026-08-09 04:58:25,193 | INFO | scripts.run_trade_updates | Starting trade updates: 2026-08-09T04:58:25.193059+00:00
2026-08-09 04:58:25,195 | INFO | scripts.run_trade_updates | \U0001f50d Session: \u062e\u0627\u0631\u062c Session | Quality: NONE | Allowed: False
2026-08-09 04:58:25,195 | INFO | scripts.run_trade_updates | \u2139\ufe0f Outside normal update hours, but continuing due to update_outside_trading_hours or FORCE_TRADE_UPDATE
2026-08-09 04:58:25,445 | INFO | DatabaseService | Database connected: Supabase
2026-08-09 04:58:26,556 | INFO | httpx | HTTP Request: GET https://trsmuzekxmpqtvxdkxwe.supabase.co/rest/v1/trades_demo?select=%2A&status=in.%28OPEN%2CPARTIAL%2CTP1_HIT%2CPENDING%29 "HTTP/2 200 OK"
2026-08-09 04:58:26,556 | INFO | scripts.run_trade_updates | Active/pending trades count: 0
2026-08-09 04:58:26,556 | INFO | scripts.run_trade_updates | \u0644\u0627 \u062a\u0648\u062c\u062f \u0635\u0641\u0642\u0627\u062a \u0645\u0641\u062a\u0648\u062d\u0629 \u0623\u0648 \u0623\u0648\u0627\u0645\u0631 \u0645\u0639\u0644\u0642\u0629 — skipping \u062a\u062d\u062f\u064a\u062b \u0627\u0644\u0635\u0641\u0642\u0627\u062a \u0628\u062f\u0648\u0646 Telegram \u0648\u0628\u062f\u0648\u0646 \u062c\u0644\u0628 \u0633\u0639\u0631.
2026-08-09 05:03:26,569 | INFO | scripts.run_trade_updates | Starting trade updates: 2026-08-09T05:03:26.569665+00:00
2026-08-09 05:03:26,571 | INFO | scripts.run_trade_updates | \U0001f50d Session: \u062e\u0627\u0631\u062c Session | Quality: NONE | Allowed: False
2026-08-09 05:03:26,571 | INFO | scripts.run_trade_updates | \u2139\ufe0f Outside normal update hours, but continuing due to update_outside_trading_hours or FORCE_TRADE_UPDATE
2026-08-09 05:03:26,844 | INFO | DatabaseService | Database connected: Supabase
2026-08-09 05:03:27,892 | INFO | httpx | HTTP Request: GET https://trsmuzekxmpqtvxdkxwe.supabase.co/rest/v1/trades_demo?select=%2A&status=in.%28OPEN%2CPARTIAL%2CTP1_HIT%2CPENDING%29 "HTTP/2 200 OK"
2026-08-09 05:03:27,892 | INFO | scripts.run_trade_updates | Active/pending trades count: 0
2026-08-09 05:03:27,892 | INFO | scripts.run_trade_updates | \u0644\u0627 \u062a\u0648\u062c\u062f \u0635\u0641\u0642\u0627\u062a \u0645\u0641\u062a\u0648\u062d\u0629 \u0623\u0648 \u0623\u0648\u0627\u0645\u0631 \u0645\u0639\u0644\u0642\u0629 — skipping \u062a\u062d\u062f\u064a\u062b \u0627\u0644\u0635\u0641\u0642\u0627\u062a \u0628\u062f\u0648\u0646 Telegram \u0648\u0628\u062f\u0648\u0646 \u062c\u0644\u0628 \u0633\u0639\u0631.
2026-08-09 05:08:27,906 | INFO | scripts.run_trade_updates | Starting trade updates: 2026-08-09T05:08:27.906917+00:00
2026-08-09 05:08:27,909 | INFO | scripts.run_trade_updates | \U0001f50d Session: \u062e\u0627\u0631\u062c Session | Quality: NONE | Allowed: False
2026-08-09 05:08:27,909 | INFO | scripts.run_trade_updates | \u2139\ufe0f Outside normal update hours, but continuing due to update_outside_trading_hours or FORCE_TRADE_UPDATE
2026-08-09 05:08:28,128 | INFO | DatabaseService | Database connected: Supabase
2026-08-09 05:08:29,098 | INFO | httpx | HTTP Request: GET https://trsmuzekxmpqtvxdkxwe.supabase.co/rest/v1/trades_demo?select=%2A&status=in.%28OPEN%2CPARTIAL%2CTP1_HIT%2CPENDING%29 "HTTP/2 200 OK"
2026-08-09 05:08:29,098 | INFO | scripts.run_trade_updates | Active/pending trades count: 0
2026-08-09 05:08:29,098 | INFO | scripts.run_trade_updates | \u0644\u0627 \u062a\u0648\u062c\u062f \u0635\u0641\u0642\u0627\u062a \u0645\u0641\u062a\u0648\u062d\u0629 \u0623\u0648 \u0623\u0648\u0627\u0645\u0631 \u0645\u0639\u0644\u0642\u0629 — skipping \u062a\u062d\u062f\u064a\u062b \u0627\u0644\u0635\u0641\u0642\u0627\u062a \u0628\u062f\u0648\u0646 Telegram \u0648\u0628\u062f\u0648\u0646 \u062c\u0644\u0628 \u0633\u0639\u0631.
2026-08-09 05:13:29,103 | INFO | scripts.run_trade_updates | Starting trade updates: 2026-08-09T05:13:29.103679+00:00
2026-08-09 05:13:29,103 | INFO | scripts.run_trade_updates | \U0001f50d Session: \u062e\u0627\u0631\u062c Session | Quality: NONE | Allowed: False
2026-08-09 05:13:29,103 | INFO | scripts.run_trade_updates | \u2139\ufe0f Outside normal update hours, but continuing due to update_outside_trading_hours or FORCE_TRADE_UPDATE
2026-08-09 05:13:29,342 | INFO | DatabaseService | Database connected: Supabase
2026-08-09 05:13:29,874 | INFO | httpx | HTTP Request: GET https://trsmuzekxmpqtvxdkxwe.supabase.co/rest/v1/trades_demo?select=%2A&status=in.%28OPEN%2CPARTIAL%2CTP1_HIT%2CPENDING%29 "HTTP/2 200 OK"
2026-08-09 05:13:29,874 | INFO | scripts.run_trade_updates | Active/pending trades count: 0
2026-08-09 05:13:29,874 | INFO | scripts.run_trade_updates | \u0644\u0627 \u062a\u0648\u062c\u062f \u0635\u0641\u0642\u0627\u062a \u0645\u0641\u062a\u0648\u062d\u0629 \u0623\u0648 \u0623\u0648\u0627\u0645\u0631 \u0645\u0639\u0644\u0642\u0629 — skipping \u062a\u062d\u062f\u064a\u062b \u0627\u0644\u0635\u0641\u0642\u0627\u062a \u0628\u062f\u0648\u0646 Telegram \u0648\u0628\u062f\u0648\u0646 \u062c\u0644\u0628 \u0633\u0639\u0631.
2026-08-09 05:18:29,887 | INFO | scripts.run_trade_updates | Starting trade updates: 2026-08-09T05:18:29.887306+00:00
2026-08-09 05:18:29,887 | INFO | scripts.run_trade_updates | \U0001f50d Session: \u062e\u0627\u0631\u062c Session | Quality: NONE | Allowed: False
2026-08-09 05:18:29,887 | INFO | scripts.run_trade_updates | \u2139\ufe0f Outside normal update hours, but continuing due to update_outside_trading_hours or FORCE_TRADE_UPDATE
2026-08-09 05:18:30,104 | INFO | DatabaseService | Database connected: Supabase
2026-08-09 05:18:31,136 | INFO | httpx | HTTP Request: GET https://trsmuzekxmpqtvxdkxwe.supabase.co/rest/v1/trades_demo?select=%2A&status=in.%28OPEN%2CPARTIAL%2CTP1_HIT%2CPENDING%29 "HTTP/2 200 OK"
2026-08-09 05:18:31,136 | INFO | scripts.run_trade_updates | Active/pending trades count: 0
2026-08-09 05:18:31,136 | INFO | scripts.run_trade_updates | \u0644\u0627 \u062a\u0648\u062c\u062f \u0635\u0641\u0642\u0627\u062a \u0645\u0641\u062a\u0648\u062d\u0629 \u0623\u0648 \u0623\u0648\u0627\u0645\u0631 \u0645\u0639\u0644\u0642\u0629 — skipping \u062a\u062d\u062f\u064a\u062b \u0627\u0644\u0635\u0641\u0642\u0627\u062a \u0628\u062f\u0648\u0646 Telegram \u0648\u0628\u062f\u0648\u0646 \u062c\u0644\u0628 \u0633\u0639\u0631.
2026-08-09 05:23:31,147 | INFO | scripts.run_trade_updates | Starting trade updates: 2026-08-09T05:23:31.147757+00:00
2026-08-09 05:23:31,147 | INFO | scripts.run_trade_updates | \U0001f50d Session: \u062e\u0627\u0631\u062c Session | Quality: NONE | Allowed: False
2026-08-09 05:23:31,147 | INFO | scripts.run_trade_updates | \u2139\ufe0f Outside normal update hours, but continuing due to update_outside_trading_hours or FORCE_TRADE_UPDATE
2026-08-09 05:23:31,375 | INFO | DatabaseService | Database connected: Supabase
2026-08-09 05:23:32,391 | INFO | httpx | HTTP Request: GET https://trsmuzekxmpqtvxdkxwe.supabase.co/rest/v1/trades_demo?select=%2A&status=in.%28OPEN%2CPARTIAL%2CTP1_HIT%2CPENDING%29 "HTTP/2 200 OK"
2026-08-09 05:23:32,391 | INFO | scripts.run_trade_updates | Active/pending trades count: 0
2026-08-09 05:23:32,391 | INFO | scripts.run_trade_updates | \u0644\u0627 \u062a\u0648\u062c\u062f \u0635\u0641\u0642\u0627\u062a \u0645\u0641\u062a\u0648\u062d\u0629 \u0623\u0648 \u0623\u0648\u0627\u0645\u0631 \u0645\u0639\u0644\u0642\u0629 — skipping \u062a\u062d\u062f\u064a\u062b \u0627\u0644\u0635\u0641\u0642\u0627\u062a \u0628\u062f\u0648\u0646 Telegram \u0648\u0628\u062f\u0648\u0646 \u062c\u0644\u0628 \u0633\u0639\u0631.
2026-08-09 05:28:32,408 | INFO | scripts.run_trade_updates | Starting trade updates: 2026-08-09T05:28:32.408372+00:00
2026-08-09 05:28:32,408 | INFO | scripts.run_trade_updates | \U0001f50d Session: \u062e\u0627\u0631\u062c Session | Quality: NONE | Allowed: False
2026-08-09 05:28:32,408 | INFO | scripts.run_trade_updates | \u2139\ufe0f Outside normal update hours, but continuing due to update_outside_trading_hours or FORCE_TRADE_UPDATE
2026-08-09 05:28:32,624 | INFO | DatabaseService | Database connected: Supabase
2026-08-09 05:28:33,593 | INFO | httpx | HTTP Request: GET https://trsmuzekxmpqtvxdkxwe.supabase.co/rest/v1/trades_demo?select=%2A&status=in.%28OPEN%2CPARTIAL%2CTP1_HIT%2CPENDING%29 "HTTP/2 200 OK"
2026-08-09 05:28:33,593 | INFO | scripts.run_trade_updates | Active/pending trades count: 0
2026-08-09 05:28:33,593 | INFO | scripts.run_trade_updates | \u0644\u0627 \u062a\u0648\u062c\u062f \u0635\u0641\u0642\u0627\u062a \u0645\u0641\u062a\u0648\u062d\u0629 \u0623\u0648 \u0623\u0648\u0627\u0645\u0631 \u0645\u0639\u0644\u0642\u0629 — skipping \u062a\u062d\u062f\u064a\u062b \u0627\u0644\u0635\u0641\u0642\u0627\u062a \u0628\u062f\u0648\u0646 Telegram \u0648\u0628\u062f\u0648\u0646 \u062c\u0644\u0628 \u0633\u0639\u0631.
2026-08-09 05:33:33,607 | INFO | scripts.run_trade_updates | Starting trade updates: 2026-08-09T05:33:33.607129+00:00
2026-08-09 05:33:33,607 | INFO | scripts.run_trade_updates | \U0001f50d Session: \u062e\u0627\u0631\u062c Session | Quality: NONE | Allowed: False
2026-08-09 05:33:33,607 | INFO | scripts.run_trade_updates | \u2139\ufe0f Outside normal update hours, but continuing due to update_outside_trading_hours or FORCE_TRADE_UPDATE
2026-08-09 05:33:33,833 | INFO | DatabaseService | Database connected: Supabase
2026-08-09 05:33:34,818 | INFO | httpx | HTTP Request: GET https://trsmuzekxmpqtvxdkxwe.supabase.co/rest/v1/trades_demo?select=%2A&status=in.%28OPEN%2CPARTIAL%2CTP1_HIT%2CPENDING%29 "HTTP/2 200 OK"
2026-08-09 05:33:34,834 | INFO | scripts.run_trade_updates | Active/pending trades count: 0
2026-08-09 05:33:34,834 | INFO | scripts.run_trade_updates | \u0644\u0627 \u062a\u0648\u062c\u062f \u0635\u0641\u0642\u0627\u062a \u0645\u0641\u062a\u0648\u062d\u0629 \u0623\u0648 \u0623\u0648\u0627\u0645\u0631 \u0645\u0639\u0644\u0642\u0629 — skipping \u062a\u062d\u062f\u064a\u062b \u0627\u0644\u0635\u0641\u0642\u0627\u062a \u0628\u062f\u0648\u0646 Telegram \u0648\u0628\u062f\u0648\u0646 \u062c\u0644\u0628 \u0633\u0639\u0631.
2026-08-09 05:38:34,836 | INFO | scripts.run_trade_updates | Starting trade updates: 2026-08-09T05:38:34.836199+00:00
2026-08-09 05:38:34,839 | INFO | scripts.run_trade_updates | \U0001f50d Session: \u062e\u0627\u0631\u062c Session | Quality: NONE | Allowed: False
2026-08-09 05:38:34,839 | INFO | scripts.run_trade_updates | \u2139\ufe0f Outside normal update hours, but continuing due to update_outside_trading_hours or FORCE_TRADE_UPDATE
2026-08-09 05:38:35,090 | INFO | DatabaseService | Database connected: Supabase
2026-08-09 05:38:36,122 | INFO | httpx | HTTP Request: GET https://trsmuzekxmpqtvxdkxwe.supabase.co/rest/v1/trades_demo?select=%2A&status=in.%28OPEN%2CPARTIAL%2CTP1_HIT%2CPENDING%29 "HTTP/2 200 OK"
2026-08-09 05:38:36,122 | INFO | scripts.run_trade_updates | Active/pending trades count: 0
2026-08-09 05:38:36,122 | INFO | scripts.run_trade_updates | \u0644\u0627 \u062a\u0648\u062c\u062f \u0635\u0641\u0642\u0627\u062a \u0645\u0641\u062a\u0648\u062d\u0629 \u0623\u0648 \u0623\u0648\u0627\u0645\u0631 \u0645\u0639\u0644\u0642\u0629 — skipping \u062a\u062d\u062f\u064a\u062b \u0627\u0644\u0635\u0641\u0642\u0627\u062a \u0628\u062f\u0648\u0646 Telegram \u0648\u0628\u062f\u0648\u0646 \u062c\u0644\u0628 \u0633\u0639\u0631.
2026-08-09 05:43:36,136 | INFO | scripts.run_trade_updates | Starting trade updates: 2026-08-09T05:43:36.136097+00:00
2026-08-09 05:43:36,139 | INFO | scripts.run_trade_updates | \U0001f50d Session: \u062e\u0627\u0631\u062c Session | Quality: NONE | Allowed: False
2026-08-09 05:43:36,139 | INFO | scripts.run_trade_updates | \u2139\ufe0f Outside normal update hours, but continuing due to update_outside_trading_hours or FORCE_TRADE_UPDATE
2026-08-09 05:43:36,389 | INFO | DatabaseService | Database connected: Supabase
2026-08-09 05:43:37,406 | INFO | httpx | HTTP Request: GET https://trsmuzekxmpqtvxdkxwe.supabase.co/rest/v1/trades_demo?select=%2A&status=in.%28OPEN%2CPARTIAL%2CTP1_HIT%2CPENDING%29 "HTTP/2 200 OK"
2026-08-09 05:43:37,406 | INFO | scripts.run_trade_updates | Active/pending trades count: 0
2026-08-09 05:43:37,406 | INFO | scripts.run_trade_updates | \u0644\u0627 \u062a\u0648\u062c\u062f \u0635\u0641\u0642\u0627\u062a \u0645\u0641\u062a\u0648\u062d\u0629 \u0623\u0648 \u0623\u0648\u0627\u0645\u0631 \u0645\u0639\u0644\u0642\u0629 — skipping \u062a\u062d\u062f\u064a\u062b \u0627\u0644\u0635\u0641\u0642\u0627\u062a \u0628\u062f\u0648\u0646 Telegram \u0648\u0628\u062f\u0648\u0646 \u062c\u0644\u0628 \u0633\u0639\u0631.
2026-08-09 05:48:37,421 | INFO | scripts.run_trade_updates | Starting trade updates: 2026-08-09T05:48:37.421650+00:00
2026-08-09 05:48:37,421 | INFO | scripts.run_trade_updates | \U0001f50d Session: \u062e\u0627\u0631\u062c Session | Quality: NONE | Allowed: False
2026-08-09 05:48:37,421 | INFO | scripts.run_trade_updates | \u2139\ufe0f Outside normal update hours, but continuing due to update_outside_trading_hours or FORCE_TRADE_UPDATE
2026-08-09 05:48:37,671 | INFO | DatabaseService | Database connected: Supabase
2026-08-09 05:48:38,710 | INFO | httpx | HTTP Request: GET https://trsmuzekxmpqtvxdkxwe.supabase.co/rest/v1/trades_demo?select=%2A&status=in.%28OPEN%2CPARTIAL%2CTP1_HIT%2CPENDING%29 "HTTP/2 200 OK"
2026-08-09 05:48:38,710 | INFO | scripts.run_trade_updates | Active/pending trades count: 0
2026-08-09 05:48:38,710 | INFO | scripts.run_trade_updates | \u0644\u0627 \u062a\u0648\u062c\u062f \u0635\u0641\u0642\u0627\u062a \u0645\u0641\u062a\u0648\u062d\u0629 \u0623\u0648 \u0623\u0648\u0627\u0645\u0631 \u0645\u0639\u0644\u0642\u0629 — skipping \u062a\u062d\u062f\u064a\u062b \u0627\u0644\u0635\u0641\u0642\u0627\u062a \u0628\u062f\u0648\u0646 Telegram \u0648\u0628\u062f\u0648\u0646 \u062c\u0644\u0628 \u0633\u0639\u0631.
2026-08-09 05:53:38,720 | INFO | scripts.run_trade_updates | Starting trade updates: 2026-08-09T05:53:38.720942+00:00
2026-08-09 05:53:38,725 | INFO | scripts.run_trade_updates | \U0001f50d Session: \u062e\u0627\u0631\u062c Session | Quality: NONE | Allowed: False
2026-08-09 05:53:38,725 | INFO | scripts.run_trade_updates | \u2139\ufe0f Outside normal update hours, but continuing due to update_outside_trading_hours or FORCE_TRADE_UPDATE
2026-08-09 05:53:38,960 | INFO | DatabaseService | Database connected: Supabase
2026-08-09 05:53:40,008 | INFO | httpx | HTTP Request: GET https://trsmuzekxmpqtvxdkxwe.supabase.co/rest/v1/trades_demo?select=%2A&status=in.%28OPEN%2CPARTIAL%2CTP1_HIT%2CPENDING%29 "HTTP/2 200 OK"
2026-08-09 05:53:40,024 | INFO | scripts.run_trade_updates | Active/pending trades count: 0
2026-08-09 05:53:40,024 | INFO | scripts.run_trade_updates | \u0644\u0627 \u062a\u0648\u062c\u062f \u0635\u0641\u0642\u0627\u062a \u0645\u0641\u062a\u0648\u062d\u0629 \u0623\u0648 \u0623\u0648\u0627\u0645\u0631 \u0645\u0639\u0644\u0642\u0629 — skipping \u062a\u062d\u062f\u064a\u062b \u0627\u0644\u0635\u0641\u0642\u0627\u062a \u0628\u062f\u0648\u0646 Telegram \u0648\u0628\u062f\u0648\u0646 \u062c\u0644\u0628 \u0633\u0639\u0631.
2026-08-09 05:58:40,025 | INFO | scripts.run_trade_updates | Starting trade updates: 2026-08-09T05:58:40.025779+00:00
2026-08-09 05:58:40,025 | INFO | scripts.run_trade_updates | \U0001f50d Session: \u062e\u0627\u0631\u062c Session | Quality: NONE | Allowed: False
2026-08-09 05:58:40,025 | INFO | scripts.run_trade_updates | \u2139\ufe0f Outside normal update hours, but continuing due to update_outside_trading_hours or FORCE_TRADE_UPDATE
2026-08-09 05:58:40,250 | INFO | DatabaseService | Database connected: Supabase
2026-08-09 05:58:42,174 | INFO | httpx | HTTP Request: GET https://trsmuzekxmpqtvxdkxwe.supabase.co/rest/v1/trades_demo?select=%2A&status=in.%28OPEN%2CPARTIAL%2CTP1_HIT%2CPENDING%29 "HTTP/2 200 OK"
2026-08-09 05:58:42,174 | INFO | scripts.run_trade_updates | Active/pending trades count: 0
2026-08-09 05:58:42,174 | INFO | scripts.run_trade_updates | \u0644\u0627 \u062a\u0648\u062c\u062f \u0635\u0641\u0642\u0627\u062a \u0645\u0641\u062a\u0648\u062d\u0629 \u0623\u0648 \u0623\u0648\u0627\u0645\u0631 \u0645\u0639\u0644\u0642\u0629 — skipping \u062a\u062d\u062f\u064a\u062b \u0627\u0644\u0635\u0641\u0642\u0627\u062a \u0628\u062f\u0648\u0646 Telegram \u0648\u0628\u062f\u0648\u0646 \u062c\u0644\u0628 \u0633\u0639\u0631.
2026-08-09 06:03:42,190 | INFO | scripts.run_trade_updates | Starting trade updates: 2026-08-09T06:03:42.190588+00:00
2026-08-09 06:03:42,190 | INFO | scripts.run_trade_updates | \U0001f50d Session: \u062e\u0627\u0631\u062c Session | Quality: NONE | Allowed: False
2026-08-09 06:03:42,190 | INFO | scripts.run_trade_updates | \u2139\ufe0f Outside normal update hours, but continuing due to update_outside_trading_hours or FORCE_TRADE_UPDATE
2026-08-09 06:03:42,409 | INFO | DatabaseService | Database connected: Supabase
2026-08-09 06:03:43,393 | INFO | httpx | HTTP Request: GET https://trsmuzekxmpqtvxdkxwe.supabase.co/rest/v1/trades_demo?select=%2A&status=in.%28OPEN%2CPARTIAL%2CTP1_HIT%2CPENDING%29 "HTTP/2 200 OK"
2026-08-09 06:03:43,393 | INFO | scripts.run_trade_updates | Active/pending trades count: 0
2026-08-09 06:03:43,393 | INFO | scripts.run_trade_updates | \u0644\u0627 \u062a\u0648\u062c\u062f \u0635\u0641\u0642\u0627\u062a \u0645\u0641\u062a\u0648\u062d\u0629 \u0623\u0648 \u0623\u0648\u0627\u0645\u0631 \u0645\u0639\u0644\u0642\u0629 — skipping \u062a\u062d\u062f\u064a\u062b \u0627\u0644\u0635\u0641\u0642\u0627\u062a \u0628\u062f\u0648\u0646 Telegram \u0648\u0628\u062f\u0648\u0646 \u062c\u0644\u0628 \u0633\u0639\u0631.
2026-08-09 06:08:43,404 | INFO | scripts.run_trade_updates | Starting trade updates: 2026-08-09T06:08:43.404896+00:00
2026-08-09 06:08:43,404 | INFO | scripts.run_trade_updates | \U0001f50d Session: \u062e\u0627\u0631\u062c Session | Quality: NONE | Allowed: False
2026-08-09 06:08:43,404 | INFO | scripts.run_trade_updates | \u2139\ufe0f Outside normal update hours, but continuing due to update_outside_trading_hours or FORCE_TRADE_UPDATE
2026-08-09 06:08:43,646 | INFO | DatabaseService | Database connected: Supabase
2026-08-09 06:08:44,664 | INFO | httpx | HTTP Request: GET https://trsmuzekxmpqtvxdkxwe.supabase.co/rest/v1/trades_demo?select=%2A&status=in.%28OPEN%2CPARTIAL%2CTP1_HIT%2CPENDING%29 "HTTP/2 200 OK"
2026-08-09 06:08:44,664 | INFO | scripts.run_trade_updates | Active/pending trades count: 0
2026-08-09 06:08:44,664 | INFO | scripts.run_trade_updates | \u0644\u0627 \u062a\u0648\u062c\u062f \u0635\u0641\u0642\u0627\u062a \u0645\u0641\u062a\u0648\u062d\u0629 \u0623\u0648 \u0623\u0648\u0627\u0645\u0631 \u0645\u0639\u0644\u0642\u0629 — skipping \u062a\u062d\u062f\u064a\u062b \u0627\u0644\u0635\u0641\u0642\u0627\u062a \u0628\u062f\u0648\u0646 Telegram \u0648\u0628\u062f\u0648\u0646 \u062c\u0644\u0628 \u0633\u0639\u0631.
2026-08-09 06:13:44,677 | INFO | scripts.run_trade_updates | Starting trade updates: 2026-08-09T06:13:44.677396+00:00
2026-08-09 06:13:44,677 | INFO | scripts.run_trade_updates | \U0001f50d Session: \u062e\u0627\u0631\u062c Session | Quality: NONE | Allowed: False
2026-08-09 06:13:44,677 | INFO | scripts.run_trade_updates | \u2139\ufe0f Outside normal update hours, but continuing due to update_outside_trading_hours or FORCE_TRADE_UPDATE
2026-08-09 06:13:44,940 | INFO | DatabaseService | Database connected: Supabase
2026-08-09 06:13:45,473 | INFO | httpx | HTTP Request: GET https://trsmuzekxmpqtvxdkxwe.supabase.co/rest/v1/trades_demo?select=%2A&status=in.%28OPEN%2CPARTIAL%2CTP1_HIT%2CPENDING%29 "HTTP/2 200 OK"
2026-08-09 06:13:45,473 | INFO | scripts.run_trade_updates | Active/pending trades count: 0
2026-08-09 06:13:45,473 | INFO | scripts.run_trade_updates | \u0644\u0627 \u062a\u0648\u062c\u062f \u0635\u0641\u0642\u0627\u062a \u0645\u0641\u062a\u0648\u062d\u0629 \u0623\u0648 \u0623\u0648\u0627\u0645\u0631 \u0645\u0639\u0644\u0642\u0629 — skipping \u062a\u062d\u062f\u064a\u062b \u0627\u0644\u0635\u0641\u0642\u0627\u062a \u0628\u062f\u0648\u0646 Telegram \u0648\u0628\u062f\u0648\u0646 \u062c\u0644\u0628 \u0633\u0639\u0631.
2026-08-09 06:18:45,488 | INFO | scripts.run_trade_updates | Starting trade updates: 2026-08-09T06:18:45.488660+00:00
2026-08-09 06:18:45,490 | INFO | scripts.run_trade_updates | \U0001f50d Session: \u062e\u0627\u0631\u062c Session | Quality: NONE | Allowed: False
2026-08-09 06:18:45,490 | INFO | scripts.run_trade_updates | \u2139\ufe0f Outside normal update hours, but continuing due to update_outside_trading_hours or FORCE_TRADE_UPDATE
2026-08-09 06:18:45,756 | INFO | DatabaseService | Database connected: Supabase
2026-08-09 06:18:46,788 | INFO | httpx | HTTP Request: GET https://trsmuzekxmpqtvxdkxwe.supabase.co/rest/v1/trades_demo?select=%2A&status=in.%28OPEN%2CPARTIAL%2CTP1_HIT%2CPENDING%29 "HTTP/2 200 OK"
2026-08-09 06:18:46,788 | INFO | scripts.run_trade_updates | Active/pending trades count: 0
2026-08-09 06:18:46,788 | INFO | scripts.run_trade_updates | \u0644\u0627 \u062a\u0648\u062c\u062f \u0635\u0641\u0642\u0627\u062a \u0645\u0641\u062a\u0648\u062d\u0629 \u0623\u0648 \u0623\u0648\u0627\u0645\u0631 \u0645\u0639\u0644\u0642\u0629 — skipping \u062a\u062d\u062f\u064a\u062b \u0627\u0644\u0635\u0641\u0642\u0627\u062a \u0628\u062f\u0648\u0646 Telegram \u0648\u0628\u062f\u0648\u0646 \u062c\u0644\u0628 \u0633\u0639\u0631.
2026-08-09 06:23:46,795 | INFO | scripts.run_trade_updates | Starting trade updates: 2026-08-09T06:23:46.795530+00:00
2026-08-09 06:23:46,795 | INFO | scripts.run_trade_updates | \U0001f50d Session: \u062e\u0627\u0631\u062c Session | Quality: NONE | Allowed: False
2026-08-09 06:23:46,795 | INFO | scripts.run_trade_updates | \u2139\ufe0f Outside normal update hours, but continuing due to update_outside_trading_hours or FORCE_TRADE_UPDATE
2026-08-09 06:23:47,043 | INFO | DatabaseService | Database connected: Supabase
2026-08-09 06:23:48,139 | INFO | httpx | HTTP Request: GET https://trsmuzekxmpqtvxdkxwe.supabase.co/rest/v1/trades_demo?select=%2A&status=in.%28OPEN%2CPARTIAL%2CTP1_HIT%2CPENDING%29 "HTTP/2 200 OK"
2026-08-09 06:23:48,139 | INFO | scripts.run_trade_updates | Active/pending trades count: 0
2026-08-09 06:23:48,139 | INFO | scripts.run_trade_updates | \u0644\u0627 \u062a\u0648\u062c\u062f \u0635\u0641\u0642\u0627\u062a \u0645\u0641\u062a\u0648\u062d\u0629 \u0623\u0648 \u0623\u0648\u0627\u0645\u0631 \u0645\u0639\u0644\u0642\u0629 — skipping \u062a\u062d\u062f\u064a\u062b \u0627\u0644\u0635\u0641\u0642\u0627\u062a \u0628\u062f\u0648\u0646 Telegram \u0648\u0628\u062f\u0648\u0646 \u062c\u0644\u0628 \u0633\u0639\u0631.
2026-08-09 06:28:48,150 | INFO | scripts.run_trade_updates | Starting trade updates: 2026-08-09T06:28:48.150192+00:00
2026-08-09 06:28:48,150 | INFO | scripts.run_trade_updates | \U0001f50d Session: \u062e\u0627\u0631\u062c Session | Quality: NONE | Allowed: False
2026-08-09 06:28:48,150 | INFO | scripts.run_trade_updates | \u2139\ufe0f Outside normal update hours, but continuing due to update_outside_trading_hours or FORCE_TRADE_UPDATE
2026-08-09 06:28:48,390 | INFO | DatabaseService | Database connected: Supabase
2026-08-09 06:28:49,391 | INFO | httpx | HTTP Request: GET https://trsmuzekxmpqtvxdkxwe.supabase.co/rest/v1/trades_demo?select=%2A&status=in.%28OPEN%2CPARTIAL%2CTP1_HIT%2CPENDING%29 "HTTP/2 200 OK"
2026-08-09 06:28:49,391 | INFO | scripts.run_trade_updates | Active/pending trades count: 0
2026-08-09 06:28:49,391 | INFO | scripts.run_trade_updates | \u0644\u0627 \u062a\u0648\u062c\u062f \u0635\u0641\u0642\u0627\u062a \u0645\u0641\u062a\u0648\u062d\u0629 \u0623\u0648 \u0623\u0648\u0627\u0645\u0631 \u0645\u0639\u0644\u0642\u0629 — skipping \u062a\u062d\u062f\u064a\u062b \u0627\u0644\u0635\u0641\u0642\u0627\u062a \u0628\u062f\u0648\u0646 Telegram \u0648\u0628\u062f\u0648\u0646 \u062c\u0644\u0628 \u0633\u0639\u0631.
2026-08-09 06:33:49,407 | INFO | scripts.run_trade_updates | Starting trade updates: 2026-08-09T06:33:49.407639+00:00
2026-08-09 06:33:49,407 | INFO | scripts.run_trade_updates | \U0001f50d Session: \u062e\u0627\u0631\u062c Session | Quality: NONE | Allowed: False
2026-08-09 06:33:49,407 | INFO | scripts.run_trade_updates | \u2139\ufe0f Outside normal update hours, but continuing due to update_outside_trading_hours or FORCE_TRADE_UPDATE
2026-08-09 06:33:49,623 | INFO | DatabaseService | Database connected: Supabase
2026-08-09 06:33:50,140 | INFO | httpx | HTTP Request: GET https://trsmuzekxmpqtvxdkxwe.supabase.co/rest/v1/trades_demo?select=%2A&status=in.%28OPEN%2CPARTIAL%2CTP1_HIT%2CPENDING%29 "HTTP/2 200 OK"
2026-08-09 06:33:50,140 | INFO | scripts.run_trade_updates | Active/pending trades count: 0
2026-08-09 06:33:50,140 | INFO | scripts.run_trade_updates | \u0644\u0627 \u062a\u0648\u062c\u062f \u0635\u0641\u0642\u0627\u062a \u0645\u0641\u062a\u0648\u062d\u0629 \u0623\u0648 \u0623\u0648\u0627\u0645\u0631 \u0645\u0639\u0644\u0642\u0629 — skipping \u062a\u062d\u062f\u064a\u062b \u0627\u0644\u0635\u0641\u0642\u0627\u062a \u0628\u062f\u0648\u0646 Telegram \u0648\u0628\u062f\u0648\u0646 \u062c\u0644\u0628 \u0633\u0639\u0631.
2026-08-09 06:38:50,151 | INFO | scripts.run_trade_updates | Starting trade updates: 2026-08-09T06:38:50.151456+00:00
2026-08-09 06:38:50,158 | INFO | scripts.run_trade_updates | \U0001f50d Session: \u062e\u0627\u0631\u062c Session | Quality: NONE | Allowed: False
2026-08-09 06:38:50,158 | INFO | scripts.run_trade_updates | \u2139\ufe0f Outside normal update hours, but continuing due to update_outside_trading_hours or FORCE_TRADE_UPDATE
2026-08-09 06:38:50,455 | INFO | DatabaseService | Database connected: Supabase
2026-08-09 06:38:51,007 | INFO | httpx | HTTP Request: GET https://trsmuzekxmpqtvxdkxwe.supabase.co/rest/v1/trades_demo?select=%2A&status=in.%28OPEN%2CPARTIAL%2CTP1_HIT%2CPENDING%29 "HTTP/2 200 OK"
2026-08-09 06:38:51,007 | INFO | scripts.run_trade_updates | Active/pending trades count: 0
2026-08-09 06:38:51,007 | INFO | scripts.run_trade_updates | \u0644\u0627 \u062a\u0648\u062c\u062f \u0635\u0641\u0642\u0627\u062a \u0645\u0641\u062a\u0648\u062d\u0629 \u0623\u0648 \u0623\u0648\u0627\u0645\u0631 \u0645\u0639\u0644\u0642\u0629 — skipping \u062a\u062d\u062f\u064a\u062b \u0627\u0644\u0635\u0641\u0642\u0627\u062a \u0628\u062f\u0648\u0646 Telegram \u0648\u0628\u062f\u0648\u0646 \u062c\u0644\u0628 \u0633\u0639\u0631.
2026-08-09 06:43:51,021 | INFO | scripts.run_trade_updates | Starting trade updates: 2026-08-09T06:43:51.021640+00:00
2026-08-09 06:43:51,021 | INFO | scripts.run_trade_updates | \U0001f50d Session: \u062e\u0627\u0631\u062c Session | Quality: NONE | Allowed: False
2026-08-09 06:43:51,021 | INFO | scripts.run_trade_updates | \u2139\ufe0f Outside normal update hours, but continuing due to update_outside_trading_hours or FORCE_TRADE_UPDATE
2026-08-09 06:43:51,249 | INFO | DatabaseService | Database connected: Supabase
2026-08-09 06:43:52,281 | INFO | httpx | HTTP Request: GET https://trsmuzekxmpqtvxdkxwe.supabase.co/rest/v1/trades_demo?select=%2A&status=in.%28OPEN%2CPARTIAL%2CTP1_HIT%2CPENDING%29 "HTTP/2 200 OK"
2026-08-09 06:43:52,281 | INFO | scripts.run_trade_updates | Active/pending trades count: 0
2026-08-09 06:43:52,281 | INFO | scripts.run_trade_updates | \u0644\u0627 \u062a\u0648\u062c\u062f \u0635\u0641\u0642\u0627\u062a \u0645\u0641\u062a\u0648\u062d\u0629 \u0623\u0648 \u0623\u0648\u0627\u0645\u0631 \u0645\u0639\u0644\u0642\u0629 — skipping \u062a\u062d\u062f\u064a\u062b \u0627\u0644\u0635\u0641\u0642\u0627\u062a \u0628\u062f\u0648\u0646 Telegram \u0648\u0628\u062f\u0648\u0646 \u062c\u0644\u0628 \u0633\u0639\u0631.
2026-08-09 06:48:52,286 | INFO | scripts.run_trade_updates | Starting trade updates: 2026-08-09T06:48:52.286523+00:00
2026-08-09 06:48:52,286 | INFO | scripts.run_trade_updates | \U0001f50d Session: \u062e\u0627\u0631\u062c Session | Quality: NONE | Allowed: False
2026-08-09 06:48:52,286 | INFO | scripts.run_trade_updates | \u2139\ufe0f Outside normal update hours, but continuing due to update_outside_trading_hours or FORCE_TRADE_UPDATE
2026-08-09 06:48:52,544 | INFO | DatabaseService | Database connected: Supabase
2026-08-09 06:48:53,623 | INFO | httpx | HTTP Request: GET https://trsmuzekxmpqtvxdkxwe.supabase.co/rest/v1/trades_demo?select=%2A&status=in.%28OPEN%2CPARTIAL%2CTP1_HIT%2CPENDING%29 "HTTP/2 200 OK"
2026-08-09 06:48:53,623 | INFO | scripts.run_trade_updates | Active/pending trades count: 0
2026-08-09 06:48:53,623 | INFO | scripts.run_trade_updates | \u0644\u0627 \u062a\u0648\u062c\u062f \u0635\u0641\u0642\u0627\u062a \u0645\u0641\u062a\u0648\u062d\u0629 \u0623\u0648 \u0623\u0648\u0627\u0645\u0631 \u0645\u0639\u0644\u0642\u0629 — skipping \u062a\u062d\u062f\u064a\u062b \u0627\u0644\u0635\u0641\u0642\u0627\u062a \u0628\u062f\u0648\u0646 Telegram \u0648\u0628\u062f\u0648\u0646 \u062c\u0644\u0628 \u0633\u0639\u0631.
2026-08-09 06:53:53,630 | INFO | scripts.run_trade_updates | Starting trade updates: 2026-08-09T06:53:53.630781+00:00
2026-08-09 06:53:53,630 | INFO | scripts.run_trade_updates | \U0001f50d Session: \u062e\u0627\u0631\u062c Session | Quality: NONE | Allowed: False
2026-08-09 06:53:53,630 | INFO | scripts.run_trade_updates | \u2139\ufe0f Outside normal update hours, but continuing due to update_outside_trading_hours or FORCE_TRADE_UPDATE
2026-08-09 06:53:53,871 | INFO | DatabaseService | Database connected: Supabase
2026-08-09 06:53:54,904 | INFO | httpx | HTTP Request: GET https://trsmuzekxmpqtvxdkxwe.supabase.co/rest/v1/trades_demo?select=%2A&status=in.%28OPEN%2CPARTIAL%2CTP1_HIT%2CPENDING%29 "HTTP/2 200 OK"
2026-08-09 06:53:54,904 | INFO | scripts.run_trade_updates | Active/pending trades count: 0
2026-08-09 06:53:54,904 | INFO | scripts.run_trade_updates | \u0644\u0627 \u062a\u0648\u062c\u062f \u0635\u0641\u0642\u0627\u062a \u0645\u0641\u062a\u0648\u062d\u0629 \u0623\u0648 \u0623\u0648\u0627\u0645\u0631 \u0645\u0639\u0644\u0642\u0629 — skipping \u062a\u062d\u062f\u064a\u062b \u0627\u0644\u0635\u0641\u0642\u0627\u062a \u0628\u062f\u0648\u0646 Telegram \u0648\u0628\u062f\u0648\u0646 \u062c\u0644\u0628 \u0633\u0639\u0631.
2026-08-09 06:58:54,919 | INFO | scripts.run_trade_updates | Starting trade updates: 2026-08-09T06:58:54.919167+00:00
2026-08-09 06:58:54,919 | INFO | scripts.run_trade_updates | \U0001f50d Session: \u062e\u0627\u0631\u062c Session | Quality: NONE | Allowed: False
2026-08-09 06:58:54,919 | INFO | scripts.run_trade_updates | \u2139\ufe0f Outside normal update hours, but continuing due to update_outside_trading_hours or FORCE_TRADE_UPDATE
2026-08-09 06:58:55,154 | INFO | DatabaseService | Database connected: Supabase
2026-08-09 06:58:56,140 | INFO | httpx | HTTP Request: GET https://trsmuzekxmpqtvxdkxwe.supabase.co/rest/v1/trades_demo?select=%2A&status=in.%28OPEN%2CPARTIAL%2CTP1_HIT%2CPENDING%29 "HTTP/2 200 OK"
2026-08-09 06:58:56,140 | INFO | scripts.run_trade_updates | Active/pending trades count: 0
2026-08-09 06:58:56,140 | INFO | scripts.run_trade_updates | \u0644\u0627 \u062a\u0648\u062c\u062f \u0635\u0641\u0642\u0627\u062a \u0645\u0641\u062a\u0648\u062d\u0629 \u0623\u0648 \u0623\u0648\u0627\u0645\u0631 \u0645\u0639\u0644\u0642\u0629 — skipping \u062a\u062d\u062f\u064a\u062b \u0627\u0644\u0635\u0641\u0642\u0627\u062a \u0628\u062f\u0648\u0646 Telegram \u0648\u0628\u062f\u0648\u0646 \u062c\u0644\u0628 \u0633\u0639\u0631.
2026-08-09 07:03:56,150 | INFO | scripts.run_trade_updates | Starting trade updates: 2026-08-09T07:03:56.150818+00:00
2026-08-09 07:03:56,150 | INFO | scripts.run_trade_updates | \U0001f50d Session: \u062e\u0627\u0631\u062c Session | Quality: NONE | Allowed: False
2026-08-09 07:03:56,150 | INFO | scripts.run_trade_updates | \u2139\ufe0f Outside normal update hours, but continuing due to update_outside_trading_hours or FORCE_TRADE_UPDATE
2026-08-09 07:03:56,375 | INFO | DatabaseService | Database connected: Supabase
2026-08-09 07:03:57,402 | INFO | httpx | HTTP Request: GET https://trsmuzekxmpqtvxdkxwe.supabase.co/rest/v1/trades_demo?select=%2A&status=in.%28OPEN%2CPARTIAL%2CTP1_HIT%2CPENDING%29 "HTTP/2 200 OK"
2026-08-09 07:03:57,418 | INFO | scripts.run_trade_updates | Active/pending trades count: 0
2026-08-09 07:03:57,418 | INFO | scripts.run_trade_updates | \u0644\u0627 \u062a\u0648\u062c\u062f \u0635\u0641\u0642\u0627\u062a \u0645\u0641\u062a\u0648\u062d\u0629 \u0623\u0648 \u0623\u0648\u0627\u0645\u0631 \u0645\u0639\u0644\u0642\u0629 — skipping \u062a\u062d\u062f\u064a\u062b \u0627\u0644\u0635\u0641\u0642\u0627\u062a \u0628\u062f\u0648\u0646 Telegram \u0648\u0628\u062f\u0648\u0646 \u062c\u0644\u0628 \u0633\u0639\u0631.
2026-08-09 07:08:57,420 | INFO | scripts.run_trade_updates | Starting trade updates: 2026-08-09T07:08:57.420129+00:00
2026-08-09 07:08:57,420 | INFO | scripts.run_trade_updates | \U0001f50d Session: \u062e\u0627\u0631\u062c Session | Quality: NONE | Allowed: False
2026-08-09 07:08:57,420 | INFO | scripts.run_trade_updates | \u2139\ufe0f Outside normal update hours, but continuing due to update_outside_trading_hours or FORCE_TRADE_UPDATE
2026-08-09 07:08:57,637 | INFO | DatabaseService | Database connected: Supabase
2026-08-09 07:08:58,216 | INFO | httpx | HTTP Request: GET https://trsmuzekxmpqtvxdkxwe.supabase.co/rest/v1/trades_demo?select=%2A&status=in.%28OPEN%2CPARTIAL%2CTP1_HIT%2CPENDING%29 "HTTP/2 200 OK"
2026-08-09 07:08:58,216 | INFO | scripts.run_trade_updates | Active/pending trades count: 0
2026-08-09 07:08:58,216 | INFO | scripts.run_trade_updates | \u0644\u0627 \u062a\u0648\u062c\u062f \u0635\u0641\u0642\u0627\u062a \u0645\u0641\u062a\u0648\u062d\u0629 \u0623\u0648 \u0623\u0648\u0627\u0645\u0631 \u0645\u0639\u0644\u0642\u0629 — skipping \u062a\u062d\u062f\u064a\u062b \u0627\u0644\u0635\u0641\u0642\u0627\u062a \u0628\u062f\u0648\u0646 Telegram \u0648\u0628\u062f\u0648\u0646 \u062c\u0644\u0628 \u0633\u0639\u0631.
2026-08-09 07:13:58,232 | INFO | scripts.run_trade_updates | Starting trade updates: 2026-08-09T07:13:58.232026+00:00
2026-08-09 07:13:58,234 | INFO | scripts.run_trade_updates | \U0001f50d Session: \u062e\u0627\u0631\u062c Session | Quality: NONE | Allowed: False
2026-08-09 07:13:58,234 | INFO | scripts.run_trade_updates | \u2139\ufe0f Outside normal update hours, but continuing due to update_outside_trading_hours or FORCE_TRADE_UPDATE
2026-08-09 07:13:58,469 | INFO | DatabaseService | Database connected: Supabase
2026-08-09 07:13:59,485 | INFO | httpx | HTTP Request: GET https://trsmuzekxmpqtvxdkxwe.supabase.co/rest/v1/trades_demo?select=%2A&status=in.%28OPEN%2CPARTIAL%2CTP1_HIT%2CPENDING%29 "HTTP/2 200 OK"
2026-08-09 07:13:59,485 | INFO | scripts.run_trade_updates | Active/pending trades count: 0
2026-08-09 07:13:59,485 | INFO | scripts.run_trade_updates | \u0644\u0627 \u062a\u0648\u062c\u062f \u0635\u0641\u0642\u0627\u062a \u0645\u0641\u062a\u0648\u062d\u0629 \u0623\u0648 \u0623\u0648\u0627\u0645\u0631 \u0645\u0639\u0644\u0642\u0629 — skipping \u062a\u062d\u062f\u064a\u062b \u0627\u0644\u0635\u0641\u0642\u0627\u062a \u0628\u062f\u0648\u0646 Telegram \u0648\u0628\u062f\u0648\u0646 \u062c\u0644\u0628 \u0633\u0639\u0631.
2026-08-09 07:18:59,496 | INFO | scripts.run_trade_updates | Starting trade updates: 2026-08-09T07:18:59.496264+00:00
2026-08-09 07:18:59,498 | INFO | scripts.run_trade_updates | \U0001f50d Session: \u062e\u0627\u0631\u062c Session | Quality: NONE | Allowed: False
2026-08-09 07:18:59,498 | INFO | scripts.run_trade_updates | \u2139\ufe0f Outside normal update hours, but continuing due to update_outside_trading_hours or FORCE_TRADE_UPDATE
2026-08-09 07:18:59,717 | INFO | DatabaseService | Database connected: Supabase
2026-08-09 07:19:00,766 | INFO | httpx | HTTP Request: GET https://trsmuzekxmpqtvxdkxwe.supabase.co/rest/v1/trades_demo?select=%2A&status=in.%28OPEN%2CPARTIAL%2CTP1_HIT%2CPENDING%29 "HTTP/2 200 OK"
2026-08-09 07:19:00,766 | INFO | scripts.run_trade_updates | Active/pending trades count: 0
2026-08-09 07:19:00,766 | INFO | scripts.run_trade_updates | \u0644\u0627 \u062a\u0648\u062c\u062f \u0635\u0641\u0642\u0627\u062a \u0645\u0641\u062a\u0648\u062d\u0629 \u0623\u0648 \u0623\u0648\u0627\u0645\u0631 \u0645\u0639\u0644\u0642\u0629 — skipping \u062a\u062d\u062f\u064a\u062b \u0627\u0644\u0635\u0641\u0642\u0627\u062a \u0628\u062f\u0648\u0646 Telegram \u0648\u0628\u062f\u0648\u0646 \u062c\u0644\u0628 \u0633\u0639\u0631.
2026-08-09 07:24:00,774 | INFO | scripts.run_trade_updates | Starting trade updates: 2026-08-09T07:24:00.774607+00:00
2026-08-09 07:24:00,774 | INFO | scripts.run_trade_updates | \U0001f50d Session: \u062e\u0627\u0631\u062c Session | Quality: NONE | Allowed: False
2026-08-09 07:24:00,774 | INFO | scripts.run_trade_updates | \u2139\ufe0f Outside normal update hours, but continuing due to update_outside_trading_hours or FORCE_TRADE_UPDATE
2026-08-09 07:24:01,016 | INFO | DatabaseService | Database connected: Supabase
2026-08-09 07:24:01,563 | INFO | httpx | HTTP Request: GET https://trsmuzekxmpqtvxdkxwe.supabase.co/rest/v1/trades_demo?select=%2A&status=in.%28OPEN%2CPARTIAL%2CTP1_HIT%2CPENDING%29 "HTTP/2 200 OK"
2026-08-09 07:24:01,563 | INFO | scripts.run_trade_updates | Active/pending trades count: 0
2026-08-09 07:24:01,563 | INFO | scripts.run_trade_updates | \u0644\u0627 \u062a\u0648\u062c\u062f \u0635\u0641\u0642\u0627\u062a \u0645\u0641\u062a\u0648\u062d\u0629 \u0623\u0648 \u0623\u0648\u0627\u0645\u0631 \u0645\u0639\u0644\u0642\u0629 — skipping \u062a\u062d\u062f\u064a\u062b \u0627\u0644\u0635\u0641\u0642\u0627\u062a \u0628\u062f\u0648\u0646 Telegram \u0648\u0628\u062f\u0648\u0646 \u062c\u0644\u0628 \u0633\u0639\u0631.
2026-08-09 07:29:01,570 | INFO | scripts.run_trade_updates | Starting trade updates: 2026-08-09T07:29:01.570854+00:00
2026-08-09 07:29:01,570 | INFO | scripts.run_trade_updates | \U0001f50d Session: \u062e\u0627\u0631\u062c Session | Quality: NONE | Allowed: False
2026-08-09 07:29:01,570 | INFO | scripts.run_trade_updates | \u2139\ufe0f Outside normal update hours, but continuing due to update_outside_trading_hours or FORCE_TRADE_UPDATE
2026-08-09 07:29:01,842 | INFO | DatabaseService | Database connected: Supabase
2026-08-09 07:29:02,531 | INFO | httpx | HTTP Request: GET https://trsmuzekxmpqtvxdkxwe.supabase.co/rest/v1/trades_demo?select=%2A&status=in.%28OPEN%2CPARTIAL%2CTP1_HIT%2CPENDING%29 "HTTP/2 200 OK"
2026-08-09 07:29:02,531 | INFO | scripts.run_trade_updates | Active/pending trades count: 0
2026-08-09 07:29:02,531 | INFO | scripts.run_trade_updates | \u0644\u0627 \u062a\u0648\u062c\u062f \u0635\u0641\u0642\u0627\u062a \u0645\u0641\u062a\u0648\u062d\u0629 \u0623\u0648 \u0623\u0648\u0627\u0645\u0631 \u0645\u0639\u0644\u0642\u0629 — skipping \u062a\u062d\u062f\u064a\u062b \u0627\u0644\u0635\u0641\u0642\u0627\u062a \u0628\u062f\u0648\u0646 Telegram \u0648\u0628\u062f\u0648\u0646 \u062c\u0644\u0628 \u0633\u0639\u0631.
2026-08-09 07:34:02,546 | INFO | scripts.run_trade_updates | Starting trade updates: 2026-08-09T07:34:02.546285+00:00
2026-08-09 07:34:02,546 | INFO | scripts.run_trade_updates | \U0001f50d Session: \u062e\u0627\u0631\u062c Session | Quality: NONE | Allowed: False
2026-08-09 07:34:02,546 | INFO | scripts.run_trade_updates | \u2139\ufe0f Outside normal update hours, but continuing due to update_outside_trading_hours or FORCE_TRADE_UPDATE
2026-08-09 07:34:02,778 | INFO | DatabaseService | Database connected: Supabase
2026-08-09 07:34:03,826 | INFO | httpx | HTTP Request: GET https://trsmuzekxmpqtvxdkxwe.supabase.co/rest/v1/trades_demo?select=%2A&status=in.%28OPEN%2CPARTIAL%2CTP1_HIT%2CPENDING%29 "HTTP/2 200 OK"
2026-08-09 07:34:03,826 | INFO | scripts.run_trade_updates | Active/pending trades count: 0
2026-08-09 07:34:03,826 | INFO | scripts.run_trade_updates | \u0644\u0627 \u062a\u0648\u062c\u062f \u0635\u0641\u0642\u0627\u062a \u0645\u0641\u062a\u0648\u062d\u0629 \u0623\u0648 \u0623\u0648\u0627\u0645\u0631 \u0645\u0639\u0644\u0642\u0629 — skipping \u062a\u062d\u062f\u064a\u062b \u0627\u0644\u0635\u0641\u0642\u0627\u062a \u0628\u062f\u0648\u0646 Telegram \u0648\u0628\u062f\u0648\u0646 \u062c\u0644\u0628 \u0633\u0639\u0631.
2026-08-09 07:39:03,834 | INFO | scripts.run_trade_updates | Starting trade updates: 2026-08-09T07:39:03.834449+00:00
2026-08-09 07:39:03,834 | INFO | scripts.run_trade_updates | \U0001f50d Session: \u062e\u0627\u0631\u062c Session | Quality: NONE | Allowed: False
2026-08-09 07:39:03,834 | INFO | scripts.run_trade_updates | \u2139\ufe0f Outside normal update hours, but continuing due to update_outside_trading_hours or FORCE_TRADE_UPDATE
2026-08-09 07:39:04,096 | INFO | DatabaseService | Database connected: Supabase
2026-08-09 07:39:05,082 | INFO | httpx | HTTP Request: GET https://trsmuzekxmpqtvxdkxwe.supabase.co/rest/v1/trades_demo?select=%2A&status=in.%28OPEN%2CPARTIAL%2CTP1_HIT%2CPENDING%29 "HTTP/2 200 OK"
2026-08-09 07:39:05,082 | INFO | scripts.run_trade_updates | Active/pending trades count: 0
2026-08-09 07:39:05,082 | INFO | scripts.run_trade_updates | \u0644\u0627 \u062a\u0648\u062c\u062f \u0635\u0641\u0642\u0627\u062a \u0645\u0641\u062a\u0648\u062d\u0629 \u0623\u0648 \u0623\u0648\u0627\u0645\u0631 \u0645\u0639\u0644\u0642\u0629 — skipping \u062a\u062d\u062f\u064a\u062b \u0627\u0644\u0635\u0641\u0642\u0627\u062a \u0628\u062f\u0648\u0646 Telegram \u0648\u0628\u062f\u0648\u0646 \u062c\u0644\u0628 \u0633\u0639\u0631.
2026-08-09 07:44:05,089 | INFO | scripts.run_trade_updates | Starting trade updates: 2026-08-09T07:44:05.089297+00:00
2026-08-09 07:44:05,091 | INFO | scripts.run_trade_updates | \U0001f50d Session: \u062e\u0627\u0631\u062c Session | Quality: NONE | Allowed: False
2026-08-09 07:44:05,091 | INFO | scripts.run_trade_updates | \u2139\ufe0f Outside normal update hours, but continuing due to update_outside_trading_hours or FORCE_TRADE_UPDATE
2026-08-09 07:44:05,358 | INFO | DatabaseService | Database connected: Supabase
2026-08-09 07:44:05,920 | INFO | httpx | HTTP Request: GET https://trsmuzekxmpqtvxdkxwe.supabase.co/rest/v1/trades_demo?select=%2A&status=in.%28OPEN%2CPARTIAL%2CTP1_HIT%2CPENDING%29 "HTTP/2 200 OK"
2026-08-09 07:44:05,920 | INFO | scripts.run_trade_updates | Active/pending trades count: 0
2026-08-09 07:44:05,920 | INFO | scripts.run_trade_updates | \u0644\u0627 \u062a\u0648\u062c\u062f \u0635\u0641\u0642\u0627\u062a \u0645\u0641\u062a\u0648\u062d\u0629 \u0623\u0648 \u0623\u0648\u0627\u0645\u0631 \u0645\u0639\u0644\u0642\u0629 — skipping \u062a\u062d\u062f\u064a\u062b \u0627\u0644\u0635\u0641\u0642\u0627\u062a \u0628\u062f\u0648\u0646 Telegram \u0648\u0628\u062f\u0648\u0646 \u062c\u0644\u0628 \u0633\u0639\u0631.
2026-08-09 07:49:05,935 | INFO | scripts.run_trade_updates | Starting trade updates: 2026-08-09T07:49:05.935478+00:00
2026-08-09 07:49:05,944 | INFO | scripts.run_trade_updates | \U0001f50d Session: \u062e\u0627\u0631\u062c Session | Quality: NONE | Allowed: False
2026-08-09 07:49:05,944 | INFO | scripts.run_trade_updates | \u2139\ufe0f Outside normal update hours, but continuing due to update_outside_trading_hours or FORCE_TRADE_UPDATE
2026-08-09 07:49:06,179 | INFO | DatabaseService | Database connected: Supabase
2026-08-09 07:49:07,237 | INFO | httpx | HTTP Request: GET https://trsmuzekxmpqtvxdkxwe.supabase.co/rest/v1/trades_demo?select=%2A&status=in.%28OPEN%2CPARTIAL%2CTP1_HIT%2CPENDING%29 "HTTP/2 200 OK"
2026-08-09 07:49:07,237 | INFO | scripts.run_trade_updates | Active/pending trades count: 0
2026-08-09 07:49:07,237 | INFO | scripts.run_trade_updates | \u0644\u0627 \u062a\u0648\u062c\u062f \u0635\u0641\u0642\u0627\u062a \u0645\u0641\u062a\u0648\u062d\u0629 \u0623\u0648 \u0623\u0648\u0627\u0645\u0631 \u0645\u0639\u0644\u0642\u0629 — skipping \u062a\u062d\u062f\u064a\u062b \u0627\u0644\u0635\u0641\u0642\u0627\u062a \u0628\u062f\u0648\u0646 Telegram \u0648\u0628\u062f\u0648\u0646 \u062c\u0644\u0628 \u0633\u0639\u0631.
2026-08-09 07:54:07,242 | INFO | scripts.run_trade_updates | Starting trade updates: 2026-08-09T07:54:07.242110+00:00
2026-08-09 07:54:07,242 | INFO | scripts.run_trade_updates | \U0001f50d Session: \u062e\u0627\u0631\u062c Session | Quality: NONE | Allowed: False
2026-08-09 07:54:07,242 | INFO | scripts.run_trade_updates | \u2139\ufe0f Outside normal update hours, but continuing due to update_outside_trading_hours or FORCE_TRADE_UPDATE
2026-08-09 07:54:07,440 | INFO | DatabaseService | Database connected: Supabase
2026-08-09 07:54:07,940 | INFO | httpx | HTTP Request: GET https://trsmuzekxmpqtvxdkxwe.supabase.co/rest/v1/trades_demo?select=%2A&status=in.%28OPEN%2CPARTIAL%2CTP1_HIT%2CPENDING%29 "HTTP/2 200 OK"
2026-08-09 07:54:07,940 | INFO | scripts.run_trade_updates | Active/pending trades count: 0
2026-08-09 07:54:07,940 | INFO | scripts.run_trade_updates | \u0644\u0627 \u062a\u0648\u062c\u062f \u0635\u0641\u0642\u0627\u062a \u0645\u0641\u062a\u0648\u062d\u0629 \u0623\u0648 \u0623\u0648\u0627\u0645\u0631 \u0645\u0639\u0644\u0642\u0629 — skipping \u062a\u062d\u062f\u064a\u062b \u0627\u0644\u0635\u0641\u0642\u0627\u062a \u0628\u062f\u0648\u0646 Telegram \u0648\u0628\u062f\u0648\u0646 \u062c\u0644\u0628 \u0633\u0639\u0631.
2026-08-09 07:59:07,952 | INFO | scripts.run_trade_updates | Starting trade updates: 2026-08-09T07:59:07.952413+00:00
2026-08-09 07:59:07,952 | INFO | scripts.run_trade_updates | \U0001f50d Session: \u062e\u0627\u0631\u062c Session | Quality: NONE | Allowed: False
2026-08-09 07:59:07,952 | INFO | scripts.run_trade_updates | \u2139\ufe0f Outside normal update hours, but continuing due to update_outside_trading_hours or FORCE_TRADE_UPDATE
2026-08-09 07:59:08,183 | INFO | DatabaseService | Database connected: Supabase
2026-08-09 07:59:09,263 | INFO | httpx | HTTP Request: GET https://trsmuzekxmpqtvxdkxwe.supabase.co/rest/v1/trades_demo?select=%2A&status=in.%28OPEN%2CPARTIAL%2CTP1_HIT%2CPENDING%29 "HTTP/2 200 OK"
2026-08-09 07:59:09,263 | INFO | scripts.run_trade_updates | Active/pending trades count: 0
2026-08-09 07:59:09,263 | INFO | scripts.run_trade_updates | \u0644\u0627 \u062a\u0648\u062c\u062f \u0635\u0641\u0642\u0627\u062a \u0645\u0641\u062a\u0648\u062d\u0629 \u0623\u0648 \u0623\u0648\u0627\u0645\u0631 \u0645\u0639\u0644\u0642\u0629 — skipping \u062a\u062d\u062f\u064a\u062b \u0627\u0644\u0635\u0641\u0642\u0627\u062a \u0628\u062f\u0648\u0646 Telegram \u0648\u0628\u062f\u0648\u0646 \u062c\u0644\u0628 \u0633\u0639\u0631.
2026-08-09 08:04:09,280 | INFO | scripts.run_trade_updates | Starting trade updates: 2026-08-09T08:04:09.280120+00:00
2026-08-09 08:04:09,280 | INFO | scripts.run_trade_updates | \U0001f50d Session: \u062e\u0627\u0631\u062c Session | Quality: NONE | Allowed: False
2026-08-09 08:04:09,280 | INFO | scripts.run_trade_updates | \u2139\ufe0f Outside normal update hours, but continuing due to update_outside_trading_hours or FORCE_TRADE_UPDATE
2026-08-09 08:04:09,511 | INFO | DatabaseService | Database connected: Supabase
2026-08-09 08:04:10,559 | INFO | httpx | HTTP Request: GET https://trsmuzekxmpqtvxdkxwe.supabase.co/rest/v1/trades_demo?select=%2A&status=in.%28OPEN%2CPARTIAL%2CTP1_HIT%2CPENDING%29 "HTTP/2 200 OK"
2026-08-09 08:04:10,559 | INFO | scripts.run_trade_updates | Active/pending trades count: 0
2026-08-09 08:04:10,559 | INFO | scripts.run_trade_updates | \u0644\u0627 \u062a\u0648\u062c\u062f \u0635\u0641\u0642\u0627\u062a \u0645\u0641\u062a\u0648\u062d\u0629 \u0623\u0648 \u0623\u0648\u0627\u0645\u0631 \u0645\u0639\u0644\u0642\u0629 — skipping \u062a\u062d\u062f\u064a\u062b \u0627\u0644\u0635\u0641\u0642\u0627\u062a \u0628\u062f\u0648\u0646 Telegram \u0648\u0628\u062f\u0648\u0646 \u062c\u0644\u0628 \u0633\u0639\u0631.
2026-08-09 08:09:10,561 | INFO | scripts.run_trade_updates | Starting trade updates: 2026-08-09T08:09:10.561781+00:00
2026-08-09 08:09:10,561 | INFO | scripts.run_trade_updates | \U0001f50d Session: \u062e\u0627\u0631\u062c Session | Quality: NONE | Allowed: False
2026-08-09 08:09:10,561 | INFO | scripts.run_trade_updates | \u2139\ufe0f Outside normal update hours, but continuing due to update_outside_trading_hours or FORCE_TRADE_UPDATE
2026-08-09 08:09:10,792 | INFO | DatabaseService | Database connected: Supabase
2026-08-09 08:09:11,838 | INFO | httpx | HTTP Request: GET https://trsmuzekxmpqtvxdkxwe.supabase.co/rest/v1/trades_demo?select=%2A&status=in.%28OPEN%2CPARTIAL%2CTP1_HIT%2CPENDING%29 "HTTP/2 200 OK"
2026-08-09 08:09:11,838 | INFO | scripts.run_trade_updates | Active/pending trades count: 0
2026-08-09 08:09:11,838 | INFO | scripts.run_trade_updates | \u0644\u0627 \u062a\u0648\u062c\u062f \u0635\u0641\u0642\u0627\u062a \u0645\u0641\u062a\u0648\u062d\u0629 \u0623\u0648 \u0623\u0648\u0627\u0645\u0631 \u0645\u0639\u0644\u0642\u0629 — skipping \u062a\u062d\u062f\u064a\u062b \u0627\u0644\u0635\u0641\u0642\u0627\u062a \u0628\u062f\u0648\u0646 Telegram \u0648\u0628\u062f\u0648\u0646 \u062c\u0644\u0628 \u0633\u0639\u0631.
2026-08-09 08:14:11,842 | INFO | scripts.run_trade_updates | Starting trade updates: 2026-08-09T08:14:11.842005+00:00
2026-08-09 08:14:11,842 | INFO | scripts.run_trade_updates | \U0001f50d Session: \u062e\u0627\u0631\u062c Session | Quality: NONE | Allowed: False
2026-08-09 08:14:11,842 | INFO | scripts.run_trade_updates | \u2139\ufe0f Outside normal update hours, but continuing due to update_outside_trading_hours or FORCE_TRADE_UPDATE
2026-08-09 08:14:12,069 | INFO | DatabaseService | Database connected: Supabase
2026-08-09 08:14:13,120 | INFO | httpx | HTTP Request: GET https://trsmuzekxmpqtvxdkxwe.supabase.co/rest/v1/trades_demo?select=%2A&status=in.%28OPEN%2CPARTIAL%2CTP1_HIT%2CPENDING%29 "HTTP/2 200 OK"
2026-08-09 08:14:13,120 | INFO | scripts.run_trade_updates | Active/pending trades count: 0
2026-08-09 08:14:13,120 | INFO | scripts.run_trade_updates | \u0644\u0627 \u062a\u0648\u062c\u062f \u0635\u0641\u0642\u0627\u062a \u0645\u0641\u062a\u0648\u062d\u0629 \u0623\u0648 \u0623\u0648\u0627\u0645\u0631 \u0645\u0639\u0644\u0642\u0629 — skipping \u062a\u062d\u062f\u064a\u062b \u0627\u0644\u0635\u0641\u0642\u0627\u062a \u0628\u062f\u0648\u0646 Telegram \u0648\u0628\u062f\u0648\u0646 \u062c\u0644\u0628 \u0633\u0639\u0631.
2026-08-09 08:19:13,127 | INFO | scripts.run_trade_updates | Starting trade updates: 2026-08-09T08:19:13.127019+00:00
2026-08-09 08:19:13,127 | INFO | scripts.run_trade_updates | \U0001f50d Session: \u062e\u0627\u0631\u062c Session | Quality: NONE | Allowed: False
2026-08-09 08:19:13,127 | INFO | scripts.run_trade_updates | \u2139\ufe0f Outside normal update hours, but continuing due to update_outside_trading_hours or FORCE_TRADE_UPDATE
2026-08-09 08:19:13,360 | INFO | DatabaseService | Database connected: Supabase
2026-08-09 08:19:14,361 | INFO | httpx | HTTP Request: GET https://trsmuzekxmpqtvxdkxwe.supabase.co/rest/v1/trades_demo?select=%2A&status=in.%28OPEN%2CPARTIAL%2CTP1_HIT%2CPENDING%29 "HTTP/2 200 OK"
2026-08-09 08:19:14,361 | INFO | scripts.run_trade_updates | Active/pending trades count: 0
2026-08-09 08:19:14,378 | INFO | scripts.run_trade_updates | \u0644\u0627 \u062a\u0648\u062c\u062f \u0635\u0641\u0642\u0627\u062a \u0645\u0641\u062a\u0648\u062d\u0629 \u0623\u0648 \u0623\u0648\u0627\u0645\u0631 \u0645\u0639\u0644\u0642\u0629 — skipping \u062a\u062d\u062f\u064a\u062b \u0627\u0644\u0635\u0641\u0642\u0627\u062a \u0628\u062f\u0648\u0646 Telegram \u0648\u0628\u062f\u0648\u0646 \u062c\u0644\u0628 \u0633\u0639\u0631.
2026-08-09 08:24:14,379 | INFO | scripts.run_trade_updates | Starting trade updates: 2026-08-09T08:24:14.379869+00:00
2026-08-09 08:24:14,379 | INFO | scripts.run_trade_updates | \U0001f50d Session: \u062e\u0627\u0631\u062c Session | Quality: NONE | Allowed: False
2026-08-09 08:24:14,379 | INFO | scripts.run_trade_updates | \u2139\ufe0f Outside normal update hours, but continuing due to update_outside_trading_hours or FORCE_TRADE_UPDATE
2026-08-09 08:24:14,629 | INFO | DatabaseService | Database connected: Supabase
2026-08-09 08:24:15,145 | INFO | httpx | HTTP Request: GET https://trsmuzekxmpqtvxdkxwe.supabase.co/rest/v1/trades_demo?select=%2A&status=in.%28OPEN%2CPARTIAL%2CTP1_HIT%2CPENDING%29 "HTTP/2 200 OK"
2026-08-09 08:24:15,145 | INFO | scripts.run_trade_updates | Active/pending trades count: 0
2026-08-09 08:24:15,145 | INFO | scripts.run_trade_updates | \u0644\u0627 \u062a\u0648\u062c\u062f \u0635\u0641\u0642\u0627\u062a \u0645\u0641\u062a\u0648\u062d\u0629 \u0623\u0648 \u0623\u0648\u0627\u0645\u0631 \u0645\u0639\u0644\u0642\u0629 — skipping \u062a\u062d\u062f\u064a\u062b \u0627\u0644\u0635\u0641\u0642\u0627\u062a \u0628\u062f\u0648\u0646 Telegram \u0648\u0628\u062f\u0648\u0646 \u062c\u0644\u0628 \u0633\u0639\u0631.
2026-08-09 08:29:15,149 | INFO | scripts.run_trade_updates | Starting trade updates: 2026-08-09T08:29:15.149786+00:00
2026-08-09 08:29:15,149 | INFO | scripts.run_trade_updates | \U0001f50d Session: \u062e\u0627\u0631\u062c Session | Quality: NONE | Allowed: False
2026-08-09 08:29:15,149 | INFO | scripts.run_trade_updates | \u2139\ufe0f Outside normal update hours, but continuing due to update_outside_trading_hours or FORCE_TRADE_UPDATE
2026-08-09 08:29:15,412 | INFO | DatabaseService | Database connected: Supabase
2026-08-09 08:29:16,476 | INFO | httpx | HTTP Request: GET https://trsmuzekxmpqtvxdkxwe.supabase.co/rest/v1/trades_demo?select=%2A&status=in.%28OPEN%2CPARTIAL%2CTP1_HIT%2CPENDING%29 "HTTP/2 200 OK"
2026-08-09 08:29:16,476 | INFO | scripts.run_trade_updates | Active/pending trades count: 0
2026-08-09 08:29:16,476 | INFO | scripts.run_trade_updates | \u0644\u0627 \u062a\u0648\u062c\u062f \u0635\u0641\u0642\u0627\u062a \u0645\u0641\u062a\u0648\u062d\u0629 \u0623\u0648 \u0623\u0648\u0627\u0645\u0631 \u0645\u0639\u0644\u0642\u0629 — skipping \u062a\u062d\u062f\u064a\u062b \u0627\u0644\u0635\u0641\u0642\u0627\u062a \u0628\u062f\u0648\u0646 Telegram \u0648\u0628\u062f\u0648\u0646 \u062c\u0644\u0628 \u0633\u0639\u0631.
2026-08-09 08:34:16,483 | INFO | scripts.run_trade_updates | Starting trade updates: 2026-08-09T08:34:16.483384+00:00
2026-08-09 08:34:16,486 | INFO | scripts.run_trade_updates | \U0001f50d Session: \u062e\u0627\u0631\u062c Session | Quality: NONE | Allowed: False
2026-08-09 08:34:16,486 | INFO | scripts.run_trade_updates | \u2139\ufe0f Outside normal update hours, but continuing due to update_outside_trading_hours or FORCE_TRADE_UPDATE
2026-08-09 08:34:16,705 | INFO | DatabaseService | Database connected: Supabase
2026-08-09 08:34:17,894 | INFO | httpx | HTTP Request: GET https://trsmuzekxmpqtvxdkxwe.supabase.co/rest/v1/trades_demo?select=%2A&status=in.%28OPEN%2CPARTIAL%2CTP1_HIT%2CPENDING%29 "HTTP/2 200 OK"
2026-08-09 08:34:17,894 | INFO | scripts.run_trade_updates | Active/pending trades count: 0
2026-08-09 08:34:17,894 | INFO | scripts.run_trade_updates | \u0644\u0627 \u062a\u0648\u062c\u062f \u0635\u0641\u0642\u0627\u062a \u0645\u0641\u062a\u0648\u062d\u0629 \u0623\u0648 \u0623\u0648\u0627\u0645\u0631 \u0645\u0639\u0644\u0642\u0629 — skipping \u062a\u062d\u062f\u064a\u062b \u0627\u0644\u0635\u0641\u0642\u0627\u062a \u0628\u062f\u0648\u0646 Telegram \u0648\u0628\u062f\u0648\u0646 \u062c\u0644\u0628 \u0633\u0639\u0631.
2026-08-09 08:39:17,905 | INFO | scripts.run_trade_updates | Starting trade updates: 2026-08-09T08:39:17.905979+00:00
2026-08-09 08:39:17,905 | INFO | scripts.run_trade_updates | \U0001f50d Session: \u062e\u0627\u0631\u062c Session | Quality: NONE | Allowed: False
2026-08-09 08:39:17,905 | INFO | scripts.run_trade_updates | \u2139\ufe0f Outside normal update hours, but continuing due to update_outside_trading_hours or FORCE_TRADE_UPDATE
2026-08-09 08:39:18,121 | INFO | DatabaseService | Database connected: Supabase
2026-08-09 08:39:19,200 | INFO | httpx | HTTP Request: GET https://trsmuzekxmpqtvxdkxwe.supabase.co/rest/v1/trades_demo?select=%2A&status=in.%28OPEN%2CPARTIAL%2CTP1_HIT%2CPENDING%29 "HTTP/2 200 OK"
2026-08-09 08:39:19,200 | INFO | scripts.run_trade_updates | Active/pending trades count: 0
2026-08-09 08:39:19,200 | INFO | scripts.run_trade_updates | \u0644\u0627 \u062a\u0648\u062c\u062f \u0635\u0641\u0642\u0627\u062a \u0645\u0641\u062a\u0648\u062d\u0629 \u0623\u0648 \u0623\u0648\u0627\u0645\u0631 \u0645\u0639\u0644\u0642\u0629 — skipping \u062a\u062d\u062f\u064a\u062b \u0627\u0644\u0635\u0641\u0642\u0627\u062a \u0628\u062f\u0648\u0646 Telegram \u0648\u0628\u062f\u0648\u0646 \u062c\u0644\u0628 \u0633\u0639\u0631.
2026-08-09 08:44:19,215 | INFO | scripts.run_trade_updates | Starting trade updates: 2026-08-09T08:44:19.215880+00:00
2026-08-09 08:44:19,228 | INFO | scripts.run_trade_updates | \U0001f50d Session: \u062e\u0627\u0631\u062c Session | Quality: NONE | Allowed: False
2026-08-09 08:44:19,231 | INFO | scripts.run_trade_updates | \u2139\ufe0f Outside normal update hours, but continuing due to update_outside_trading_hours or FORCE_TRADE_UPDATE
2026-08-09 08:44:19,961 | INFO | DatabaseService | Database connected: Supabase
2026-08-09 08:44:21,022 | INFO | httpx | HTTP Request: GET https://trsmuzekxmpqtvxdkxwe.supabase.co/rest/v1/trades_demo?select=%2A&status=in.%28OPEN%2CPARTIAL%2CTP1_HIT%2CPENDING%29 "HTTP/2 200 OK"
2026-08-09 08:44:21,028 | INFO | scripts.run_trade_updates | Active/pending trades count: 0
2026-08-09 08:44:21,028 | INFO | scripts.run_trade_updates | \u0644\u0627 \u062a\u0648\u062c\u062f \u0635\u0641\u0642\u0627\u062a \u0645\u0641\u062a\u0648\u062d\u0629 \u0623\u0648 \u0623\u0648\u0627\u0645\u0631 \u0645\u0639\u0644\u0642\u0629 — skipping \u062a\u062d\u062f\u064a\u062b \u0627\u0644\u0635\u0641\u0642\u0627\u062a \u0628\u062f\u0648\u0646 Telegram \u0648\u0628\u062f\u0648\u0646 \u062c\u0644\u0628 \u0633\u0639\u0631.
2026-08-09 08:49:21,123 | INFO | scripts.run_trade_updates | Starting trade updates: 2026-08-09T08:49:21.047535+00:00
2026-08-09 08:49:21,312 | INFO | scripts.run_trade_updates | \U0001f50d Session: \u062e\u0627\u0631\u062c Session | Quality: NONE | Allowed: False
2026-08-09 08:49:21,344 | INFO | scripts.run_trade_updates | \u2139\ufe0f Outside normal update hours, but continuing due to update_outside_trading_hours or FORCE_TRADE_UPDATE
2026-08-09 08:49:21,896 | INFO | DatabaseService | Database connected: Supabase
2026-08-09 08:49:23,421 | INFO | httpx | HTTP Request: GET https://trsmuzekxmpqtvxdkxwe.supabase.co/rest/v1/trades_demo?select=%2A&status=in.%28OPEN%2CPARTIAL%2CTP1_HIT%2CPENDING%29 "HTTP/2 200 OK"
2026-08-09 08:49:23,437 | INFO | scripts.run_trade_updates | Active/pending trades count: 0
2026-08-09 08:49:23,437 | INFO | scripts.run_trade_updates | \u0644\u0627 \u062a\u0648\u062c\u062f \u0635\u0641\u0642\u0627\u062a \u0645\u0641\u062a\u0648\u062d\u0629 \u0623\u0648 \u0623\u0648\u0627\u0645\u0631 \u0645\u0639\u0644\u0642\u0629 — skipping \u062a\u062d\u062f\u064a\u062b \u0627\u0644\u0635\u0641\u0642\u0627\u062a \u0628\u062f\u0648\u0646 Telegram \u0648\u0628\u062f\u0648\u0646 \u062c\u0644\u0628 \u0633\u0639\u0631.
2026-08-09 08:54:23,555 | INFO | scripts.run_trade_updates | Starting trade updates: 2026-08-09T08:54:23.492681+00:00
2026-08-09 08:54:23,617 | INFO | scripts.run_trade_updates | \U0001f50d Session: \u062e\u0627\u0631\u062c Session | Quality: NONE | Allowed: False
2026-08-09 08:54:23,633 | INFO | scripts.run_trade_updates | \u2139\ufe0f Outside normal update hours, but continuing due to update_outside_trading_hours or FORCE_TRADE_UPDATE
2026-08-09 08:54:24,709 | INFO | DatabaseService | Database connected: Supabase
2026-08-09 08:54:25,929 | INFO | httpx | HTTP Request: GET https://trsmuzekxmpqtvxdkxwe.supabase.co/rest/v1/trades_demo?select=%2A&status=in.%28OPEN%2CPARTIAL%2CTP1_HIT%2CPENDING%29 "HTTP/2 200 OK"
2026-08-09 08:54:25,929 | INFO | scripts.run_trade_updates | Active/pending trades count: 0
2026-08-09 08:54:25,929 | INFO | scripts.run_trade_updates | \u0644\u0627 \u062a\u0648\u062c\u062f \u0635\u0641\u0642\u0627\u062a \u0645\u0641\u062a\u0648\u062d\u0629 \u0623\u0648 \u0623\u0648\u0627\u0645\u0631 \u0645\u0639\u0644\u0642\u0629 — skipping \u062a\u062d\u062f\u064a\u062b \u0627\u0644\u0635\u0641\u0642\u0627\u062a \u0628\u062f\u0648\u0646 Telegram \u0648\u0628\u062f\u0648\u0646 \u062c\u0644\u0628 \u0633\u0639\u0631.
2026-08-09 08:59:25,947 | INFO | scripts.run_trade_updates | Starting trade updates: 2026-08-09T08:59:25.946136+00:00
2026-08-09 08:59:25,953 | INFO | scripts.run_trade_updates | \U0001f50d Session: \u062e\u0627\u0631\u062c Session | Quality: NONE | Allowed: False
2026-08-09 08:59:25,953 | INFO | scripts.run_trade_updates | \u2139\ufe0f Outside normal update hours, but continuing due to update_outside_trading_hours or FORCE_TRADE_UPDATE
2026-08-09 08:59:26,318 | INFO | DatabaseService | Database connected: Supabase
2026-08-09 08:59:27,560 | INFO | httpx | HTTP Request: GET https://trsmuzekxmpqtvxdkxwe.supabase.co/rest/v1/trades_demo?select=%2A&status=in.%28OPEN%2CPARTIAL%2CTP1_HIT%2CPENDING%29 "HTTP/2 200 OK"
2026-08-09 08:59:27,561 | INFO | scripts.run_trade_updates | Active/pending trades count: 0
2026-08-09 08:59:27,561 | INFO | scripts.run_trade_updates | \u0644\u0627 \u062a\u0648\u062c\u062f \u0635\u0641\u0642\u0627\u062a \u0645\u0641\u062a\u0648\u062d\u0629 \u0623\u0648 \u0623\u0648\u0627\u0645\u0631 \u0645\u0639\u0644\u0642\u0629 — skipping \u062a\u062d\u062f\u064a\u062b \u0627\u0644\u0635\u0641\u0642\u0627\u062a \u0628\u062f\u0648\u0646 Telegram \u0648\u0628\u062f\u0648\u0646 \u062c\u0644\u0628 \u0633\u0639\u0631.
2026-08-09 09:04:27,796 | INFO | scripts.run_trade_updates | Starting trade updates: 2026-08-09T09:04:27.796106+00:00
2026-08-09 09:04:27,800 | INFO | scripts.run_trade_updates | \U0001f50d Session: \u062e\u0627\u0631\u062c Session | Quality: NONE | Allowed: False
2026-08-09 09:04:27,801 | INFO | scripts.run_trade_updates | \u2139\ufe0f Outside normal update hours, but continuing due to update_outside_trading_hours or FORCE_TRADE_UPDATE
2026-08-09 09:04:28,045 | INFO | DatabaseService | Database connected: Supabase
2026-08-09 09:04:29,191 | INFO | httpx | HTTP Request: GET https://trsmuzekxmpqtvxdkxwe.supabase.co/rest/v1/trades_demo?select=%2A&status=in.%28OPEN%2CPARTIAL%2CTP1_HIT%2CPENDING%29 "HTTP/2 200 OK"
2026-08-09 09:04:29,192 | INFO | scripts.run_trade_updates | Active/pending trades count: 0
2026-08-09 09:04:29,192 | INFO | scripts.run_trade_updates | \u0644\u0627 \u062a\u0648\u062c\u062f \u0635\u0641\u0642\u0627\u062a \u0645\u0641\u062a\u0648\u062d\u0629 \u0623\u0648 \u0623\u0648\u0627\u0645\u0631 \u0645\u0639\u0644\u0642\u0629 — skipping \u062a\u062d\u062f\u064a\u062b \u0627\u0644\u0635\u0641\u0642\u0627\u062a \u0628\u062f\u0648\u0646 Telegram \u0648\u0628\u062f\u0648\u0646 \u062c\u0644\u0628 \u0633\u0639\u0631.
2026-08-09 09:09:29,195 | INFO | scripts.run_trade_updates | Starting trade updates: 2026-08-09T09:09:29.194559+00:00
2026-08-09 09:09:29,203 | INFO | scripts.run_trade_updates | \U0001f50d Session: \u062e\u0627\u0631\u062c Session | Quality: NONE | Allowed: False
2026-08-09 09:09:29,204 | INFO | scripts.run_trade_updates | \u2139\ufe0f Outside normal update hours, but continuing due to update_outside_trading_hours or FORCE_TRADE_UPDATE
2026-08-09 09:09:29,512 | INFO | DatabaseService | Database connected: Supabase
2026-08-09 09:09:30,594 | INFO | httpx | HTTP Request: GET https://trsmuzekxmpqtvxdkxwe.supabase.co/rest/v1/trades_demo?select=%2A&status=in.%28OPEN%2CPARTIAL%2CTP1_HIT%2CPENDING%29 "HTTP/2 200 OK"
2026-08-09 09:09:30,595 | INFO | scripts.run_trade_updates | Active/pending trades count: 0
2026-08-09 09:09:30,595 | INFO | scripts.run_trade_updates | \u0644\u0627 \u062a\u0648\u062c\u062f \u0635\u0641\u0642\u0627\u062a \u0645\u0641\u062a\u0648\u062d\u0629 \u0623\u0648 \u0623\u0648\u0627\u0645\u0631 \u0645\u0639\u0644\u0642\u0629 — skipping \u062a\u062d\u062f\u064a\u062b \u0627\u0644\u0635\u0641\u0642\u0627\u062a \u0628\u062f\u0648\u0646 Telegram \u0648\u0628\u062f\u0648\u0646 \u062c\u0644\u0628 \u0633\u0639\u0631.
2026-08-09 09:14:30,597 | INFO | scripts.run_trade_updates | Starting trade updates: 2026-08-09T09:14:30.597312+00:00
2026-08-09 09:14:30,601 | INFO | scripts.run_trade_updates | \U0001f50d Session: \u062e\u0627\u0631\u062c Session | Quality: NONE | Allowed: False
2026-08-09 09:14:30,601 | INFO | scripts.run_trade_updates | \u2139\ufe0f Outside normal update hours, but continuing due to update_outside_trading_hours or FORCE_TRADE_UPDATE
2026-08-09 09:14:30,891 | INFO | DatabaseService | Database connected: Supabase
2026-08-09 09:14:31,994 | INFO | httpx | HTTP Request: GET https://trsmuzekxmpqtvxdkxwe.supabase.co/rest/v1/trades_demo?select=%2A&status=in.%28OPEN%2CPARTIAL%2CTP1_HIT%2CPENDING%29 "HTTP/2 200 OK"
2026-08-09 09:14:31,995 | INFO | scripts.run_trade_updates | Active/pending trades count: 0
2026-08-09 09:14:31,995 | INFO | scripts.run_trade_updates | \u0644\u0627 \u062a\u0648\u062c\u062f \u0635\u0641\u0642\u0627\u062a \u0645\u0641\u062a\u0648\u062d\u0629 \u0623\u0648 \u0623\u0648\u0627\u0645\u0631 \u0645\u0639\u0644\u0642\u0629 — skipping \u062a\u062d\u062f\u064a\u062b \u0627\u0644\u0635\u0641\u0642\u0627\u062a \u0628\u062f\u0648\u0646 Telegram \u0648\u0628\u062f\u0648\u0646 \u062c\u0644\u0628 \u0633\u0639\u0631.
2026-08-09 09:19:31,999 | INFO | scripts.run_trade_updates | Starting trade updates: 2026-08-09T09:19:31.998511+00:00
2026-08-09 09:19:32,008 | INFO | scripts.run_trade_updates | \U0001f50d Session: \u062e\u0627\u0631\u062c Session | Quality: NONE | Allowed: False
2026-08-09 09:19:32,013 | INFO | scripts.run_trade_updates | \u2139\ufe0f Outside normal update hours, but continuing due to update_outside_trading_hours or FORCE_TRADE_UPDATE
2026-08-09 09:19:32,318 | INFO | DatabaseService | Database connected: Supabase
2026-08-09 09:19:32,888 | INFO | httpx | HTTP Request: GET https://trsmuzekxmpqtvxdkxwe.supabase.co/rest/v1/trades_demo?select=%2A&status=in.%28OPEN%2CPARTIAL%2CTP1_HIT%2CPENDING%29 "HTTP/2 200 OK"
2026-08-09 09:19:32,889 | INFO | scripts.run_trade_updates | Active/pending trades count: 0
2026-08-09 09:19:32,889 | INFO | scripts.run_trade_updates | \u0644\u0627 \u062a\u0648\u062c\u062f \u0635\u0641\u0642\u0627\u062a \u0645\u0641\u062a\u0648\u062d\u0629 \u0623\u0648 \u0623\u0648\u0627\u0645\u0631 \u0645\u0639\u0644\u0642\u0629 — skipping \u062a\u062d\u062f\u064a\u062b \u0627\u0644\u0635\u0641\u0642\u0627\u062a \u0628\u062f\u0648\u0646 Telegram \u0648\u0628\u062f\u0648\u0646 \u062c\u0644\u0628 \u0633\u0639\u0631.
2026-08-09 09:24:32,891 | INFO | scripts.run_trade_updates | Starting trade updates: 2026-08-09T09:24:32.891625+00:00
2026-08-09 09:24:32,896 | INFO | scripts.run_trade_updates | \U0001f50d Session: \u062e\u0627\u0631\u062c Session | Quality: NONE | Allowed: False
2026-08-09 09:24:32,897 | INFO | scripts.run_trade_updates | \u2139\ufe0f Outside normal update hours, but continuing due to update_outside_trading_hours or FORCE_TRADE_UPDATE
2026-08-09 09:24:33,144 | INFO | DatabaseService | Database connected: Supabase
2026-08-09 09:24:34,382 | INFO | httpx | HTTP Request: GET https://trsmuzekxmpqtvxdkxwe.supabase.co/rest/v1/trades_demo?select=%2A&status=in.%28OPEN%2CPARTIAL%2CTP1_HIT%2CPENDING%29 "HTTP/2 200 OK"
2026-08-09 09:24:34,384 | INFO | scripts.run_trade_updates | Active/pending trades count: 0
2026-08-09 09:24:34,384 | INFO | scripts.run_trade_updates | \u0644\u0627 \u062a\u0648\u062c\u062f \u0635\u0641\u0642\u0627\u062a \u0645\u0641\u062a\u0648\u062d\u0629 \u0623\u0648 \u0623\u0648\u0627\u0645\u0631 \u0645\u0639\u0644\u0642\u0629 — skipping \u062a\u062d\u062f\u064a\u062b \u0627\u0644\u0635\u0641\u0642\u0627\u062a \u0628\u062f\u0648\u0646 Telegram \u0648\u0628\u062f\u0648\u0646 \u062c\u0644\u0628 \u0633\u0639\u0631.
2026-08-09 09:29:34,386 | INFO | scripts.run_trade_updates | Starting trade updates: 2026-08-09T09:29:34.386369+00:00
2026-08-09 09:29:34,389 | INFO | scripts.run_trade_updates | \U0001f50d Session: \u062e\u0627\u0631\u062c Session | Quality: NONE | Allowed: False
2026-08-09 09:29:34,389 | INFO | scripts.run_trade_updates | \u2139\ufe0f Outside normal update hours, but continuing due to update_outside_trading_hours or FORCE_TRADE_UPDATE
2026-08-09 09:29:34,646 | INFO | DatabaseService | Database connected: Supabase
2026-08-09 09:29:35,709 | INFO | httpx | HTTP Request: GET https://trsmuzekxmpqtvxdkxwe.supabase.co/rest/v1/trades_demo?select=%2A&status=in.%28OPEN%2CPARTIAL%2CTP1_HIT%2CPENDING%29 "HTTP/2 200 OK"
2026-08-09 09:29:35,711 | INFO | scripts.run_trade_updates | Active/pending trades count: 0
2026-08-09 09:29:35,711 | INFO | scripts.run_trade_updates | \u0644\u0627 \u062a\u0648\u062c\u062f \u0635\u0641\u0642\u0627\u062a \u0645\u0641\u062a\u0648\u062d\u0629 \u0623\u0648 \u0623\u0648\u0627\u0645\u0631 \u0645\u0639\u0644\u0642\u0629 — skipping \u062a\u062d\u062f\u064a\u062b \u0627\u0644\u0635\u0641\u0642\u0627\u062a \u0628\u062f\u0648\u0646 Telegram \u0648\u0628\u062f\u0648\u0646 \u062c\u0644\u0628 \u0633\u0639\u0631.
2026-08-09 09:34:35,816 | INFO | scripts.run_trade_updates | Starting trade updates: 2026-08-09T09:34:35.816464+00:00
2026-08-09 09:34:35,823 | INFO | scripts.run_trade_updates | \U0001f50d Session: \u062e\u0627\u0631\u062c Session | Quality: NONE | Allowed: False
2026-08-09 09:34:35,823 | INFO | scripts.run_trade_updates | \u2139\ufe0f Outside normal update hours, but continuing due to update_outside_trading_hours or FORCE_TRADE_UPDATE
2026-08-09 09:34:36,133 | INFO | DatabaseService | Database connected: Supabase
2026-08-09 09:34:37,209 | INFO | httpx | HTTP Request: GET https://trsmuzekxmpqtvxdkxwe.supabase.co/rest/v1/trades_demo?select=%2A&status=in.%28OPEN%2CPARTIAL%2CTP1_HIT%2CPENDING%29 "HTTP/2 200 OK"
2026-08-09 09:34:37,210 | INFO | scripts.run_trade_updates | Active/pending trades count: 0
2026-08-09 09:34:37,210 | INFO | scripts.run_trade_updates | \u0644\u0627 \u062a\u0648\u062c\u062f \u0635\u0641\u0642\u0627\u062a \u0645\u0641\u062a\u0648\u062d\u0629 \u0623\u0648 \u0623\u0648\u0627\u0645\u0631 \u0645\u0639\u0644\u0642\u0629 — skipping \u062a\u062d\u062f\u064a\u062b \u0627\u0644\u0635\u0641\u0642\u0627\u062a \u0628\u062f\u0648\u0646 Telegram \u0648\u0628\u062f\u0648\u0646 \u062c\u0644\u0628 \u0633\u0639\u0631.
2026-08-09 09:39:37,212 | INFO | scripts.run_trade_updates | Starting trade updates: 2026-08-09T09:39:37.212169+00:00
2026-08-09 09:39:37,214 | INFO | scripts.run_trade_updates | \U0001f50d Session: \u062e\u0627\u0631\u062c Session | Quality: NONE | Allowed: False
2026-08-09 09:39:37,215 | INFO | scripts.run_trade_updates | \u2139\ufe0f Outside normal update hours, but continuing due to update_outside_trading_hours or FORCE_TRADE_UPDATE
2026-08-09 09:39:37,485 | INFO | DatabaseService | Database connected: Supabase
2026-08-09 09:39:38,500 | INFO | httpx | HTTP Request: GET https://trsmuzekxmpqtvxdkxwe.supabase.co/rest/v1/trades_demo?select=%2A&status=in.%28OPEN%2CPARTIAL%2CTP1_HIT%2CPENDING%29 "HTTP/2 200 OK"
2026-08-09 09:39:38,501 | INFO | scripts.run_trade_updates | Active/pending trades count: 0
2026-08-09 09:39:38,501 | INFO | scripts.run_trade_updates | \u0644\u0627 \u062a\u0648\u062c\u062f \u0635\u0641\u0642\u0627\u062a \u0645\u0641\u062a\u0648\u062d\u0629 \u0623\u0648 \u0623\u0648\u0627\u0645\u0631 \u0645\u0639\u0644\u0642\u0629 — skipping \u062a\u062d\u062f\u064a\u062b \u0627\u0644\u0635\u0641\u0642\u0627\u062a \u0628\u062f\u0648\u0646 Telegram \u0648\u0628\u062f\u0648\u0646 \u062c\u0644\u0628 \u0633\u0639\u0631.
2026-08-09 09:44:38,505 | INFO | scripts.run_trade_updates | Starting trade updates: 2026-08-09T09:44:38.505163+00:00
2026-08-09 09:44:38,548 | INFO | scripts.run_trade_updates | \U0001f50d Session: \u062e\u0627\u0631\u062c Session | Quality: NONE | Allowed: False
2026-08-09 09:44:38,548 | INFO | scripts.run_trade_updates | \u2139\ufe0f Outside normal update hours, but continuing due to update_outside_trading_hours or FORCE_TRADE_UPDATE
2026-08-09 09:44:38,915 | INFO | DatabaseService | Database connected: Supabase
2026-08-09 09:44:39,990 | INFO | httpx | HTTP Request: GET https://trsmuzekxmpqtvxdkxwe.supabase.co/rest/v1/trades_demo?select=%2A&status=in.%28OPEN%2CPARTIAL%2CTP1_HIT%2CPENDING%29 "HTTP/2 200 OK"
2026-08-09 09:44:39,991 | INFO | scripts.run_trade_updates | Active/pending trades count: 0
2026-08-09 09:44:39,991 | INFO | scripts.run_trade_updates | \u0644\u0627 \u062a\u0648\u062c\u062f \u0635\u0641\u0642\u0627\u062a \u0645\u0641\u062a\u0648\u062d\u0629 \u0623\u0648 \u0623\u0648\u0627\u0645\u0631 \u0645\u0639\u0644\u0642\u0629 — skipping \u062a\u062d\u062f\u064a\u062b \u0627\u0644\u0635\u0641\u0642\u0627\u062a \u0628\u062f\u0648\u0646 Telegram \u0648\u0628\u062f\u0648\u0646 \u062c\u0644\u0628 \u0633\u0639\u0631.
2026-08-09 09:49:40,534 | INFO | scripts.run_trade_updates | Starting trade updates: 2026-08-09T09:49:40.522057+00:00
2026-08-09 09:49:40,632 | INFO | scripts.run_trade_updates | \U0001f50d Session: \u062e\u0627\u0631\u062c Session | Quality: NONE | Allowed: False
2026-08-09 09:49:40,634 | INFO | scripts.run_trade_updates | \u2139\ufe0f Outside normal update hours, but continuing due to update_outside_trading_hours or FORCE_TRADE_UPDATE
2026-08-09 09:49:41,009 | INFO | DatabaseService | Database connected: Supabase
2026-08-09 09:49:42,065 | INFO | httpx | HTTP Request: GET https://trsmuzekxmpqtvxdkxwe.supabase.co/rest/v1/trades_demo?select=%2A&status=in.%28OPEN%2CPARTIAL%2CTP1_HIT%2CPENDING%29 "HTTP/2 200 OK"
2026-08-09 09:49:42,073 | INFO | scripts.run_trade_updates | Active/pending trades count: 0
2026-08-09 09:49:42,073 | INFO | scripts.run_trade_updates | \u0644\u0627 \u062a\u0648\u062c\u062f \u0635\u0641\u0642\u0627\u062a \u0645\u0641\u062a\u0648\u062d\u0629 \u0623\u0648 \u0623\u0648\u0627\u0645\u0631 \u0645\u0639\u0644\u0642\u0629 — skipping \u062a\u062d\u062f\u064a\u062b \u0627\u0644\u0635\u0641\u0642\u0627\u062a \u0628\u062f\u0648\u0646 Telegram \u0648\u0628\u062f\u0648\u0646 \u062c\u0644\u0628 \u0633\u0639\u0631.
2026-08-09 09:54:42,076 | INFO | scripts.run_trade_updates | Starting trade updates: 2026-08-09T09:54:42.076832+00:00
2026-08-09 09:54:42,082 | INFO | scripts.run_trade_updates | \U0001f50d Session: \u062e\u0627\u0631\u062c Session | Quality: NONE | Allowed: False
2026-08-09 09:54:42,082 | INFO | scripts.run_trade_updates | \u2139\ufe0f Outside normal update hours, but continuing due to update_outside_trading_hours or FORCE_TRADE_UPDATE
2026-08-09 09:54:42,437 | INFO | DatabaseService | Database connected: Supabase
2026-08-09 09:54:43,601 | INFO | httpx | HTTP Request: GET https://trsmuzekxmpqtvxdkxwe.supabase.co/rest/v1/trades_demo?select=%2A&status=in.%28OPEN%2CPARTIAL%2CTP1_HIT%2CPENDING%29 "HTTP/2 200 OK"
2026-08-09 09:54:43,602 | INFO | scripts.run_trade_updates | Active/pending trades count: 0
2026-08-09 09:54:43,603 | INFO | scripts.run_trade_updates | \u0644\u0627 \u062a\u0648\u062c\u062f \u0635\u0641\u0642\u0627\u062a \u0645\u0641\u062a\u0648\u062d\u0629 \u0623\u0648 \u0623\u0648\u0627\u0645\u0631 \u0645\u0639\u0644\u0642\u0629 — skipping \u062a\u062d\u062f\u064a\u062b \u0627\u0644\u0635\u0641\u0642\u0627\u062a \u0628\u062f\u0648\u0646 Telegram \u0648\u0628\u062f\u0648\u0646 \u062c\u0644\u0628 \u0633\u0639\u0631.
2026-08-09 09:59:43,605 | INFO | scripts.run_trade_updates | Starting trade updates: 2026-08-09T09:59:43.605703+00:00
2026-08-09 09:59:43,609 | INFO | scripts.run_trade_updates | \U0001f50d Session: \u062e\u0627\u0631\u062c Session | Quality: NONE | Allowed: False
2026-08-09 09:59:43,609 | INFO | scripts.run_trade_updates | \u2139\ufe0f Outside normal update hours, but continuing due to update_outside_trading_hours or FORCE_TRADE_UPDATE
2026-08-09 09:59:43,912 | INFO | DatabaseService | Database connected: Supabase
2026-08-09 09:59:45,282 | INFO | httpx | HTTP Request: GET https://trsmuzekxmpqtvxdkxwe.supabase.co/rest/v1/trades_demo?select=%2A&status=in.%28OPEN%2CPARTIAL%2CTP1_HIT%2CPENDING%29 "HTTP/2 200 OK"
2026-08-09 09:59:45,283 | INFO | scripts.run_trade_updates | Active/pending trades count: 0
2026-08-09 09:59:45,283 | INFO | scripts.run_trade_updates | \u0644\u0627 \u062a\u0648\u062c\u062f \u0635\u0641\u0642\u0627\u062a \u0645\u0641\u062a\u0648\u062d\u0629 \u0623\u0648 \u0623\u0648\u0627\u0645\u0631 \u0645\u0639\u0644\u0642\u0629 — skipping \u062a\u062d\u062f\u064a\u062b \u0627\u0644\u0635\u0641\u0642\u0627\u062a \u0628\u062f\u0648\u0646 Telegram \u0648\u0628\u062f\u0648\u0646 \u062c\u0644\u0628 \u0633\u0639\u0631.
2026-08-09 10:04:45,285 | INFO | scripts.run_trade_updates | Starting trade updates: 2026-08-09T10:04:45.285969+00:00
2026-08-09 10:04:45,285 | INFO | scripts.run_trade_updates | \U0001f50d Session: \u062e\u0627\u0631\u062c Session | Quality: NONE | Allowed: False
2026-08-09 10:04:45,285 | INFO | scripts.run_trade_updates | \u2139\ufe0f Outside normal update hours, but continuing due to update_outside_trading_hours or FORCE_TRADE_UPDATE
2026-08-09 10:04:45,516 | INFO | DatabaseService | Database connected: Supabase
2026-08-09 10:04:46,065 | INFO | httpx | HTTP Request: GET https://trsmuzekxmpqtvxdkxwe.supabase.co/rest/v1/trades_demo?select=%2A&status=in.%28OPEN%2CPARTIAL%2CTP1_HIT%2CPENDING%29 "HTTP/2 200 OK"
2026-08-09 10:04:46,065 | INFO | scripts.run_trade_updates | Active/pending trades count: 0
2026-08-09 10:04:46,065 | INFO | scripts.run_trade_updates | \u0644\u0627 \u062a\u0648\u062c\u062f \u0635\u0641\u0642\u0627\u062a \u0645\u0641\u062a\u0648\u062d\u0629 \u0623\u0648 \u0623\u0648\u0627\u0645\u0631 \u0645\u0639\u0644\u0642\u0629 — skipping \u062a\u062d\u062f\u064a\u062b \u0627\u0644\u0635\u0641\u0642\u0627\u062a \u0628\u062f\u0648\u0646 Telegram \u0648\u0628\u062f\u0648\u0646 \u062c\u0644\u0628 \u0633\u0639\u0631.
2026-08-09 10:09:46,068 | INFO | scripts.run_trade_updates | Starting trade updates: 2026-08-09T10:09:46.068444+00:00
2026-08-09 10:09:46,072 | INFO | scripts.run_trade_updates | \U0001f50d Session: \u062e\u0627\u0631\u062c Session | Quality: NONE | Allowed: False
2026-08-09 10:09:46,072 | INFO | scripts.run_trade_updates | \u2139\ufe0f Outside normal update hours, but continuing due to update_outside_trading_hours or FORCE_TRADE_UPDATE
2026-08-09 10:09:46,323 | INFO | DatabaseService | Database connected: Supabase
2026-08-09 10:09:47,370 | INFO | httpx | HTTP Request: GET https://trsmuzekxmpqtvxdkxwe.supabase.co/rest/v1/trades_demo?select=%2A&status=in.%28OPEN%2CPARTIAL%2CTP1_HIT%2CPENDING%29 "HTTP/2 200 OK"
2026-08-09 10:09:47,370 | INFO | scripts.run_trade_updates | Active/pending trades count: 0
2026-08-09 10:09:47,370 | INFO | scripts.run_trade_updates | \u0644\u0627 \u062a\u0648\u062c\u062f \u0635\u0641\u0642\u0627\u062a \u0645\u0641\u062a\u0648\u062d\u0629 \u0623\u0648 \u0623\u0648\u0627\u0645\u0631 \u0645\u0639\u0644\u0642\u0629 — skipping \u062a\u062d\u062f\u064a\u062b \u0627\u0644\u0635\u0641\u0642\u0627\u062a \u0628\u062f\u0648\u0646 Telegram \u0648\u0628\u062f\u0648\u0646 \u062c\u0644\u0628 \u0633\u0639\u0631.
2026-08-09 10:14:47,386 | INFO | scripts.run_trade_updates | Starting trade updates: 2026-08-09T10:14:47.386427+00:00
2026-08-09 10:14:47,386 | INFO | scripts.run_trade_updates | \U0001f50d Session: \u062e\u0627\u0631\u062c Session | Quality: NONE | Allowed: False
2026-08-09 10:14:47,386 | INFO | scripts.run_trade_updates | \u2139\ufe0f Outside normal update hours, but continuing due to update_outside_trading_hours or FORCE_TRADE_UPDATE
2026-08-09 10:14:47,646 | INFO | DatabaseService | Database connected: Supabase
2026-08-09 10:14:48,709 | INFO | httpx | HTTP Request: GET https://trsmuzekxmpqtvxdkxwe.supabase.co/rest/v1/trades_demo?select=%2A&status=in.%28OPEN%2CPARTIAL%2CTP1_HIT%2CPENDING%29 "HTTP/2 200 OK"
2026-08-09 10:14:48,709 | INFO | scripts.run_trade_updates | Active/pending trades count: 0
2026-08-09 10:14:48,709 | INFO | scripts.run_trade_updates | \u0644\u0627 \u062a\u0648\u062c\u062f \u0635\u0641\u0642\u0627\u062a \u0645\u0641\u062a\u0648\u062d\u0629 \u0623\u0648 \u0623\u0648\u0627\u0645\u0631 \u0645\u0639\u0644\u0642\u0629 — skipping \u062a\u062d\u062f\u064a\u062b \u0627\u0644\u0635\u0641\u0642\u0627\u062a \u0628\u062f\u0648\u0646 Telegram \u0648\u0628\u062f\u0648\u0646 \u062c\u0644\u0628 \u0633\u0639\u0631.
2026-08-09 10:19:48,725 | INFO | scripts.run_trade_updates | Starting trade updates: 2026-08-09T10:19:48.725304+00:00
2026-08-09 10:19:48,725 | INFO | scripts.run_trade_updates | \U0001f50d Session: \u062e\u0627\u0631\u062c Session | Quality: NONE | Allowed: False
2026-08-09 10:19:48,725 | INFO | scripts.run_trade_updates | \u2139\ufe0f Outside normal update hours, but continuing due to update_outside_trading_hours or FORCE_TRADE_UPDATE
2026-08-09 10:19:48,951 | INFO | DatabaseService | Database connected: Supabase
2026-08-09 10:19:49,983 | INFO | httpx | HTTP Request: GET https://trsmuzekxmpqtvxdkxwe.supabase.co/rest/v1/trades_demo?select=%2A&status=in.%28OPEN%2CPARTIAL%2CTP1_HIT%2CPENDING%29 "HTTP/2 200 OK"
2026-08-09 10:19:49,983 | INFO | scripts.run_trade_updates | Active/pending trades count: 0
2026-08-09 10:19:49,983 | INFO | scripts.run_trade_updates | \u0644\u0627 \u062a\u0648\u062c\u062f \u0635\u0641\u0642\u0627\u062a \u0645\u0641\u062a\u0648\u062d\u0629 \u0623\u0648 \u0623\u0648\u0627\u0645\u0631 \u0645\u0639\u0644\u0642\u0629 — skipping \u062a\u062d\u062f\u064a\u062b \u0627\u0644\u0635\u0641\u0642\u0627\u062a \u0628\u062f\u0648\u0646 Telegram \u0648\u0628\u062f\u0648\u0646 \u062c\u0644\u0628 \u0633\u0639\u0631.
2026-08-09 10:24:49,987 | INFO | scripts.run_trade_updates | Starting trade updates: 2026-08-09T10:24:49.987778+00:00
2026-08-09 10:24:49,987 | INFO | scripts.run_trade_updates | \U0001f50d Session: \u062e\u0627\u0631\u062c Session | Quality: NONE | Allowed: False
2026-08-09 10:24:49,987 | INFO | scripts.run_trade_updates | \u2139\ufe0f Outside normal update hours, but continuing due to update_outside_trading_hours or FORCE_TRADE_UPDATE
2026-08-09 10:24:50,263 | INFO | DatabaseService | Database connected: Supabase
2026-08-09 10:24:51,280 | INFO | httpx | HTTP Request: GET https://trsmuzekxmpqtvxdkxwe.supabase.co/rest/v1/trades_demo?select=%2A&status=in.%28OPEN%2CPARTIAL%2CTP1_HIT%2CPENDING%29 "HTTP/2 200 OK"
2026-08-09 10:24:51,280 | INFO | scripts.run_trade_updates | Active/pending trades count: 0
2026-08-09 10:24:51,280 | INFO | scripts.run_trade_updates | \u0644\u0627 \u062a\u0648\u062c\u062f \u0635\u0641\u0642\u0627\u062a \u0645\u0641\u062a\u0648\u062d\u0629 \u0623\u0648 \u0623\u0648\u0627\u0645\u0631 \u0645\u0639\u0644\u0642\u0629 — skipping \u062a\u062d\u062f\u064a\u062b \u0627\u0644\u0635\u0641\u0642\u0627\u062a \u0628\u062f\u0648\u0646 Telegram \u0648\u0628\u062f\u0648\u0646 \u062c\u0644\u0628 \u0633\u0639\u0631.
2026-08-09 10:29:51,283 | INFO | scripts.run_trade_updates | Starting trade updates: 2026-08-09T10:29:51.283535+00:00
2026-08-09 10:29:51,283 | INFO | scripts.run_trade_updates | \U0001f50d Session: \u062e\u0627\u0631\u062c Session | Quality: NONE | Allowed: False
2026-08-09 10:29:51,283 | INFO | scripts.run_trade_updates | \u2139\ufe0f Outside normal update hours, but continuing due to update_outside_trading_hours or FORCE_TRADE_UPDATE
2026-08-09 10:29:51,517 | INFO | DatabaseService | Database connected: Supabase
2026-08-09 10:29:52,569 | INFO | httpx | HTTP Request: GET https://trsmuzekxmpqtvxdkxwe.supabase.co/rest/v1/trades_demo?select=%2A&status=in.%28OPEN%2CPARTIAL%2CTP1_HIT%2CPENDING%29 "HTTP/2 200 OK"
2026-08-09 10:29:52,569 | INFO | scripts.run_trade_updates | Active/pending trades count: 0
2026-08-09 10:29:52,569 | INFO | scripts.run_trade_updates | \u0644\u0627 \u062a\u0648\u062c\u062f \u0635\u0641\u0642\u0627\u062a \u0645\u0641\u062a\u0648\u062d\u0629 \u0623\u0648 \u0623\u0648\u0627\u0645\u0631 \u0645\u0639\u0644\u0642\u0629 — skipping \u062a\u062d\u062f\u064a\u062b \u0627\u0644\u0635\u0641\u0642\u0627\u062a \u0628\u062f\u0648\u0646 Telegram \u0648\u0628\u062f\u0648\u0646 \u062c\u0644\u0628 \u0633\u0639\u0631.
2026-08-09 10:34:52,580 | INFO | scripts.run_trade_updates | Starting trade updates: 2026-08-09T10:34:52.580603+00:00
2026-08-09 10:34:52,580 | INFO | scripts.run_trade_updates | \U0001f50d Session: \u062e\u0627\u0631\u062c Session | Quality: NONE | Allowed: False
2026-08-09 10:34:52,580 | INFO | scripts.run_trade_updates | \u2139\ufe0f Outside normal update hours, but continuing due to update_outside_trading_hours or FORCE_TRADE_UPDATE
2026-08-09 10:34:52,827 | INFO | DatabaseService | Database connected: Supabase
2026-08-09 10:34:53,390 | INFO | httpx | HTTP Request: GET https://trsmuzekxmpqtvxdkxwe.supabase.co/rest/v1/trades_demo?select=%2A&status=in.%28OPEN%2CPARTIAL%2CTP1_HIT%2CPENDING%29 "HTTP/2 200 OK"
2026-08-09 10:34:53,390 | INFO | scripts.run_trade_updates | Active/pending trades count: 0
2026-08-09 10:34:53,390 | INFO | scripts.run_trade_updates | \u0644\u0627 \u062a\u0648\u062c\u062f \u0635\u0641\u0642\u0627\u062a \u0645\u0641\u062a\u0648\u062d\u0629 \u0623\u0648 \u0623\u0648\u0627\u0645\u0631 \u0645\u0639\u0644\u0642\u0629 — skipping \u062a\u062d\u062f\u064a\u062b \u0627\u0644\u0635\u0641\u0642\u0627\u062a \u0628\u062f\u0648\u0646 Telegram \u0648\u0628\u062f\u0648\u0646 \u062c\u0644\u0628 \u0633\u0639\u0631.
2026-08-09 10:39:53,399 | INFO | scripts.run_trade_updates | Starting trade updates: 2026-08-09T10:39:53.399225+00:00
2026-08-09 10:39:53,399 | INFO | scripts.run_trade_updates | \U0001f50d Session: \u062e\u0627\u0631\u062c Session | Quality: NONE | Allowed: False
2026-08-09 10:39:53,399 | INFO | scripts.run_trade_updates | \u2139\ufe0f Outside normal update hours, but continuing due to update_outside_trading_hours or FORCE_TRADE_UPDATE
2026-08-09 10:39:53,628 | INFO | DatabaseService | Database connected: Supabase
2026-08-09 10:39:54,614 | INFO | httpx | HTTP Request: GET https://trsmuzekxmpqtvxdkxwe.supabase.co/rest/v1/trades_demo?select=%2A&status=in.%28OPEN%2CPARTIAL%2CTP1_HIT%2CPENDING%29 "HTTP/2 200 OK"
2026-08-09 10:39:54,614 | INFO | scripts.run_trade_updates | Active/pending trades count: 0
2026-08-09 10:39:54,614 | INFO | scripts.run_trade_updates | \u0644\u0627 \u062a\u0648\u062c\u062f \u0635\u0641\u0642\u0627\u062a \u0645\u0641\u062a\u0648\u062d\u0629 \u0623\u0648 \u0623\u0648\u0627\u0645\u0631 \u0645\u0639\u0644\u0642\u0629 — skipping \u062a\u062d\u062f\u064a\u062b \u0627\u0644\u0635\u0641\u0642\u0627\u062a \u0628\u062f\u0648\u0646 Telegram \u0648\u0628\u062f\u0648\u0646 \u062c\u0644\u0628 \u0633\u0639\u0631.
2026-08-09 10:44:54,623 | INFO | scripts.run_trade_updates | Starting trade updates: 2026-08-09T10:44:54.623230+00:00
2026-08-09 10:44:54,623 | INFO | scripts.run_trade_updates | \U0001f50d Session: \u062e\u0627\u0631\u062c Session | Quality: NONE | Allowed: False
2026-08-09 10:44:54,623 | INFO | scripts.run_trade_updates | \u2139\ufe0f Outside normal update hours, but continuing due to update_outside_trading_hours or FORCE_TRADE_UPDATE
2026-08-09 10:44:54,840 | INFO | DatabaseService | Database connected: Supabase
2026-08-09 10:44:55,872 | INFO | httpx | HTTP Request: GET https://trsmuzekxmpqtvxdkxwe.supabase.co/rest/v1/trades_demo?select=%2A&status=in.%28OPEN%2CPARTIAL%2CTP1_HIT%2CPENDING%29 "HTTP/2 200 OK"
2026-08-09 10:44:55,872 | INFO | scripts.run_trade_updates | Active/pending trades count: 0
2026-08-09 10:44:55,872 | INFO | scripts.run_trade_updates | \u0644\u0627 \u062a\u0648\u062c\u062f \u0635\u0641\u0642\u0627\u062a \u0645\u0641\u062a\u0648\u062d\u0629 \u0623\u0648 \u0623\u0648\u0627\u0645\u0631 \u0645\u0639\u0644\u0642\u0629 — skipping \u062a\u062d\u062f\u064a\u062b \u0627\u0644\u0635\u0641\u0642\u0627\u062a \u0628\u062f\u0648\u0646 Telegram \u0648\u0628\u062f\u0648\u0646 \u062c\u0644\u0628 \u0633\u0639\u0631.
2026-08-09 10:49:55,880 | INFO | scripts.run_trade_updates | Starting trade updates: 2026-08-09T10:49:55.880795+00:00
2026-08-09 10:49:55,885 | INFO | scripts.run_trade_updates | \U0001f50d Session: \u062e\u0627\u0631\u062c Session | Quality: NONE | Allowed: False
2026-08-09 10:49:55,885 | INFO | scripts.run_trade_updates | \u2139\ufe0f Outside normal update hours, but continuing due to update_outside_trading_hours or FORCE_TRADE_UPDATE
2026-08-09 10:49:56,104 | INFO | DatabaseService | Database connected: Supabase
2026-08-09 10:49:57,152 | INFO | httpx | HTTP Request: GET https://trsmuzekxmpqtvxdkxwe.supabase.co/rest/v1/trades_demo?select=%2A&status=in.%28OPEN%2CPARTIAL%2CTP1_HIT%2CPENDING%29 "HTTP/2 200 OK"
2026-08-09 10:49:57,152 | INFO | scripts.run_trade_updates | Active/pending trades count: 0
2026-08-09 10:49:57,152 | INFO | scripts.run_trade_updates | \u0644\u0627 \u062a\u0648\u062c\u062f \u0635\u0641\u0642\u0627\u062a \u0645\u0641\u062a\u0648\u062d\u0629 \u0623\u0648 \u0623\u0648\u0627\u0645\u0631 \u0645\u0639\u0644\u0642\u0629 — skipping \u062a\u062d\u062f\u064a\u062b \u0627\u0644\u0635\u0641\u0642\u0627\u062a \u0628\u062f\u0648\u0646 Telegram \u0648\u0628\u062f\u0648\u0646 \u062c\u0644\u0628 \u0633\u0639\u0631.
2026-08-09 10:54:57,167 | INFO | scripts.run_trade_updates | Starting trade updates: 2026-08-09T10:54:57.167543+00:00
2026-08-09 10:54:57,167 | INFO | scripts.run_trade_updates | \U0001f50d Session: \u062e\u0627\u0631\u062c Session | Quality: NONE | Allowed: False
2026-08-09 10:54:57,167 | INFO | scripts.run_trade_updates | \u2139\ufe0f Outside normal update hours, but continuing due to update_outside_trading_hours or FORCE_TRADE_UPDATE
2026-08-09 10:54:57,360 | INFO | DatabaseService | Database connected: Supabase
2026-08-09 10:54:58,329 | INFO | httpx | HTTP Request: GET https://trsmuzekxmpqtvxdkxwe.supabase.co/rest/v1/trades_demo?select=%2A&status=in.%28OPEN%2CPARTIAL%2CTP1_HIT%2CPENDING%29 "HTTP/2 200 OK"
2026-08-09 10:54:58,329 | INFO | scripts.run_trade_updates | Active/pending trades count: 0
2026-08-09 10:54:58,329 | INFO | scripts.run_trade_updates | \u0644\u0627 \u062a\u0648\u062c\u062f \u0635\u0641\u0642\u0627\u062a \u0645\u0641\u062a\u0648\u062d\u0629 \u0623\u0648 \u0623\u0648\u0627\u0645\u0631 \u0645\u0639\u0644\u0642\u0629 — skipping \u062a\u062d\u062f\u064a\u062b \u0627\u0644\u0635\u0641\u0642\u0627\u062a \u0628\u062f\u0648\u0646 Telegram \u0648\u0628\u062f\u0648\u0646 \u062c\u0644\u0628 \u0633\u0639\u0631.
2026-08-09 10:59:58,344 | INFO | scripts.run_trade_updates | Starting trade updates: 2026-08-09T10:59:58.344120+00:00
2026-08-09 10:59:58,344 | INFO | scripts.run_trade_updates | \U0001f50d Session: \u062e\u0627\u0631\u062c Session | Quality: NONE | Allowed: False
2026-08-09 10:59:58,344 | INFO | scripts.run_trade_updates | \u2139\ufe0f Outside normal update hours, but continuing due to update_outside_trading_hours or FORCE_TRADE_UPDATE
2026-08-09 10:59:58,572 | INFO | DatabaseService | Database connected: Supabase
2026-08-09 10:59:59,869 | INFO | httpx | HTTP Request: GET https://trsmuzekxmpqtvxdkxwe.supabase.co/rest/v1/trades_demo?select=%2A&status=in.%28OPEN%2CPARTIAL%2CTP1_HIT%2CPENDING%29 "HTTP/2 200 OK"
2026-08-09 10:59:59,869 | INFO | scripts.run_trade_updates | Active/pending trades count: 0
2026-08-09 10:59:59,869 | INFO | scripts.run_trade_updates | \u0644\u0627 \u062a\u0648\u062c\u062f \u0635\u0641\u0642\u0627\u062a \u0645\u0641\u062a\u0648\u062d\u0629 \u0623\u0648 \u0623\u0648\u0627\u0645\u0631 \u0645\u0639\u0644\u0642\u0629 — skipping \u062a\u062d\u062f\u064a\u062b \u0627\u0644\u0635\u0641\u0642\u0627\u062a \u0628\u062f\u0648\u0646 Telegram \u0648\u0628\u062f\u0648\u0646 \u062c\u0644\u0628 \u0633\u0639\u0631.
2026-08-09 11:04:59,885 | INFO | scripts.run_trade_updates | Starting trade updates: 2026-08-09T11:04:59.885660+00:00
2026-08-09 11:04:59,885 | INFO | scripts.run_trade_updates | \U0001f50d Session: \u062e\u0627\u0631\u062c Session | Quality: NONE | Allowed: False
2026-08-09 11:04:59,885 | INFO | scripts.run_trade_updates | \u2139\ufe0f Outside normal update hours, but continuing due to update_outside_trading_hours or FORCE_TRADE_UPDATE
2026-08-09 11:05:00,139 | INFO | DatabaseService | Database connected: Supabase
2026-08-09 11:05:01,172 | INFO | httpx | HTTP Request: GET https://trsmuzekxmpqtvxdkxwe.supabase.co/rest/v1/trades_demo?select=%2A&status=in.%28OPEN%2CPARTIAL%2CTP1_HIT%2CPENDING%29 "HTTP/2 200 OK"
2026-08-09 11:05:01,172 | INFO | scripts.run_trade_updates | Active/pending trades count: 0
2026-08-09 11:05:01,172 | INFO | scripts.run_trade_updates | \u0644\u0627 \u062a\u0648\u062c\u062f \u0635\u0641\u0642\u0627\u062a \u0645\u0641\u062a\u0648\u062d\u0629 \u0623\u0648 \u0623\u0648\u0627\u0645\u0631 \u0645\u0639\u0644\u0642\u0629 — skipping \u062a\u062d\u062f\u064a\u062b \u0627\u0644\u0635\u0641\u0642\u0627\u062a \u0628\u062f\u0648\u0646 Telegram \u0648\u0628\u062f\u0648\u0646 \u062c\u0644\u0628 \u0633\u0639\u0631.
2026-08-09 11:10:01,176 | INFO | scripts.run_trade_updates | Starting trade updates: 2026-08-09T11:10:01.176663+00:00
2026-08-09 11:10:01,181 | INFO | scripts.run_trade_updates | \U0001f50d Session: \u062e\u0627\u0631\u062c Session | Quality: NONE | Allowed: False
2026-08-09 11:10:01,181 | INFO | scripts.run_trade_updates | \u2139\ufe0f Outside normal update hours, but continuing due to update_outside_trading_hours or FORCE_TRADE_UPDATE
2026-08-09 11:10:01,448 | INFO | DatabaseService | Database connected: Supabase
2026-08-09 11:10:02,606 | INFO | httpx | HTTP Request: GET https://trsmuzekxmpqtvxdkxwe.supabase.co/rest/v1/trades_demo?select=%2A&status=in.%28OPEN%2CPARTIAL%2CTP1_HIT%2CPENDING%29 "HTTP/2 200 OK"
2026-08-09 11:10:02,606 | INFO | scripts.run_trade_updates | Active/pending trades count: 0
2026-08-09 11:10:02,606 | INFO | scripts.run_trade_updates | \u0644\u0627 \u062a\u0648\u062c\u062f \u0635\u0641\u0642\u0627\u062a \u0645\u0641\u062a\u0648\u062d\u0629 \u0623\u0648 \u0623\u0648\u0627\u0645\u0631 \u0645\u0639\u0644\u0642\u0629 — skipping \u062a\u062d\u062f\u064a\u062b \u0627\u0644\u0635\u0641\u0642\u0627\u062a \u0628\u062f\u0648\u0646 Telegram \u0648\u0628\u062f\u0648\u0646 \u062c\u0644\u0628 \u0633\u0639\u0631.
2026-08-09 11:15:02,618 | INFO | scripts.run_trade_updates | Starting trade updates: 2026-08-09T11:15:02.618947+00:00
2026-08-09 11:15:02,618 | INFO | scripts.run_trade_updates | \U0001f50d Session: \u062e\u0627\u0631\u062c Session | Quality: NONE | Allowed: False
2026-08-09 11:15:02,618 | INFO | scripts.run_trade_updates | \u2139\ufe0f Outside normal update hours, but continuing due to update_outside_trading_hours or FORCE_TRADE_UPDATE
2026-08-09 11:15:02,882 | INFO | DatabaseService | Database connected: Supabase
2026-08-09 11:15:03,947 | INFO | httpx | HTTP Request: GET https://trsmuzekxmpqtvxdkxwe.supabase.co/rest/v1/trades_demo?select=%2A&status=in.%28OPEN%2CPARTIAL%2CTP1_HIT%2CPENDING%29 "HTTP/2 200 OK"
2026-08-09 11:15:03,947 | INFO | scripts.run_trade_updates | Active/pending trades count: 0
2026-08-09 11:15:03,947 | INFO | scripts.run_trade_updates | \u0644\u0627 \u062a\u0648\u062c\u062f \u0635\u0641\u0642\u0627\u062a \u0645\u0641\u062a\u0648\u062d\u0629 \u0623\u0648 \u0623\u0648\u0627\u0645\u0631 \u0645\u0639\u0644\u0642\u0629 — skipping \u062a\u062d\u062f\u064a\u062b \u0627\u0644\u0635\u0641\u0642\u0627\u062a \u0628\u062f\u0648\u0646 Telegram \u0648\u0628\u062f\u0648\u0646 \u062c\u0644\u0628 \u0633\u0639\u0631.
2026-08-09 11:20:03,952 | INFO | scripts.run_trade_updates | Starting trade updates: 2026-08-09T11:20:03.952462+00:00
2026-08-09 11:20:03,955 | INFO | scripts.run_trade_updates | \U0001f50d Session: \u062e\u0627\u0631\u062c Session | Quality: NONE | Allowed: False
2026-08-09 11:20:03,955 | INFO | scripts.run_trade_updates | \u2139\ufe0f Outside normal update hours, but continuing due to update_outside_trading_hours or FORCE_TRADE_UPDATE
2026-08-09 11:20:04,210 | INFO | DatabaseService | Database connected: Supabase
2026-08-09 11:20:05,237 | INFO | httpx | HTTP Request: GET https://trsmuzekxmpqtvxdkxwe.supabase.co/rest/v1/trades_demo?select=%2A&status=in.%28OPEN%2CPARTIAL%2CTP1_HIT%2CPENDING%29 "HTTP/2 200 OK"
2026-08-09 11:20:05,237 | INFO | scripts.run_trade_updates | Active/pending trades count: 0
2026-08-09 11:20:05,237 | INFO | scripts.run_trade_updates | \u0644\u0627 \u062a\u0648\u062c\u062f \u0635\u0641\u0642\u0627\u062a \u0645\u0641\u062a\u0648\u062d\u0629 \u0623\u0648 \u0623\u0648\u0627\u0645\u0631 \u0645\u0639\u0644\u0642\u0629 — skipping \u062a\u062d\u062f\u064a\u062b \u0627\u0644\u0635\u0641\u0642\u0627\u062a \u0628\u062f\u0648\u0646 Telegram \u0648\u0628\u062f\u0648\u0646 \u062c\u0644\u0628 \u0633\u0639\u0631.
2026-08-09 11:25:05,243 | INFO | scripts.run_trade_updates | Starting trade updates: 2026-08-09T11:25:05.243594+00:00
2026-08-09 11:25:05,243 | INFO | scripts.run_trade_updates | \U0001f50d Session: \u062e\u0627\u0631\u062c Session | Quality: NONE | Allowed: False
2026-08-09 11:25:05,243 | INFO | scripts.run_trade_updates | \u2139\ufe0f Outside normal update hours, but continuing due to update_outside_trading_hours or FORCE_TRADE_UPDATE
2026-08-09 11:25:05,504 | INFO | DatabaseService | Database connected: Supabase
2026-08-09 11:25:06,583 | INFO | httpx | HTTP Request: GET https://trsmuzekxmpqtvxdkxwe.supabase.co/rest/v1/trades_demo?select=%2A&status=in.%28OPEN%2CPARTIAL%2CTP1_HIT%2CPENDING%29 "HTTP/2 200 OK"
2026-08-09 11:25:06,583 | INFO | scripts.run_trade_updates | Active/pending trades count: 0
2026-08-09 11:25:06,583 | INFO | scripts.run_trade_updates | \u0644\u0627 \u062a\u0648\u062c\u062f \u0635\u0641\u0642\u0627\u062a \u0645\u0641\u062a\u0648\u062d\u0629 \u0623\u0648 \u0623\u0648\u0627\u0645\u0631 \u0645\u0639\u0644\u0642\u0629 — skipping \u062a\u062d\u062f\u064a\u062b \u0627\u0644\u0635\u0641\u0642\u0627\u062a \u0628\u062f\u0648\u0646 Telegram \u0648\u0628\u062f\u0648\u0646 \u062c\u0644\u0628 \u0633\u0639\u0631.
2026-08-09 11:30:06,591 | INFO | scripts.run_trade_updates | Starting trade updates: 2026-08-09T11:30:06.591050+00:00
2026-08-09 11:30:06,591 | INFO | scripts.run_trade_updates | \U0001f50d Session: \u062e\u0627\u0631\u062c Session | Quality: NONE | Allowed: False
2026-08-09 11:30:06,591 | INFO | scripts.run_trade_updates | \u2139\ufe0f Outside normal update hours, but continuing due to update_outside_trading_hours or FORCE_TRADE_UPDATE
2026-08-09 11:30:06,800 | INFO | DatabaseService | Database connected: Supabase
2026-08-09 11:30:07,848 | INFO | httpx | HTTP Request: GET https://trsmuzekxmpqtvxdkxwe.supabase.co/rest/v1/trades_demo?select=%2A&status=in.%28OPEN%2CPARTIAL%2CTP1_HIT%2CPENDING%29 "HTTP/2 200 OK"
2026-08-09 11:30:07,848 | INFO | scripts.run_trade_updates | Active/pending trades count: 0
2026-08-09 11:30:07,848 | INFO | scripts.run_trade_updates | \u0644\u0627 \u062a\u0648\u062c\u062f \u0635\u0641\u0642\u0627\u062a \u0645\u0641\u062a\u0648\u062d\u0629 \u0623\u0648 \u0623\u0648\u0627\u0645\u0631 \u0645\u0639\u0644\u0642\u0629 — skipping \u062a\u062d\u062f\u064a\u062b \u0627\u0644\u0635\u0641\u0642\u0627\u062a \u0628\u062f\u0648\u0646 Telegram \u0648\u0628\u062f\u0648\u0646 \u062c\u0644\u0628 \u0633\u0639\u0631.
2026-08-09 11:35:07,860 | INFO | scripts.run_trade_updates | Starting trade updates: 2026-08-09T11:35:07.860671+00:00
2026-08-09 11:35:07,860 | INFO | scripts.run_trade_updates | \U0001f50d Session: \u062e\u0627\u0631\u062c Session | Quality: NONE | Allowed: False
2026-08-09 11:35:07,860 | INFO | scripts.run_trade_updates | \u2139\ufe0f Outside normal update hours, but continuing due to update_outside_trading_hours or FORCE_TRADE_UPDATE
2026-08-09 11:35:08,079 | INFO | DatabaseService | Database connected: Supabase
2026-08-09 11:35:08,595 | INFO | httpx | HTTP Request: GET https://trsmuzekxmpqtvxdkxwe.supabase.co/rest/v1/trades_demo?select=%2A&status=in.%28OPEN%2CPARTIAL%2CTP1_HIT%2CPENDING%29 "HTTP/2 200 OK"
2026-08-09 11:35:08,595 | INFO | scripts.run_trade_updates | Active/pending trades count: 0
2026-08-09 11:35:08,595 | INFO | scripts.run_trade_updates | \u0644\u0627 \u062a\u0648\u062c\u062f \u0635\u0641\u0642\u0627\u062a \u0645\u0641\u062a\u0648\u062d\u0629 \u0623\u0648 \u0623\u0648\u0627\u0645\u0631 \u0645\u0639\u0644\u0642\u0629 — skipping \u062a\u062d\u062f\u064a\u062b \u0627\u0644\u0635\u0641\u0642\u0627\u062a \u0628\u062f\u0648\u0646 Telegram \u0648\u0628\u062f\u0648\u0646 \u062c\u0644\u0628 \u0633\u0639\u0631.
2026-08-09 11:40:08,606 | INFO | scripts.run_trade_updates | Starting trade updates: 2026-08-09T11:40:08.606642+00:00
2026-08-09 11:40:08,606 | INFO | scripts.run_trade_updates | \U0001f50d Session: \u062e\u0627\u0631\u062c Session | Quality: NONE | Allowed: False
2026-08-09 11:40:08,606 | INFO | scripts.run_trade_updates | \u2139\ufe0f Outside normal update hours, but continuing due to update_outside_trading_hours or FORCE_TRADE_UPDATE
2026-08-09 11:40:08,864 | INFO | DatabaseService | Database connected: Supabase
2026-08-09 11:40:09,913 | INFO | httpx | HTTP Request: GET https://trsmuzekxmpqtvxdkxwe.supabase.co/rest/v1/trades_demo?select=%2A&status=in.%28OPEN%2CPARTIAL%2CTP1_HIT%2CPENDING%29 "HTTP/2 200 OK"
2026-08-09 11:40:09,913 | INFO | scripts.run_trade_updates | Active/pending trades count: 0
2026-08-09 11:40:09,913 | INFO | scripts.run_trade_updates | \u0644\u0627 \u062a\u0648\u062c\u062f \u0635\u0641\u0642\u0627\u062a \u0645\u0641\u062a\u0648\u062d\u0629 \u0623\u0648 \u0623\u0648\u0627\u0645\u0631 \u0645\u0639\u0644\u0642\u0629 — skipping \u062a\u062d\u062f\u064a\u062b \u0627\u0644\u0635\u0641\u0642\u0627\u062a \u0628\u062f\u0648\u0646 Telegram \u0648\u0628\u062f\u0648\u0646 \u062c\u0644\u0628 \u0633\u0639\u0631.
2026-08-09 11:45:09,922 | INFO | scripts.run_trade_updates | Starting trade updates: 2026-08-09T11:45:09.922925+00:00
2026-08-09 11:45:09,922 | INFO | scripts.run_trade_updates | \U0001f50d Session: \u062e\u0627\u0631\u062c Session | Quality: NONE | Allowed: False
2026-08-09 11:45:09,922 | INFO | scripts.run_trade_updates | \u2139\ufe0f Outside normal update hours, but continuing due to update_outside_trading_hours or FORCE_TRADE_UPDATE
2026-08-09 11:45:10,152 | INFO | DatabaseService | Database connected: Supabase
2026-08-09 11:45:10,671 | INFO | httpx | HTTP Request: GET https://trsmuzekxmpqtvxdkxwe.supabase.co/rest/v1/trades_demo?select=%2A&status=in.%28OPEN%2CPARTIAL%2CTP1_HIT%2CPENDING%29 "HTTP/2 200 OK"
2026-08-09 11:45:10,671 | INFO | scripts.run_trade_updates | Active/pending trades count: 0
2026-08-09 11:45:10,671 | INFO | scripts.run_trade_updates | \u0644\u0627 \u062a\u0648\u062c\u062f \u0635\u0641\u0642\u0627\u062a \u0645\u0641\u062a\u0648\u062d\u0629 \u0623\u0648 \u0623\u0648\u0627\u0645\u0631 \u0645\u0639\u0644\u0642\u0629 — skipping \u062a\u062d\u062f\u064a\u062b \u0627\u0644\u0635\u0641\u0642\u0627\u062a \u0628\u062f\u0648\u0646 Telegram \u0648\u0628\u062f\u0648\u0646 \u062c\u0644\u0628 \u0633\u0639\u0631.
2026-08-09 11:50:10,681 | INFO | scripts.run_trade_updates | Starting trade updates: 2026-08-09T11:50:10.681442+00:00
2026-08-09 11:50:10,681 | INFO | scripts.run_trade_updates | \U0001f50d Session: \u062e\u0627\u0631\u062c Session | Quality: NONE | Allowed: False
2026-08-09 11:50:10,681 | INFO | scripts.run_trade_updates | \u2139\ufe0f Outside normal update hours, but continuing due to update_outside_trading_hours or FORCE_TRADE_UPDATE
2026-08-09 11:50:10,907 | INFO | DatabaseService | Database connected: Supabase
2026-08-09 11:50:11,956 | INFO | httpx | HTTP Request: GET https://trsmuzekxmpqtvxdkxwe.supabase.co/rest/v1/trades_demo?select=%2A&status=in.%28OPEN%2CPARTIAL%2CTP1_HIT%2CPENDING%29 "HTTP/2 200 OK"
2026-08-09 11:50:11,956 | INFO | scripts.run_trade_updates | Active/pending trades count: 0
2026-08-09 11:50:11,956 | INFO | scripts.run_trade_updates | \u0644\u0627 \u062a\u0648\u062c\u062f \u0635\u0641\u0642\u0627\u062a \u0645\u0641\u062a\u0648\u062d\u0629 \u0623\u0648 \u0623\u0648\u0627\u0645\u0631 \u0645\u0639\u0644\u0642\u0629 — skipping \u062a\u062d\u062f\u064a\u062b \u0627\u0644\u0635\u0641\u0642\u0627\u062a \u0628\u062f\u0648\u0646 Telegram \u0648\u0628\u062f\u0648\u0646 \u062c\u0644\u0628 \u0633\u0639\u0631.
2026-08-09 11:55:11,962 | INFO | scripts.run_trade_updates | Starting trade updates: 2026-08-09T11:55:11.962305+00:00
2026-08-09 11:55:11,962 | INFO | scripts.run_trade_updates | \U0001f50d Session: \u062e\u0627\u0631\u062c Session | Quality: NONE | Allowed: False
2026-08-09 11:55:11,962 | INFO | scripts.run_trade_updates | \u2139\ufe0f Outside normal update hours, but continuing due to update_outside_trading_hours or FORCE_TRADE_UPDATE
2026-08-09 11:55:12,174 | INFO | DatabaseService | Database connected: Supabase
2026-08-09 11:55:13,238 | INFO | httpx | HTTP Request: GET https://trsmuzekxmpqtvxdkxwe.supabase.co/rest/v1/trades_demo?select=%2A&status=in.%28OPEN%2CPARTIAL%2CTP1_HIT%2CPENDING%29 "HTTP/2 200 OK"
2026-08-09 11:55:13,238 | INFO | scripts.run_trade_updates | Active/pending trades count: 0
2026-08-09 11:55:13,238 | INFO | scripts.run_trade_updates | \u0644\u0627 \u062a\u0648\u062c\u062f \u0635\u0641\u0642\u0627\u062a \u0645\u0641\u062a\u0648\u062d\u0629 \u0623\u0648 \u0623\u0648\u0627\u0645\u0631 \u0645\u0639\u0644\u0642\u0629 — skipping \u062a\u062d\u062f\u064a\u062b \u0627\u0644\u0635\u0641\u0642\u0627\u062a \u0628\u062f\u0648\u0646 Telegram \u0648\u0628\u062f\u0648\u0646 \u062c\u0644\u0628 \u0633\u0639\u0631.
2026-08-09 12:00:13,251 | INFO | scripts.run_trade_updates | Starting trade updates: 2026-08-09T12:00:13.251909+00:00
2026-08-09 12:00:13,251 | INFO | scripts.run_trade_updates | \U0001f50d Session: \u062e\u0627\u0631\u062c Session | Quality: NONE | Allowed: False
2026-08-09 12:00:13,251 | INFO | scripts.run_trade_updates | \u2139\ufe0f Outside normal update hours, but continuing due to update_outside_trading_hours or FORCE_TRADE_UPDATE
2026-08-09 12:00:13,471 | INFO | DatabaseService | Database connected: Supabase
2026-08-09 12:00:14,441 | INFO | httpx | HTTP Request: GET https://trsmuzekxmpqtvxdkxwe.supabase.co/rest/v1/trades_demo?select=%2A&status=in.%28OPEN%2CPARTIAL%2CTP1_HIT%2CPENDING%29 "HTTP/2 200 OK"
2026-08-09 12:00:14,441 | INFO | scripts.run_trade_updates | Active/pending trades count: 0
2026-08-09 12:00:14,441 | INFO | scripts.run_trade_updates | \u0644\u0627 \u062a\u0648\u062c\u062f \u0635\u0641\u0642\u0627\u062a \u0645\u0641\u062a\u0648\u062d\u0629 \u0623\u0648 \u0623\u0648\u0627\u0645\u0631 \u0645\u0639\u0644\u0642\u0629 — skipping \u062a\u062d\u062f\u064a\u062b \u0627\u0644\u0635\u0641\u0642\u0627\u062a \u0628\u062f\u0648\u0646 Telegram \u0648\u0628\u062f\u0648\u0646 \u062c\u0644\u0628 \u0633\u0639\u0631.
2026-08-09 12:05:14,458 | INFO | scripts.run_trade_updates | Starting trade updates: 2026-08-09T12:05:14.458124+00:00
2026-08-09 12:05:14,460 | INFO | scripts.run_trade_updates | \U0001f50d Session: \u062e\u0627\u0631\u062c Session | Quality: NONE | Allowed: False
2026-08-09 12:05:14,460 | INFO | scripts.run_trade_updates | \u2139\ufe0f Outside normal update hours, but continuing due to update_outside_trading_hours or FORCE_TRADE_UPDATE
2026-08-09 12:05:14,699 | INFO | DatabaseService | Database connected: Supabase
2026-08-09 12:05:15,770 | INFO | httpx | HTTP Request: GET https://trsmuzekxmpqtvxdkxwe.supabase.co/rest/v1/trades_demo?select=%2A&status=in.%28OPEN%2CPARTIAL%2CTP1_HIT%2CPENDING%29 "HTTP/2 200 OK"
2026-08-09 12:05:15,770 | INFO | scripts.run_trade_updates | Active/pending trades count: 0
2026-08-09 12:05:15,770 | INFO | scripts.run_trade_updates | \u0644\u0627 \u062a\u0648\u062c\u062f \u0635\u0641\u0642\u0627\u062a \u0645\u0641\u062a\u0648\u062d\u0629 \u0623\u0648 \u0623\u0648\u0627\u0645\u0631 \u0645\u0639\u0644\u0642\u0629 — skipping \u062a\u062d\u062f\u064a\u062b \u0627\u0644\u0635\u0641\u0642\u0627\u062a \u0628\u062f\u0648\u0646 Telegram \u0648\u0628\u062f\u0648\u0646 \u062c\u0644\u0628 \u0633\u0639\u0631.
2026-08-09 12:10:15,781 | INFO | scripts.run_trade_updates | Starting trade updates: 2026-08-09T12:10:15.781456+00:00
2026-08-09 12:10:15,781 | INFO | scripts.run_trade_updates | \U0001f50d Session: \u062e\u0627\u0631\u062c Session | Quality: NONE | Allowed: False
2026-08-09 12:10:15,781 | INFO | scripts.run_trade_updates | \u2139\ufe0f Outside normal update hours, but continuing due to update_outside_trading_hours or FORCE_TRADE_UPDATE
2026-08-09 12:10:16,022 | INFO | DatabaseService | Database connected: Supabase
2026-08-09 12:10:16,991 | INFO | httpx | HTTP Request: GET https://trsmuzekxmpqtvxdkxwe.supabase.co/rest/v1/trades_demo?select=%2A&status=in.%28OPEN%2CPARTIAL%2CTP1_HIT%2CPENDING%29 "HTTP/2 200 OK"
2026-08-09 12:10:16,991 | INFO | scripts.run_trade_updates | Active/pending trades count: 0
2026-08-09 12:10:16,991 | INFO | scripts.run_trade_updates | \u0644\u0627 \u062a\u0648\u062c\u062f \u0635\u0641\u0642\u0627\u062a \u0645\u0641\u062a\u0648\u062d\u0629 \u0623\u0648 \u0623\u0648\u0627\u0645\u0631 \u0645\u0639\u0644\u0642\u0629 — skipping \u062a\u062d\u062f\u064a\u062b \u0627\u0644\u0635\u0641\u0642\u0627\u062a \u0628\u062f\u0648\u0646 Telegram \u0648\u0628\u062f\u0648\u0646 \u062c\u0644\u0628 \u0633\u0639\u0631.
2026-08-09 12:15:17,002 | INFO | scripts.run_trade_updates | Starting trade updates: 2026-08-09T12:15:17.002890+00:00
2026-08-09 12:15:17,003 | INFO | scripts.run_trade_updates | \U0001f50d Session: \u062e\u0627\u0631\u062c Session | Quality: NONE | Allowed: False
2026-08-09 12:15:17,003 | INFO | scripts.run_trade_updates | \u2139\ufe0f Outside normal update hours, but continuing due to update_outside_trading_hours or FORCE_TRADE_UPDATE
2026-08-09 12:15:17,222 | INFO | DatabaseService | Database connected: Supabase
2026-08-09 12:15:18,288 | INFO | httpx | HTTP Request: GET https://trsmuzekxmpqtvxdkxwe.supabase.co/rest/v1/trades_demo?select=%2A&status=in.%28OPEN%2CPARTIAL%2CTP1_HIT%2CPENDING%29 "HTTP/2 200 OK"
2026-08-09 12:15:18,288 | INFO | scripts.run_trade_updates | Active/pending trades count: 0
2026-08-09 12:15:18,288 | INFO | scripts.run_trade_updates | \u0644\u0627 \u062a\u0648\u062c\u062f \u0635\u0641\u0642\u0627\u062a \u0645\u0641\u062a\u0648\u062d\u0629 \u0623\u0648 \u0623\u0648\u0627\u0645\u0631 \u0645\u0639\u0644\u0642\u0629 — skipping \u062a\u062d\u062f\u064a\u062b \u0627\u0644\u0635\u0641\u0642\u0627\u062a \u0628\u062f\u0648\u0646 Telegram \u0648\u0628\u062f\u0648\u0646 \u062c\u0644\u0628 \u0633\u0639\u0631.
2026-08-09 12:20:18,294 | INFO | scripts.run_trade_updates | Starting trade updates: 2026-08-09T12:20:18.294838+00:00
2026-08-09 12:20:18,294 | INFO | scripts.run_trade_updates | \U0001f50d Session: \u062e\u0627\u0631\u062c Session | Quality: NONE | Allowed: False
2026-08-09 12:20:18,294 | INFO | scripts.run_trade_updates | \u2139\ufe0f Outside normal update hours, but continuing due to update_outside_trading_hours or FORCE_TRADE_UPDATE
2026-08-09 12:20:18,511 | INFO | DatabaseService | Database connected: Supabase
2026-08-09 12:20:19,507 | INFO | httpx | HTTP Request: GET https://trsmuzekxmpqtvxdkxwe.supabase.co/rest/v1/trades_demo?select=%2A&status=in.%28OPEN%2CPARTIAL%2CTP1_HIT%2CPENDING%29 "HTTP/2 200 OK"
2026-08-09 12:20:19,507 | INFO | scripts.run_trade_updates | Active/pending trades count: 0
2026-08-09 12:20:19,507 | INFO | scripts.run_trade_updates | \u0644\u0627 \u062a\u0648\u062c\u062f \u0635\u0641\u0642\u0627\u062a \u0645\u0641\u062a\u0648\u062d\u0629 \u0623\u0648 \u0623\u0648\u0627\u0645\u0631 \u0645\u0639\u0644\u0642\u0629 — skipping \u062a\u062d\u062f\u064a\u062b \u0627\u0644\u0635\u0641\u0642\u0627\u062a \u0628\u062f\u0648\u0646 Telegram \u0648\u0628\u062f\u0648\u0646 \u062c\u0644\u0628 \u0633\u0639\u0631.
2026-08-09 12:25:19,513 | INFO | scripts.run_trade_updates | Starting trade updates: 2026-08-09T12:25:19.513058+00:00
2026-08-09 12:25:19,513 | INFO | scripts.run_trade_updates | \U0001f50d Session: \u062e\u0627\u0631\u062c Session | Quality: NONE | Allowed: False
2026-08-09 12:25:19,513 | INFO | scripts.run_trade_updates | \u2139\ufe0f Outside normal update hours, but continuing due to update_outside_trading_hours or FORCE_TRADE_UPDATE
2026-08-09 12:25:19,771 | INFO | DatabaseService | Database connected: Supabase
2026-08-09 12:25:20,866 | INFO | httpx | HTTP Request: GET https://trsmuzekxmpqtvxdkxwe.supabase.co/rest/v1/trades_demo?select=%2A&status=in.%28OPEN%2CPARTIAL%2CTP1_HIT%2CPENDING%29 "HTTP/2 200 OK"
2026-08-09 12:25:20,866 | INFO | scripts.run_trade_updates | Active/pending trades count: 0
2026-08-09 12:25:20,866 | INFO | scripts.run_trade_updates | \u0644\u0627 \u062a\u0648\u062c\u062f \u0635\u0641\u0642\u0627\u062a \u0645\u0641\u062a\u0648\u062d\u0629 \u0623\u0648 \u0623\u0648\u0627\u0645\u0631 \u0645\u0639\u0644\u0642\u0629 — skipping \u062a\u062d\u062f\u064a\u062b \u0627\u0644\u0635\u0641\u0642\u0627\u062a \u0628\u062f\u0648\u0646 Telegram \u0648\u0628\u062f\u0648\u0646 \u062c\u0644\u0628 \u0633\u0639\u0631.
2026-08-09 12:30:20,879 | INFO | scripts.run_trade_updates | Starting trade updates: 2026-08-09T12:30:20.879175+00:00
2026-08-09 12:30:20,879 | INFO | scripts.run_trade_updates | \U0001f50d Session: \u062e\u0627\u0631\u062c Session | Quality: NONE | Allowed: False
2026-08-09 12:30:20,879 | INFO | scripts.run_trade_updates | \u2139\ufe0f Outside normal update hours, but continuing due to update_outside_trading_hours or FORCE_TRADE_UPDATE
2026-08-09 12:30:21,080 | INFO | DatabaseService | Database connected: Supabase
2026-08-09 12:30:22,065 | INFO | httpx | HTTP Request: GET https://trsmuzekxmpqtvxdkxwe.supabase.co/rest/v1/trades_demo?select=%2A&status=in.%28OPEN%2CPARTIAL%2CTP1_HIT%2CPENDING%29 "HTTP/2 200 OK"
2026-08-09 12:30:22,065 | INFO | scripts.run_trade_updates | Active/pending trades count: 0
2026-08-09 12:30:22,065 | INFO | scripts.run_trade_updates | \u0644\u0627 \u062a\u0648\u062c\u062f \u0635\u0641\u0642\u0627\u062a \u0645\u0641\u062a\u0648\u062d\u0629 \u0623\u0648 \u0623\u0648\u0627\u0645\u0631 \u0645\u0639\u0644\u0642\u0629 — skipping \u062a\u062d\u062f\u064a\u062b \u0627\u0644\u0635\u0641\u0642\u0627\u062a \u0628\u062f\u0648\u0646 Telegram \u0648\u0628\u062f\u0648\u0646 \u062c\u0644\u0628 \u0633\u0639\u0631.
2026-08-09 12:35:22,079 | INFO | scripts.run_trade_updates | Starting trade updates: 2026-08-09T12:35:22.079509+00:00
2026-08-09 12:35:22,079 | INFO | scripts.run_trade_updates | \U0001f50d Session: \u062e\u0627\u0631\u062c Session | Quality: NONE | Allowed: False
2026-08-09 12:35:22,079 | INFO | scripts.run_trade_updates | \u2139\ufe0f Outside normal update hours, but continuing due to update_outside_trading_hours or FORCE_TRADE_UPDATE
2026-08-09 12:35:22,293 | INFO | DatabaseService | Database connected: Supabase
2026-08-09 12:35:23,325 | INFO | httpx | HTTP Request: GET https://trsmuzekxmpqtvxdkxwe.supabase.co/rest/v1/trades_demo?select=%2A&status=in.%28OPEN%2CPARTIAL%2CTP1_HIT%2CPENDING%29 "HTTP/2 200 OK"
2026-08-09 12:35:23,325 | INFO | scripts.run_trade_updates | Active/pending trades count: 0
2026-08-09 12:35:23,325 | INFO | scripts.run_trade_updates | \u0644\u0627 \u062a\u0648\u062c\u062f \u0635\u0641\u0642\u0627\u062a \u0645\u0641\u062a\u0648\u062d\u0629 \u0623\u0648 \u0623\u0648\u0627\u0645\u0631 \u0645\u0639\u0644\u0642\u0629 — skipping \u062a\u062d\u062f\u064a\u062b \u0627\u0644\u0635\u0641\u0642\u0627\u062a \u0628\u062f\u0648\u0646 Telegram \u0648\u0628\u062f\u0648\u0646 \u062c\u0644\u0628 \u0633\u0639\u0631.
2026-08-09 12:40:23,338 | INFO | scripts.run_trade_updates | Starting trade updates: 2026-08-09T12:40:23.338793+00:00
2026-08-09 12:40:23,338 | INFO | scripts.run_trade_updates | \U0001f50d Session: \u062e\u0627\u0631\u062c Session | Quality: NONE | Allowed: False
2026-08-09 12:40:23,338 | INFO | scripts.run_trade_updates | \u2139\ufe0f Outside normal update hours, but continuing due to update_outside_trading_hours or FORCE_TRADE_UPDATE
2026-08-09 12:40:23,568 | INFO | DatabaseService | Database connected: Supabase
2026-08-09 12:40:24,632 | INFO | httpx | HTTP Request: GET https://trsmuzekxmpqtvxdkxwe.supabase.co/rest/v1/trades_demo?select=%2A&status=in.%28OPEN%2CPARTIAL%2CTP1_HIT%2CPENDING%29 "HTTP/2 200 OK"
2026-08-09 12:40:24,632 | INFO | scripts.run_trade_updates | Active/pending trades count: 0
2026-08-09 12:40:24,632 | INFO | scripts.run_trade_updates | \u0644\u0627 \u062a\u0648\u062c\u062f \u0635\u0641\u0642\u0627\u062a \u0645\u0641\u062a\u0648\u062d\u0629 \u0623\u0648 \u0623\u0648\u0627\u0645\u0631 \u0645\u0639\u0644\u0642\u0629 — skipping \u062a\u062d\u062f\u064a\u062b \u0627\u0644\u0635\u0641\u0642\u0627\u062a \u0628\u062f\u0648\u0646 Telegram \u0648\u0628\u062f\u0648\u0646 \u062c\u0644\u0628 \u0633\u0639\u0631.
2026-08-09 12:45:24,639 | INFO | scripts.run_trade_updates | Starting trade updates: 2026-08-09T12:45:24.639722+00:00
2026-08-09 12:45:24,639 | INFO | scripts.run_trade_updates | \U0001f50d Session: \u062e\u0627\u0631\u062c Session | Quality: NONE | Allowed: False
2026-08-09 12:45:24,639 | INFO | scripts.run_trade_updates | \u2139\ufe0f Outside normal update hours, but continuing due to update_outside_trading_hours or FORCE_TRADE_UPDATE
2026-08-09 12:45:24,840 | INFO | DatabaseService | Database connected: Supabase
2026-08-09 12:45:25,856 | INFO | httpx | HTTP Request: GET https://trsmuzekxmpqtvxdkxwe.supabase.co/rest/v1/trades_demo?select=%2A&status=in.%28OPEN%2CPARTIAL%2CTP1_HIT%2CPENDING%29 "HTTP/2 200 OK"
2026-08-09 12:45:25,856 | INFO | scripts.run_trade_updates | Active/pending trades count: 0
2026-08-09 12:45:25,856 | INFO | scripts.run_trade_updates | \u0644\u0627 \u062a\u0648\u062c\u062f \u0635\u0641\u0642\u0627\u062a \u0645\u0641\u062a\u0648\u062d\u0629 \u0623\u0648 \u0623\u0648\u0627\u0645\u0631 \u0645\u0639\u0644\u0642\u0629 — skipping \u062a\u062d\u062f\u064a\u062b \u0627\u0644\u0635\u0641\u0642\u0627\u062a \u0628\u062f\u0648\u0646 Telegram \u0648\u0628\u062f\u0648\u0646 \u062c\u0644\u0628 \u0633\u0639\u0631.
2026-08-09 12:50:25,870 | INFO | scripts.run_trade_updates | Starting trade updates: 2026-08-09T12:50:25.870980+00:00
2026-08-09 12:50:25,870 | INFO | scripts.run_trade_updates | \U0001f50d Session: \u062e\u0627\u0631\u062c Session | Quality: NONE | Allowed: False
2026-08-09 12:50:25,870 | INFO | scripts.run_trade_updates | \u2139\ufe0f Outside normal update hours, but continuing due to update_outside_trading_hours or FORCE_TRADE_UPDATE
2026-08-09 12:50:26,061 | INFO | DatabaseService | Database connected: Supabase
2026-08-09 12:50:27,025 | INFO | httpx | HTTP Request: GET https://trsmuzekxmpqtvxdkxwe.supabase.co/rest/v1/trades_demo?select=%2A&status=in.%28OPEN%2CPARTIAL%2CTP1_HIT%2CPENDING%29 "HTTP/2 200 OK"
2026-08-09 12:50:27,025 | INFO | scripts.run_trade_updates | Active/pending trades count: 0
2026-08-09 12:50:27,025 | INFO | scripts.run_trade_updates | \u0644\u0627 \u062a\u0648\u062c\u062f \u0635\u0641\u0642\u0627\u062a \u0645\u0641\u062a\u0648\u062d\u0629 \u0623\u0648 \u0623\u0648\u0627\u0645\u0631 \u0645\u0639\u0644\u0642\u0629 — skipping \u062a\u062d\u062f\u064a\u062b \u0627\u0644\u0635\u0641\u0642\u0627\u062a \u0628\u062f\u0648\u0646 Telegram \u0648\u0628\u062f\u0648\u0646 \u062c\u0644\u0628 \u0633\u0639\u0631.
2026-08-09 12:55:27,041 | INFO | scripts.run_trade_updates | Starting trade updates: 2026-08-09T12:55:27.041791+00:00
2026-08-09 12:55:27,041 | INFO | scripts.run_trade_updates | \U0001f50d Session: \u062e\u0627\u0631\u062c Session | Quality: NONE | Allowed: False
2026-08-09 12:55:27,041 | INFO | scripts.run_trade_updates | \u2139\ufe0f Outside normal update hours, but continuing due to update_outside_trading_hours or FORCE_TRADE_UPDATE
2026-08-09 12:55:27,254 | INFO | DatabaseService | Database connected: Supabase
2026-08-09 12:55:28,333 | INFO | httpx | HTTP Request: GET https://trsmuzekxmpqtvxdkxwe.supabase.co/rest/v1/trades_demo?select=%2A&status=in.%28OPEN%2CPARTIAL%2CTP1_HIT%2CPENDING%29 "HTTP/2 200 OK"
2026-08-09 12:55:28,333 | INFO | scripts.run_trade_updates | Active/pending trades count: 0
2026-08-09 12:55:28,333 | INFO | scripts.run_trade_updates | \u0644\u0627 \u062a\u0648\u062c\u062f \u0635\u0641\u0642\u0627\u062a \u0645\u0641\u062a\u0648\u062d\u0629 \u0623\u0648 \u0623\u0648\u0627\u0645\u0631 \u0645\u0639\u0644\u0642\u0629 — skipping \u062a\u062d\u062f\u064a\u062b \u0627\u0644\u0635\u0641\u0642\u0627\u062a \u0628\u062f\u0648\u0646 Telegram \u0648\u0628\u062f\u0648\u0646 \u062c\u0644\u0628 \u0633\u0639\u0631.
2026-08-09 13:00:28,338 | INFO | scripts.run_trade_updates | Starting trade updates: 2026-08-09T13:00:28.338974+00:00
2026-08-09 13:00:28,338 | INFO | scripts.run_trade_updates | \U0001f50d Session: \u062e\u0627\u0631\u062c Session | Quality: NONE | Allowed: False
2026-08-09 13:00:28,338 | INFO | scripts.run_trade_updates | \u2139\ufe0f Outside normal update hours, but continuing due to update_outside_trading_hours or FORCE_TRADE_UPDATE
2026-08-09 13:00:28,584 | INFO | DatabaseService | Database connected: Supabase
2026-08-09 13:00:29,617 | INFO | httpx | HTTP Request: GET https://trsmuzekxmpqtvxdkxwe.supabase.co/rest/v1/trades_demo?select=%2A&status=in.%28OPEN%2CPARTIAL%2CTP1_HIT%2CPENDING%29 "HTTP/2 200 OK"
2026-08-09 13:00:29,617 | INFO | scripts.run_trade_updates | Active/pending trades count: 0
2026-08-09 13:00:29,617 | INFO | scripts.run_trade_updates | \u0644\u0627 \u062a\u0648\u062c\u062f \u0635\u0641\u0642\u0627\u062a \u0645\u0641\u062a\u0648\u062d\u0629 \u0623\u0648 \u0623\u0648\u0627\u0645\u0631 \u0645\u0639\u0644\u0642\u0629 — skipping \u062a\u062d\u062f\u064a\u062b \u0627\u0644\u0635\u0641\u0642\u0627\u062a \u0628\u062f\u0648\u0646 Telegram \u0648\u0628\u062f\u0648\u0646 \u062c\u0644\u0628 \u0633\u0639\u0631.
2026-08-09 13:05:29,635 | INFO | scripts.run_trade_updates | Starting trade updates: 2026-08-09T13:05:29.635224+00:00
2026-08-09 13:05:29,637 | INFO | scripts.run_trade_updates | \U0001f50d Session: \u062e\u0627\u0631\u062c Session | Quality: NONE | Allowed: False
2026-08-09 13:05:29,637 | INFO | scripts.run_trade_updates | \u2139\ufe0f Outside normal update hours, but continuing due to update_outside_trading_hours or FORCE_TRADE_UPDATE
2026-08-09 13:05:29,840 | INFO | DatabaseService | Database connected: Supabase
2026-08-09 13:05:30,888 | INFO | httpx | HTTP Request: GET https://trsmuzekxmpqtvxdkxwe.supabase.co/rest/v1/trades_demo?select=%2A&status=in.%28OPEN%2CPARTIAL%2CTP1_HIT%2CPENDING%29 "HTTP/2 200 OK"
2026-08-09 13:05:30,888 | INFO | scripts.run_trade_updates | Active/pending trades count: 0
2026-08-09 13:05:30,888 | INFO | scripts.run_trade_updates | \u0644\u0627 \u062a\u0648\u062c\u062f \u0635\u0641\u0642\u0627\u062a \u0645\u0641\u062a\u0648\u062d\u0629 \u0623\u0648 \u0623\u0648\u0627\u0645\u0631 \u0645\u0639\u0644\u0642\u0629 — skipping \u062a\u062d\u062f\u064a\u062b \u0627\u0644\u0635\u0641\u0642\u0627\u062a \u0628\u062f\u0648\u0646 Telegram \u0648\u0628\u062f\u0648\u0646 \u062c\u0644\u0628 \u0633\u0639\u0631.
2026-08-09 13:10:30,899 | INFO | scripts.run_trade_updates | Starting trade updates: 2026-08-09T13:10:30.899558+00:00
2026-08-09 13:10:30,899 | INFO | scripts.run_trade_updates | \U0001f50d Session: \u062e\u0627\u0631\u062c Session | Quality: NONE | Allowed: False
2026-08-09 13:10:30,899 | INFO | scripts.run_trade_updates | \u2139\ufe0f Outside normal update hours, but continuing due to update_outside_trading_hours or FORCE_TRADE_UPDATE
2026-08-09 13:10:31,115 | INFO | DatabaseService | Database connected: Supabase
2026-08-09 13:10:32,163 | INFO | httpx | HTTP Request: GET https://trsmuzekxmpqtvxdkxwe.supabase.co/rest/v1/trades_demo?select=%2A&status=in.%28OPEN%2CPARTIAL%2CTP1_HIT%2CPENDING%29 "HTTP/2 200 OK"
2026-08-09 13:10:32,163 | INFO | scripts.run_trade_updates | Active/pending trades count: 0
2026-08-09 13:10:32,163 | INFO | scripts.run_trade_updates | \u0644\u0627 \u062a\u0648\u062c\u062f \u0635\u0641\u0642\u0627\u062a \u0645\u0641\u062a\u0648\u062d\u0629 \u0623\u0648 \u0623\u0648\u0627\u0645\u0631 \u0645\u0639\u0644\u0642\u0629 — skipping \u062a\u062d\u062f\u064a\u062b \u0627\u0644\u0635\u0641\u0642\u0627\u062a \u0628\u062f\u0648\u0646 Telegram \u0648\u0628\u062f\u0648\u0646 \u062c\u0644\u0628 \u0633\u0639\u0631.
2026-08-09 13:15:32,169 | INFO | scripts.run_trade_updates | Starting trade updates: 2026-08-09T13:15:32.169519+00:00
2026-08-09 13:15:32,169 | INFO | scripts.run_trade_updates | \U0001f50d Session: \u062e\u0627\u0631\u062c Session | Quality: NONE | Allowed: False
2026-08-09 13:15:32,169 | INFO | scripts.run_trade_updates | \u2139\ufe0f Outside normal update hours, but continuing due to update_outside_trading_hours or FORCE_TRADE_UPDATE
2026-08-09 13:15:32,368 | INFO | DatabaseService | Database connected: Supabase
2026-08-09 13:15:32,962 | INFO | httpx | HTTP Request: GET https://trsmuzekxmpqtvxdkxwe.supabase.co/rest/v1/trades_demo?select=%2A&status=in.%28OPEN%2CPARTIAL%2CTP1_HIT%2CPENDING%29 "HTTP/2 200 OK"
2026-08-09 13:15:32,962 | INFO | scripts.run_trade_updates | Active/pending trades count: 0
2026-08-09 13:15:32,962 | INFO | scripts.run_trade_updates | \u0644\u0627 \u062a\u0648\u062c\u062f \u0635\u0641\u0642\u0627\u062a \u0645\u0641\u062a\u0648\u062d\u0629 \u0623\u0648 \u0623\u0648\u0627\u0645\u0631 \u0645\u0639\u0644\u0642\u0629 — skipping \u062a\u062d\u062f\u064a\u062b \u0627\u0644\u0635\u0641\u0642\u0627\u062a \u0628\u062f\u0648\u0646 Telegram \u0648\u0628\u062f\u0648\u0646 \u062c\u0644\u0628 \u0633\u0639\u0631.
2026-08-09 13:20:32,967 | INFO | scripts.run_trade_updates | Starting trade updates: 2026-08-09T13:20:32.967581+00:00
2026-08-09 13:20:32,967 | INFO | scripts.run_trade_updates | \U0001f50d Session: \u062e\u0627\u0631\u062c Session | Quality: NONE | Allowed: False
2026-08-09 13:20:32,967 | INFO | scripts.run_trade_updates | \u2139\ufe0f Outside normal update hours, but continuing due to update_outside_trading_hours or FORCE_TRADE_UPDATE
2026-08-09 13:20:33,192 | INFO | DatabaseService | Database connected: Supabase
2026-08-09 13:20:33,771 | INFO | httpx | HTTP Request: GET https://trsmuzekxmpqtvxdkxwe.supabase.co/rest/v1/trades_demo?select=%2A&status=in.%28OPEN%2CPARTIAL%2CTP1_HIT%2CPENDING%29 "HTTP/2 200 OK"
2026-08-09 13:20:33,771 | INFO | scripts.run_trade_updates | Active/pending trades count: 0
2026-08-09 13:20:33,771 | INFO | scripts.run_trade_updates | \u0644\u0627 \u062a\u0648\u062c\u062f \u0635\u0641\u0642\u0627\u062a \u0645\u0641\u062a\u0648\u062d\u0629 \u0623\u0648 \u0623\u0648\u0627\u0645\u0631 \u0645\u0639\u0644\u0642\u0629 — skipping \u062a\u062d\u062f\u064a\u062b \u0627\u0644\u0635\u0641\u0642\u0627\u062a \u0628\u062f\u0648\u0646 Telegram \u0648\u0628\u062f\u0648\u0646 \u062c\u0644\u0628 \u0633\u0639\u0631.
2026-08-09 13:25:33,777 | INFO | scripts.run_trade_updates | Starting trade updates: 2026-08-09T13:25:33.777018+00:00
2026-08-09 13:25:33,777 | INFO | scripts.run_trade_updates | \U0001f50d Session: \u062e\u0627\u0631\u062c Session | Quality: NONE | Allowed: False
2026-08-09 13:25:33,777 | INFO | scripts.run_trade_updates | \u2139\ufe0f Outside normal update hours, but continuing due to update_outside_trading_hours or FORCE_TRADE_UPDATE
2026-08-09 13:25:33,996 | INFO | DatabaseService | Database connected: Supabase
2026-08-09 13:25:35,074 | INFO | httpx | HTTP Request: GET https://trsmuzekxmpqtvxdkxwe.supabase.co/rest/v1/trades_demo?select=%2A&status=in.%28OPEN%2CPARTIAL%2CTP1_HIT%2CPENDING%29 "HTTP/2 200 OK"
2026-08-09 13:25:35,074 | INFO | scripts.run_trade_updates | Active/pending trades count: 0
2026-08-09 13:25:35,074 | INFO | scripts.run_trade_updates | \u0644\u0627 \u062a\u0648\u062c\u062f \u0635\u0641\u0642\u0627\u062a \u0645\u0641\u062a\u0648\u062d\u0629 \u0623\u0648 \u0623\u0648\u0627\u0645\u0631 \u0645\u0639\u0644\u0642\u0629 — skipping \u062a\u062d\u062f\u064a\u062b \u0627\u0644\u0635\u0641\u0642\u0627\u062a \u0628\u062f\u0648\u0646 Telegram \u0648\u0628\u062f\u0648\u0646 \u062c\u0644\u0628 \u0633\u0639\u0631.
2026-08-09 13:30:35,084 | INFO | scripts.run_trade_updates | Starting trade updates: 2026-08-09T13:30:35.084812+00:00
2026-08-09 13:30:35,084 | INFO | scripts.run_trade_updates | \U0001f50d Session: \u062e\u0627\u0631\u062c Session | Quality: NONE | Allowed: False
2026-08-09 13:30:35,084 | INFO | scripts.run_trade_updates | \u2139\ufe0f Outside normal update hours, but continuing due to update_outside_trading_hours or FORCE_TRADE_UPDATE
2026-08-09 13:30:35,292 | INFO | DatabaseService | Database connected: Supabase
2026-08-09 13:30:36,308 | INFO | httpx | HTTP Request: GET https://trsmuzekxmpqtvxdkxwe.supabase.co/rest/v1/trades_demo?select=%2A&status=in.%28OPEN%2CPARTIAL%2CTP1_HIT%2CPENDING%29 "HTTP/2 200 OK"
2026-08-09 13:30:36,308 | INFO | scripts.run_trade_updates | Active/pending trades count: 0
2026-08-09 13:30:36,308 | INFO | scripts.run_trade_updates | \u0644\u0627 \u062a\u0648\u062c\u062f \u0635\u0641\u0642\u0627\u062a \u0645\u0641\u062a\u0648\u062d\u0629 \u0623\u0648 \u0623\u0648\u0627\u0645\u0631 \u0645\u0639\u0644\u0642\u0629 — skipping \u062a\u062d\u062f\u064a\u062b \u0627\u0644\u0635\u0641\u0642\u0627\u062a \u0628\u062f\u0648\u0646 Telegram \u0648\u0628\u062f\u0648\u0646 \u062c\u0644\u0628 \u0633\u0639\u0631.
2026-08-09 13:35:36,310 | INFO | scripts.run_trade_updates | Starting trade updates: 2026-08-09T13:35:36.310759+00:00
2026-08-09 13:35:36,310 | INFO | scripts.run_trade_updates | \U0001f50d Session: \u062e\u0627\u0631\u062c Session | Quality: NONE | Allowed: False
2026-08-09 13:35:36,310 | INFO | scripts.run_trade_updates | \u2139\ufe0f Outside normal update hours, but continuing due to update_outside_trading_hours or FORCE_TRADE_UPDATE
2026-08-09 13:35:36,524 | INFO | DatabaseService | Database connected: Supabase
2026-08-09 13:35:37,477 | INFO | httpx | HTTP Request: GET https://trsmuzekxmpqtvxdkxwe.supabase.co/rest/v1/trades_demo?select=%2A&status=in.%28OPEN%2CPARTIAL%2CTP1_HIT%2CPENDING%29 "HTTP/2 200 OK"
2026-08-09 13:35:37,477 | INFO | scripts.run_trade_updates | Active/pending trades count: 0
2026-08-09 13:35:37,477 | INFO | scripts.run_trade_updates | \u0644\u0627 \u062a\u0648\u062c\u062f \u0635\u0641\u0642\u0627\u062a \u0645\u0641\u062a\u0648\u062d\u0629 \u0623\u0648 \u0623\u0648\u0627\u0645\u0631 \u0645\u0639\u0644\u0642\u0629 — skipping \u062a\u062d\u062f\u064a\u062b \u0627\u0644\u0635\u0641\u0642\u0627\u062a \u0628\u062f\u0648\u0646 Telegram \u0648\u0628\u062f\u0648\u0646 \u062c\u0644\u0628 \u0633\u0639\u0631.
2026-08-09 13:40:37,486 | INFO | scripts.run_trade_updates | Starting trade updates: 2026-08-09T13:40:37.486153+00:00
2026-08-09 13:40:37,488 | INFO | scripts.run_trade_updates | \U0001f50d Session: \u062e\u0627\u0631\u062c Session | Quality: NONE | Allowed: False
2026-08-09 13:40:37,488 | INFO | scripts.run_trade_updates | \u2139\ufe0f Outside normal update hours, but continuing due to update_outside_trading_hours or FORCE_TRADE_UPDATE
2026-08-09 13:40:37,707 | INFO | DatabaseService | Database connected: Supabase
2026-08-09 13:40:38,677 | INFO | httpx | HTTP Request: GET https://trsmuzekxmpqtvxdkxwe.supabase.co/rest/v1/trades_demo?select=%2A&status=in.%28OPEN%2CPARTIAL%2CTP1_HIT%2CPENDING%29 "HTTP/2 200 OK"
2026-08-09 13:40:38,677 | INFO | scripts.run_trade_updates | Active/pending trades count: 0
2026-08-09 13:40:38,677 | INFO | scripts.run_trade_updates | \u0644\u0627 \u062a\u0648\u062c\u062f \u0635\u0641\u0642\u0627\u062a \u0645\u0641\u062a\u0648\u062d\u0629 \u0623\u0648 \u0623\u0648\u0627\u0645\u0631 \u0645\u0639\u0644\u0642\u0629 — skipping \u062a\u062d\u062f\u064a\u062b \u0627\u0644\u0635\u0641\u0642\u0627\u062a \u0628\u062f\u0648\u0646 Telegram \u0648\u0628\u062f\u0648\u0646 \u062c\u0644\u0628 \u0633\u0639\u0631.
2026-08-09 13:45:38,684 | INFO | scripts.run_trade_updates | Starting trade updates: 2026-08-09T13:45:38.684923+00:00
2026-08-09 13:45:38,684 | INFO | scripts.run_trade_updates | \U0001f50d Session: \u062e\u0627\u0631\u062c Session | Quality: NONE | Allowed: False
2026-08-09 13:45:38,684 | INFO | scripts.run_trade_updates | \u2139\ufe0f Outside normal update hours, but continuing due to update_outside_trading_hours or FORCE_TRADE_UPDATE
2026-08-09 13:45:38,897 | INFO | DatabaseService | Database connected: Supabase
2026-08-09 13:45:39,866 | INFO | httpx | HTTP Request: GET https://trsmuzekxmpqtvxdkxwe.supabase.co/rest/v1/trades_demo?select=%2A&status=in.%28OPEN%2CPARTIAL%2CTP1_HIT%2CPENDING%29 "HTTP/2 200 OK"
2026-08-09 13:45:39,882 | INFO | scripts.run_trade_updates | Active/pending trades count: 0
2026-08-09 13:45:39,882 | INFO | scripts.run_trade_updates | \u0644\u0627 \u062a\u0648\u062c\u062f \u0635\u0641\u0642\u0627\u062a \u0645\u0641\u062a\u0648\u062d\u0629 \u0623\u0648 \u0623\u0648\u0627\u0645\u0631 \u0645\u0639\u0644\u0642\u0629 — skipping \u062a\u062d\u062f\u064a\u062b \u0627\u0644\u0635\u0641\u0642\u0627\u062a \u0628\u062f\u0648\u0646 Telegram \u0648\u0628\u062f\u0648\u0646 \u062c\u0644\u0628 \u0633\u0639\u0631.
2026-08-09 13:50:39,884 | INFO | scripts.run_trade_updates | Starting trade updates: 2026-08-09T13:50:39.884667+00:00
2026-08-09 13:50:39,884 | INFO | scripts.run_trade_updates | \U0001f50d Session: \u062e\u0627\u0631\u062c Session | Quality: NONE | Allowed: False
2026-08-09 13:50:39,884 | INFO | scripts.run_trade_updates | \u2139\ufe0f Outside normal update hours, but continuing due to update_outside_trading_hours or FORCE_TRADE_UPDATE
2026-08-09 13:50:40,117 | INFO | DatabaseService | Database connected: Supabase
2026-08-09 13:50:41,383 | INFO | httpx | HTTP Request: GET https://trsmuzekxmpqtvxdkxwe.supabase.co/rest/v1/trades_demo?select=%2A&status=in.%28OPEN%2CPARTIAL%2CTP1_HIT%2CPENDING%29 "HTTP/2 200 OK"
2026-08-09 13:50:41,383 | INFO | scripts.run_trade_updates | Active/pending trades count: 0
2026-08-09 13:50:41,383 | INFO | scripts.run_trade_updates | \u0644\u0627 \u062a\u0648\u062c\u062f \u0635\u0641\u0642\u0627\u062a \u0645\u0641\u062a\u0648\u062d\u0629 \u0623\u0648 \u0623\u0648\u0627\u0645\u0631 \u0645\u0639\u0644\u0642\u0629 — skipping \u062a\u062d\u062f\u064a\u062b \u0627\u0644\u0635\u0641\u0642\u0627\u062a \u0628\u062f\u0648\u0646 Telegram \u0648\u0628\u062f\u0648\u0646 \u062c\u0644\u0628 \u0633\u0639\u0631.
2026-08-09 13:55:41,390 | INFO | scripts.run_trade_updates | Starting trade updates: 2026-08-09T13:55:41.390872+00:00
2026-08-09 13:55:41,391 | INFO | scripts.run_trade_updates | \U0001f50d Session: \u062e\u0627\u0631\u062c Session | Quality: NONE | Allowed: False
2026-08-09 13:55:41,391 | INFO | scripts.run_trade_updates | \u2139\ufe0f Outside normal update hours, but continuing due to update_outside_trading_hours or FORCE_TRADE_UPDATE
2026-08-09 13:55:41,595 | INFO | DatabaseService | Database connected: Supabase
2026-08-09 13:55:42,580 | INFO | httpx | HTTP Request: GET https://trsmuzekxmpqtvxdkxwe.supabase.co/rest/v1/trades_demo?select=%2A&status=in.%28OPEN%2CPARTIAL%2CTP1_HIT%2CPENDING%29 "HTTP/2 200 OK"
2026-08-09 13:55:42,580 | INFO | scripts.run_trade_updates | Active/pending trades count: 0
2026-08-09 13:55:42,580 | INFO | scripts.run_trade_updates | \u0644\u0627 \u062a\u0648\u062c\u062f \u0635\u0641\u0642\u0627\u062a \u0645\u0641\u062a\u0648\u062d\u0629 \u0623\u0648 \u0623\u0648\u0627\u0645\u0631 \u0645\u0639\u0644\u0642\u0629 — skipping \u062a\u062d\u062f\u064a\u062b \u0627\u0644\u0635\u0641\u0642\u0627\u062a \u0628\u062f\u0648\u0646 Telegram \u0648\u0628\u062f\u0648\u0646 \u062c\u0644\u0628 \u0633\u0639\u0631.
2026-08-09 14:00:42,584 | INFO | scripts.run_trade_updates | Starting trade updates: 2026-08-09T14:00:42.584673+00:00
2026-08-09 14:00:42,584 | INFO | scripts.run_trade_updates | \U0001f50d Session: \u062e\u0627\u0631\u062c Session | Quality: NONE | Allowed: False
2026-08-09 14:00:42,584 | INFO | scripts.run_trade_updates | \u2139\ufe0f Outside normal update hours, but continuing due to update_outside_trading_hours or FORCE_TRADE_UPDATE
2026-08-09 14:00:42,801 | INFO | DatabaseService | Database connected: Supabase
2026-08-09 14:00:43,364 | INFO | httpx | HTTP Request: GET https://trsmuzekxmpqtvxdkxwe.supabase.co/rest/v1/trades_demo?select=%2A&status=in.%28OPEN%2CPARTIAL%2CTP1_HIT%2CPENDING%29 "HTTP/2 200 OK"
2026-08-09 14:00:43,364 | INFO | scripts.run_trade_updates | Active/pending trades count: 0
2026-08-09 14:00:43,364 | INFO | scripts.run_trade_updates | \u0644\u0627 \u062a\u0648\u062c\u062f \u0635\u0641\u0642\u0627\u062a \u0645\u0641\u062a\u0648\u062d\u0629 \u0623\u0648 \u0623\u0648\u0627\u0645\u0631 \u0645\u0639\u0644\u0642\u0629 — skipping \u062a\u062d\u062f\u064a\u062b \u0627\u0644\u0635\u0641\u0642\u0627\u062a \u0628\u062f\u0648\u0646 Telegram \u0648\u0628\u062f\u0648\u0646 \u062c\u0644\u0628 \u0633\u0639\u0631.
2026-08-09 14:05:43,375 | INFO | scripts.run_trade_updates | Starting trade updates: 2026-08-09T14:05:43.375879+00:00
2026-08-09 14:05:43,378 | INFO | scripts.run_trade_updates | \U0001f50d Session: \u062e\u0627\u0631\u062c Session | Quality: NONE | Allowed: False
2026-08-09 14:05:43,378 | INFO | scripts.run_trade_updates | \u2139\ufe0f Outside normal update hours, but continuing due to update_outside_trading_hours or FORCE_TRADE_UPDATE
2026-08-09 14:05:43,613 | INFO | DatabaseService | Database connected: Supabase
2026-08-09 14:05:44,677 | INFO | httpx | HTTP Request: GET https://trsmuzekxmpqtvxdkxwe.supabase.co/rest/v1/trades_demo?select=%2A&status=in.%28OPEN%2CPARTIAL%2CTP1_HIT%2CPENDING%29 "HTTP/2 200 OK"
2026-08-09 14:05:44,677 | INFO | scripts.run_trade_updates | Active/pending trades count: 0
2026-08-09 14:05:44,677 | INFO | scripts.run_trade_updates | \u0644\u0627 \u062a\u0648\u062c\u062f \u0635\u0641\u0642\u0627\u062a \u0645\u0641\u062a\u0648\u062d\u0629 \u0623\u0648 \u0623\u0648\u0627\u0645\u0631 \u0645\u0639\u0644\u0642\u0629 — skipping \u062a\u062d\u062f\u064a\u062b \u0627\u0644\u0635\u0641\u0642\u0627\u062a \u0628\u062f\u0648\u0646 Telegram \u0648\u0628\u062f\u0648\u0646 \u062c\u0644\u0628 \u0633\u0639\u0631.
2026-08-09 14:10:44,687 | INFO | scripts.run_trade_updates | Starting trade updates: 2026-08-09T14:10:44.687891+00:00
2026-08-09 14:10:44,687 | INFO | scripts.run_trade_updates | \U0001f50d Session: \u062e\u0627\u0631\u062c Session | Quality: NONE | Allowed: False
2026-08-09 14:10:44,687 | INFO | scripts.run_trade_updates | \u2139\ufe0f Outside normal update hours, but continuing due to update_outside_trading_hours or FORCE_TRADE_UPDATE
2026-08-09 14:10:44,906 | INFO | DatabaseService | Database connected: Supabase
2026-08-09 14:10:45,969 | INFO | httpx | HTTP Request: GET https://trsmuzekxmpqtvxdkxwe.supabase.co/rest/v1/trades_demo?select=%2A&status=in.%28OPEN%2CPARTIAL%2CTP1_HIT%2CPENDING%29 "HTTP/2 200 OK"
2026-08-09 14:10:45,969 | INFO | scripts.run_trade_updates | Active/pending trades count: 0
2026-08-09 14:10:45,969 | INFO | scripts.run_trade_updates | \u0644\u0627 \u062a\u0648\u062c\u062f \u0635\u0641\u0642\u0627\u062a \u0645\u0641\u062a\u0648\u062d\u0629 \u0623\u0648 \u0623\u0648\u0627\u0645\u0631 \u0645\u0639\u0644\u0642\u0629 — skipping \u062a\u062d\u062f\u064a\u062b \u0627\u0644\u0635\u0641\u0642\u0627\u062a \u0628\u062f\u0648\u0646 Telegram \u0648\u0628\u062f\u0648\u0646 \u062c\u0644\u0628 \u0633\u0639\u0631.
2026-08-09 14:15:45,975 | INFO | scripts.run_trade_updates | Starting trade updates: 2026-08-09T14:15:45.975664+00:00
2026-08-09 14:15:45,975 | INFO | scripts.run_trade_updates | \U0001f50d Session: \u062e\u0627\u0631\u062c Session | Quality: NONE | Allowed: False
2026-08-09 14:15:45,975 | INFO | scripts.run_trade_updates | \u2139\ufe0f Outside normal update hours, but continuing due to update_outside_trading_hours or FORCE_TRADE_UPDATE
2026-08-09 14:15:46,192 | INFO | DatabaseService | Database connected: Supabase
2026-08-09 14:15:47,193 | INFO | httpx | HTTP Request: GET https://trsmuzekxmpqtvxdkxwe.supabase.co/rest/v1/trades_demo?select=%2A&status=in.%28OPEN%2CPARTIAL%2CTP1_HIT%2CPENDING%29 "HTTP/2 200 OK"
2026-08-09 14:15:47,193 | INFO | scripts.run_trade_updates | Active/pending trades count: 0
2026-08-09 14:15:47,193 | INFO | scripts.run_trade_updates | \u0644\u0627 \u062a\u0648\u062c\u062f \u0635\u0641\u0642\u0627\u062a \u0645\u0641\u062a\u0648\u062d\u0629 \u0623\u0648 \u0623\u0648\u0627\u0645\u0631 \u0645\u0639\u0644\u0642\u0629 — skipping \u062a\u062d\u062f\u064a\u062b \u0627\u0644\u0635\u0641\u0642\u0627\u062a \u0628\u062f\u0648\u0646 Telegram \u0648\u0628\u062f\u0648\u0646 \u062c\u0644\u0628 \u0633\u0639\u0631.
2026-08-09 14:20:47,197 | INFO | scripts.run_trade_updates | Starting trade updates: 2026-08-09T14:20:47.197699+00:00
2026-08-09 14:20:47,197 | INFO | scripts.run_trade_updates | \U0001f50d Session: \u062e\u0627\u0631\u062c Session | Quality: NONE | Allowed: False
2026-08-09 14:20:47,197 | INFO | scripts.run_trade_updates | \u2139\ufe0f Outside normal update hours, but continuing due to update_outside_trading_hours or FORCE_TRADE_UPDATE
2026-08-09 14:20:47,410 | INFO | DatabaseService | Database connected: Supabase
2026-08-09 14:20:48,428 | INFO | httpx | HTTP Request: GET https://trsmuzekxmpqtvxdkxwe.supabase.co/rest/v1/trades_demo?select=%2A&status=in.%28OPEN%2CPARTIAL%2CTP1_HIT%2CPENDING%29 "HTTP/2 200 OK"
2026-08-09 14:20:48,444 | INFO | scripts.run_trade_updates | Active/pending trades count: 0
2026-08-09 14:20:48,444 | INFO | scripts.run_trade_updates | \u0644\u0627 \u062a\u0648\u062c\u062f \u0635\u0641\u0642\u0627\u062a \u0645\u0641\u062a\u0648\u062d\u0629 \u0623\u0648 \u0623\u0648\u0627\u0645\u0631 \u0645\u0639\u0644\u0642\u0629 — skipping \u062a\u062d\u062f\u064a\u062b \u0627\u0644\u0635\u0641\u0642\u0627\u062a \u0628\u062f\u0648\u0646 Telegram \u0648\u0628\u062f\u0648\u0646 \u062c\u0644\u0628 \u0633\u0639\u0631.
2026-08-09 14:25:48,445 | INFO | scripts.run_trade_updates | Starting trade updates: 2026-08-09T14:25:48.445146+00:00
2026-08-09 14:25:48,445 | INFO | scripts.run_trade_updates | \U0001f50d Session: \u062e\u0627\u0631\u062c Session | Quality: NONE | Allowed: False
2026-08-09 14:25:48,445 | INFO | scripts.run_trade_updates | \u2139\ufe0f Outside normal update hours, but continuing due to update_outside_trading_hours or FORCE_TRADE_UPDATE
2026-08-09 14:25:48,673 | INFO | DatabaseService | Database connected: Supabase
2026-08-09 14:25:49,219 | INFO | httpx | HTTP Request: GET https://trsmuzekxmpqtvxdkxwe.supabase.co/rest/v1/trades_demo?select=%2A&status=in.%28OPEN%2CPARTIAL%2CTP1_HIT%2CPENDING%29 "HTTP/2 200 OK"
2026-08-09 14:25:49,219 | INFO | scripts.run_trade_updates | Active/pending trades count: 0
2026-08-09 14:25:49,219 | INFO | scripts.run_trade_updates | \u0644\u0627 \u062a\u0648\u062c\u062f \u0635\u0641\u0642\u0627\u062a \u0645\u0641\u062a\u0648\u062d\u0629 \u0623\u0648 \u0623\u0648\u0627\u0645\u0631 \u0645\u0639\u0644\u0642\u0629 — skipping \u062a\u062d\u062f\u064a\u062b \u0627\u0644\u0635\u0641\u0642\u0627\u062a \u0628\u062f\u0648\u0646 Telegram \u0648\u0628\u062f\u0648\u0646 \u062c\u0644\u0628 \u0633\u0639\u0631.
2026-08-09 14:30:49,234 | INFO | scripts.run_trade_updates | Starting trade updates: 2026-08-09T14:30:49.234954+00:00
2026-08-09 14:30:49,241 | INFO | scripts.run_trade_updates | \U0001f50d Session: \u062e\u0627\u0631\u062c Session | Quality: NONE | Allowed: False
2026-08-09 14:30:49,241 | INFO | scripts.run_trade_updates | \u2139\ufe0f Outside normal update hours, but continuing due to update_outside_trading_hours or FORCE_TRADE_UPDATE
2026-08-09 14:30:49,475 | INFO | DatabaseService | Database connected: Supabase
2026-08-09 14:30:50,539 | INFO | httpx | HTTP Request: GET https://trsmuzekxmpqtvxdkxwe.supabase.co/rest/v1/trades_demo?select=%2A&status=in.%28OPEN%2CPARTIAL%2CTP1_HIT%2CPENDING%29 "HTTP/2 200 OK"
2026-08-09 14:30:50,539 | INFO | scripts.run_trade_updates | Active/pending trades count: 0
2026-08-09 14:30:50,539 | INFO | scripts.run_trade_updates | \u0644\u0627 \u062a\u0648\u062c\u062f \u0635\u0641\u0642\u0627\u062a \u0645\u0641\u062a\u0648\u062d\u0629 \u0623\u0648 \u0623\u0648\u0627\u0645\u0631 \u0645\u0639\u0644\u0642\u0629 — skipping \u062a\u062d\u062f\u064a\u062b \u0627\u0644\u0635\u0641\u0642\u0627\u062a \u0628\u062f\u0648\u0646 Telegram \u0648\u0628\u062f\u0648\u0646 \u062c\u0644\u0628 \u0633\u0639\u0631.
2026-08-09 14:35:50,554 | INFO | scripts.run_trade_updates | Starting trade updates: 2026-08-09T14:35:50.554421+00:00
2026-08-09 14:35:50,554 | INFO | scripts.run_trade_updates | \U0001f50d Session: \u062e\u0627\u0631\u062c Session | Quality: NONE | Allowed: False
2026-08-09 14:35:50,554 | INFO | scripts.run_trade_updates | \u2139\ufe0f Outside normal update hours, but continuing due to update_outside_trading_hours or FORCE_TRADE_UPDATE
2026-08-09 14:35:50,757 | INFO | DatabaseService | Database connected: Supabase
2026-08-09 14:35:51,273 | INFO | httpx | HTTP Request: GET https://trsmuzekxmpqtvxdkxwe.supabase.co/rest/v1/trades_demo?select=%2A&status=in.%28OPEN%2CPARTIAL%2CTP1_HIT%2CPENDING%29 "HTTP/2 200 OK"
2026-08-09 14:35:51,273 | INFO | scripts.run_trade_updates | Active/pending trades count: 0
2026-08-09 14:35:51,273 | INFO | scripts.run_trade_updates | \u0644\u0627 \u062a\u0648\u062c\u062f \u0635\u0641\u0642\u0627\u062a \u0645\u0641\u062a\u0648\u062d\u0629 \u0623\u0648 \u0623\u0648\u0627\u0645\u0631 \u0645\u0639\u0644\u0642\u0629 — skipping \u062a\u062d\u062f\u064a\u062b \u0627\u0644\u0635\u0641\u0642\u0627\u062a \u0628\u062f\u0648\u0646 Telegram \u0648\u0628\u062f\u0648\u0646 \u062c\u0644\u0628 \u0633\u0639\u0631.
2026-08-09 14:40:51,275 | INFO | scripts.run_trade_updates | Starting trade updates: 2026-08-09T14:40:51.275652+00:00
2026-08-09 14:40:51,275 | INFO | scripts.run_trade_updates | \U0001f50d Session: \u062e\u0627\u0631\u062c Session | Quality: NONE | Allowed: False
2026-08-09 14:40:51,275 | INFO | scripts.run_trade_updates | \u2139\ufe0f Outside normal update hours, but continuing due to update_outside_trading_hours or FORCE_TRADE_UPDATE
2026-08-09 14:40:51,500 | INFO | DatabaseService | Database connected: Supabase
2026-08-09 14:40:52,469 | INFO | httpx | HTTP Request: GET https://trsmuzekxmpqtvxdkxwe.supabase.co/rest/v1/trades_demo?select=%2A&status=in.%28OPEN%2CPARTIAL%2CTP1_HIT%2CPENDING%29 "HTTP/2 200 OK"
2026-08-09 14:40:52,469 | INFO | scripts.run_trade_updates | Active/pending trades count: 0
2026-08-09 14:40:52,469 | INFO | scripts.run_trade_updates | \u0644\u0627 \u062a\u0648\u062c\u062f \u0635\u0641\u0642\u0627\u062a \u0645\u0641\u062a\u0648\u062d\u0629 \u0623\u0648 \u0623\u0648\u0627\u0645\u0631 \u0645\u0639\u0644\u0642\u0629 — skipping \u062a\u062d\u062f\u064a\u062b \u0627\u0644\u0635\u0641\u0642\u0627\u062a \u0628\u062f\u0648\u0646 Telegram \u0648\u0628\u062f\u0648\u0646 \u062c\u0644\u0628 \u0633\u0639\u0631.
2026-08-09 14:45:52,474 | INFO | scripts.run_trade_updates | Starting trade updates: 2026-08-09T14:45:52.474833+00:00
2026-08-09 14:45:52,474 | INFO | scripts.run_trade_updates | \U0001f50d Session: \u062e\u0627\u0631\u062c Session | Quality: NONE | Allowed: False
2026-08-09 14:45:52,474 | INFO | scripts.run_trade_updates | \u2139\ufe0f Outside normal update hours, but continuing due to update_outside_trading_hours or FORCE_TRADE_UPDATE
2026-08-09 14:45:52,725 | INFO | DatabaseService | Database connected: Supabase
2026-08-09 14:45:53,815 | INFO | httpx | HTTP Request: GET https://trsmuzekxmpqtvxdkxwe.supabase.co/rest/v1/trades_demo?select=%2A&status=in.%28OPEN%2CPARTIAL%2CTP1_HIT%2CPENDING%29 "HTTP/2 200 OK"
2026-08-09 14:45:53,815 | INFO | scripts.run_trade_updates | Active/pending trades count: 0
2026-08-09 14:45:53,815 | INFO | scripts.run_trade_updates | \u0644\u0627 \u062a\u0648\u062c\u062f \u0635\u0641\u0642\u0627\u062a \u0645\u0641\u062a\u0648\u062d\u0629 \u0623\u0648 \u0623\u0648\u0627\u0645\u0631 \u0645\u0639\u0644\u0642\u0629 — skipping \u062a\u062d\u062f\u064a\u062b \u0627\u0644\u0635\u0641\u0642\u0627\u062a \u0628\u062f\u0648\u0646 Telegram \u0648\u0628\u062f\u0648\u0646 \u062c\u0644\u0628 \u0633\u0639\u0631.
2026-08-09 14:50:53,822 | INFO | scripts.run_trade_updates | Starting trade updates: 2026-08-09T14:50:53.822435+00:00
2026-08-09 14:50:53,822 | INFO | scripts.run_trade_updates | \U0001f50d Session: \u062e\u0627\u0631\u062c Session | Quality: NONE | Allowed: False
2026-08-09 14:50:53,822 | INFO | scripts.run_trade_updates | \u2139\ufe0f Outside normal update hours, but continuing due to update_outside_trading_hours or FORCE_TRADE_UPDATE
2026-08-09 14:50:54,097 | INFO | DatabaseService | Database connected: Supabase
2026-08-09 14:50:55,303 | INFO | httpx | HTTP Request: GET https://trsmuzekxmpqtvxdkxwe.supabase.co/rest/v1/trades_demo?select=%2A&status=in.%28OPEN%2CPARTIAL%2CTP1_HIT%2CPENDING%29 "HTTP/2 200 OK"
2026-08-09 14:50:55,303 | INFO | scripts.run_trade_updates | Active/pending trades count: 0
2026-08-09 14:50:55,303 | INFO | scripts.run_trade_updates | \u0644\u0627 \u062a\u0648\u062c\u062f \u0635\u0641\u0642\u0627\u062a \u0645\u0641\u062a\u0648\u062d\u0629 \u0623\u0648 \u0623\u0648\u0627\u0645\u0631 \u0645\u0639\u0644\u0642\u0629 — skipping \u062a\u062d\u062f\u064a\u062b \u0627\u0644\u0635\u0641\u0642\u0627\u062a \u0628\u062f\u0648\u0646 Telegram \u0648\u0628\u062f\u0648\u0646 \u062c\u0644\u0628 \u0633\u0639\u0631.
2026-08-09 14:55:55,313 | INFO | scripts.run_trade_updates | Starting trade updates: 2026-08-09T14:55:55.313504+00:00
2026-08-09 14:55:55,313 | INFO | scripts.run_trade_updates | \U0001f50d Session: \u062e\u0627\u0631\u062c Session | Quality: NONE | Allowed: False
2026-08-09 14:55:55,313 | INFO | scripts.run_trade_updates | \u2139\ufe0f Outside normal update hours, but continuing due to update_outside_trading_hours or FORCE_TRADE_UPDATE
2026-08-09 14:55:55,516 | INFO | DatabaseService | Database connected: Supabase
2026-08-09 14:55:57,534 | INFO | httpx | HTTP Request: GET https://trsmuzekxmpqtvxdkxwe.supabase.co/rest/v1/trades_demo?select=%2A&status=in.%28OPEN%2CPARTIAL%2CTP1_HIT%2CPENDING%29 "HTTP/2 200 OK"
2026-08-09 14:55:57,534 | INFO | scripts.run_trade_updates | Active/pending trades count: 0
2026-08-09 14:55:57,534 | INFO | scripts.run_trade_updates | \u0644\u0627 \u062a\u0648\u062c\u062f \u0635\u0641\u0642\u0627\u062a \u0645\u0641\u062a\u0648\u062d\u0629 \u0623\u0648 \u0623\u0648\u0627\u0645\u0631 \u0645\u0639\u0644\u0642\u0629 — skipping \u062a\u062d\u062f\u064a\u062b \u0627\u0644\u0635\u0641\u0642\u0627\u062a \u0628\u062f\u0648\u0646 Telegram \u0648\u0628\u062f\u0648\u0646 \u062c\u0644\u0628 \u0633\u0639\u0631.
2026-08-09 15:00:57,537 | INFO | scripts.run_trade_updates | Starting trade updates: 2026-08-09T15:00:57.537089+00:00
2026-08-09 15:00:57,537 | INFO | scripts.run_trade_updates | \U0001f50d Session: \u062e\u0627\u0631\u062c Session | Quality: NONE | Allowed: False
2026-08-09 15:00:57,537 | INFO | scripts.run_trade_updates | \u2139\ufe0f Outside normal update hours, but continuing due to update_outside_trading_hours or FORCE_TRADE_UPDATE
2026-08-09 15:00:57,771 | INFO | DatabaseService | Database connected: Supabase
2026-08-09 15:00:58,788 | INFO | httpx | HTTP Request: GET https://trsmuzekxmpqtvxdkxwe.supabase.co/rest/v1/trades_demo?select=%2A&status=in.%28OPEN%2CPARTIAL%2CTP1_HIT%2CPENDING%29 "HTTP/2 200 OK"
2026-08-09 15:00:58,788 | INFO | scripts.run_trade_updates | Active/pending trades count: 0
2026-08-09 15:00:58,788 | INFO | scripts.run_trade_updates | \u0644\u0627 \u062a\u0648\u062c\u062f \u0635\u0641\u0642\u0627\u062a \u0645\u0641\u062a\u0648\u062d\u0629 \u0623\u0648 \u0623\u0648\u0627\u0645\u0631 \u0645\u0639\u0644\u0642\u0629 — skipping \u062a\u062d\u062f\u064a\u062b \u0627\u0644\u0635\u0641\u0642\u0627\u062a \u0628\u062f\u0648\u0646 Telegram \u0648\u0628\u062f\u0648\u0646 \u062c\u0644\u0628 \u0633\u0639\u0631.
2026-08-09 15:05:58,794 | INFO | scripts.run_trade_updates | Starting trade updates: 2026-08-09T15:05:58.794910+00:00
2026-08-09 15:05:58,794 | INFO | scripts.run_trade_updates | \U0001f50d Session: \u062e\u0627\u0631\u062c Session | Quality: NONE | Allowed: False
2026-08-09 15:05:58,794 | INFO | scripts.run_trade_updates | \u2139\ufe0f Outside normal update hours, but continuing due to update_outside_trading_hours or FORCE_TRADE_UPDATE
2026-08-09 15:05:59,029 | INFO | DatabaseService | Database connected: Supabase
2026-08-09 15:06:00,037 | INFO | httpx | HTTP Request: GET https://trsmuzekxmpqtvxdkxwe.supabase.co/rest/v1/trades_demo?select=%2A&status=in.%28OPEN%2CPARTIAL%2CTP1_HIT%2CPENDING%29 "HTTP/2 200 OK"
2026-08-09 15:06:00,037 | INFO | scripts.run_trade_updates | Active/pending trades count: 0
2026-08-09 15:06:00,037 | INFO | scripts.run_trade_updates | \u0644\u0627 \u062a\u0648\u062c\u062f \u0635\u0641\u0642\u0627\u062a \u0645\u0641\u062a\u0648\u062d\u0629 \u0623\u0648 \u0623\u0648\u0627\u0645\u0631 \u0645\u0639\u0644\u0642\u0629 — skipping \u062a\u062d\u062f\u064a\u062b \u0627\u0644\u0635\u0641\u0642\u0627\u062a \u0628\u062f\u0648\u0646 Telegram \u0648\u0628\u062f\u0648\u0646 \u062c\u0644\u0628 \u0633\u0639\u0631.
2026-08-09 15:11:00,060 | INFO | scripts.run_trade_updates | Starting trade updates: 2026-08-09T15:11:00.060677+00:00
2026-08-09 15:11:00,060 | INFO | scripts.run_trade_updates | \U0001f50d Session: \u062e\u0627\u0631\u062c Session | Quality: NONE | Allowed: False
2026-08-09 15:11:00,060 | INFO | scripts.run_trade_updates | \u2139\ufe0f Outside normal update hours, but continuing due to update_outside_trading_hours or FORCE_TRADE_UPDATE
2026-08-09 15:11:00,310 | INFO | DatabaseService | Database connected: Supabase
2026-08-09 15:11:00,842 | INFO | httpx | HTTP Request: GET https://trsmuzekxmpqtvxdkxwe.supabase.co/rest/v1/trades_demo?select=%2A&status=in.%28OPEN%2CPARTIAL%2CTP1_HIT%2CPENDING%29 "HTTP/2 200 OK"
2026-08-09 15:11:00,842 | INFO | scripts.run_trade_updates | Active/pending trades count: 0
2026-08-09 15:11:00,842 | INFO | scripts.run_trade_updates | \u0644\u0627 \u062a\u0648\u062c\u062f \u0635\u0641\u0642\u0627\u062a \u0645\u0641\u062a\u0648\u062d\u0629 \u0623\u0648 \u0623\u0648\u0627\u0645\u0631 \u0645\u0639\u0644\u0642\u0629 — skipping \u062a\u062d\u062f\u064a\u062b \u0627\u0644\u0635\u0641\u0642\u0627\u062a \u0628\u062f\u0648\u0646 Telegram \u0648\u0628\u062f\u0648\u0646 \u062c\u0644\u0628 \u0633\u0639\u0631.
2026-08-09 15:16:00,847 | INFO | scripts.run_trade_updates | Starting trade updates: 2026-08-09T15:16:00.847266+00:00
2026-08-09 15:16:00,847 | INFO | scripts.run_trade_updates | \U0001f50d Session: \u062e\u0627\u0631\u062c Session | Quality: NONE | Allowed: False
2026-08-09 15:16:00,847 | INFO | scripts.run_trade_updates | \u2139\ufe0f Outside normal update hours, but continuing due to update_outside_trading_hours or FORCE_TRADE_UPDATE
2026-08-09 15:16:01,070 | INFO | DatabaseService | Database connected: Supabase
2026-08-09 15:16:02,134 | INFO | httpx | HTTP Request: GET https://trsmuzekxmpqtvxdkxwe.supabase.co/rest/v1/trades_demo?select=%2A&status=in.%28OPEN%2CPARTIAL%2CTP1_HIT%2CPENDING%29 "HTTP/2 200 OK"
2026-08-09 15:16:02,134 | INFO | scripts.run_trade_updates | Active/pending trades count: 0
2026-08-09 15:16:02,134 | INFO | scripts.run_trade_updates | \u0644\u0627 \u062a\u0648\u062c\u062f \u0635\u0641\u0642\u0627\u062a \u0645\u0641\u062a\u0648\u062d\u0629 \u0623\u0648 \u0623\u0648\u0627\u0645\u0631 \u0645\u0639\u0644\u0642\u0629 — skipping \u062a\u062d\u062f\u064a\u062b \u0627\u0644\u0635\u0641\u0642\u0627\u062a \u0628\u062f\u0648\u0646 Telegram \u0648\u0628\u062f\u0648\u0646 \u062c\u0644\u0628 \u0633\u0639\u0631.
2026-08-09 15:21:02,138 | INFO | scripts.run_trade_updates | Starting trade updates: 2026-08-09T15:21:02.138958+00:00
2026-08-09 15:21:02,138 | INFO | scripts.run_trade_updates | \U0001f50d Session: \u062e\u0627\u0631\u062c Session | Quality: NONE | Allowed: False
2026-08-09 15:21:02,138 | INFO | scripts.run_trade_updates | \u2139\ufe0f Outside normal update hours, but continuing due to update_outside_trading_hours or FORCE_TRADE_UPDATE
2026-08-09 15:21:02,349 | INFO | DatabaseService | Database connected: Supabase
2026-08-09 15:21:03,366 | INFO | httpx | HTTP Request: GET https://trsmuzekxmpqtvxdkxwe.supabase.co/rest/v1/trades_demo?select=%2A&status=in.%28OPEN%2CPARTIAL%2CTP1_HIT%2CPENDING%29 "HTTP/2 200 OK"
2026-08-09 15:21:03,382 | INFO | scripts.run_trade_updates | Active/pending trades count: 0
2026-08-09 15:21:03,382 | INFO | scripts.run_trade_updates | \u0644\u0627 \u062a\u0648\u062c\u062f \u0635\u0641\u0642\u0627\u062a \u0645\u0641\u062a\u0648\u062d\u0629 \u0623\u0648 \u0623\u0648\u0627\u0645\u0631 \u0645\u0639\u0644\u0642\u0629 — skipping \u062a\u062d\u062f\u064a\u062b \u0627\u0644\u0635\u0641\u0642\u0627\u062a \u0628\u062f\u0648\u0646 Telegram \u0648\u0628\u062f\u0648\u0646 \u062c\u0644\u0628 \u0633\u0639\u0631.
2026-08-09 15:26:03,384 | INFO | scripts.run_trade_updates | Starting trade updates: 2026-08-09T15:26:03.384214+00:00
2026-08-09 15:26:03,384 | INFO | scripts.run_trade_updates | \U0001f50d Session: \u062e\u0627\u0631\u062c Session | Quality: NONE | Allowed: False
2026-08-09 15:26:03,384 | INFO | scripts.run_trade_updates | \u2139\ufe0f Outside normal update hours, but continuing due to update_outside_trading_hours or FORCE_TRADE_UPDATE
2026-08-09 15:26:03,616 | INFO | DatabaseService | Database connected: Supabase
2026-08-09 15:26:04,569 | INFO | httpx | HTTP Request: GET https://trsmuzekxmpqtvxdkxwe.supabase.co/rest/v1/trades_demo?select=%2A&status=in.%28OPEN%2CPARTIAL%2CTP1_HIT%2CPENDING%29 "HTTP/2 200 OK"
2026-08-09 15:26:04,569 | INFO | scripts.run_trade_updates | Active/pending trades count: 0
2026-08-09 15:26:04,569 | INFO | scripts.run_trade_updates | \u0644\u0627 \u062a\u0648\u062c\u062f \u0635\u0641\u0642\u0627\u062a \u0645\u0641\u062a\u0648\u062d\u0629 \u0623\u0648 \u0623\u0648\u0627\u0645\u0631 \u0645\u0639\u0644\u0642\u0629 — skipping \u062a\u062d\u062f\u064a\u062b \u0627\u0644\u0635\u0641\u0642\u0627\u062a \u0628\u062f\u0648\u0646 Telegram \u0648\u0628\u062f\u0648\u0646 \u062c\u0644\u0628 \u0633\u0639\u0631.
2026-08-09 15:31:04,586 | INFO | scripts.run_trade_updates | Starting trade updates: 2026-08-09T15:31:04.586450+00:00
2026-08-09 15:31:04,586 | INFO | scripts.run_trade_updates | \U0001f50d Session: \u062e\u0627\u0631\u062c Session | Quality: NONE | Allowed: False
2026-08-09 15:31:04,586 | INFO | scripts.run_trade_updates | \u2139\ufe0f Outside normal update hours, but continuing due to update_outside_trading_hours or FORCE_TRADE_UPDATE
2026-08-09 15:31:04,819 | INFO | DatabaseService | Database connected: Supabase
2026-08-09 15:31:05,820 | INFO | httpx | HTTP Request: GET https://trsmuzekxmpqtvxdkxwe.supabase.co/rest/v1/trades_demo?select=%2A&status=in.%28OPEN%2CPARTIAL%2CTP1_HIT%2CPENDING%29 "HTTP/2 200 OK"
2026-08-09 15:31:05,820 | INFO | scripts.run_trade_updates | Active/pending trades count: 0
2026-08-09 15:31:05,820 | INFO | scripts.run_trade_updates | \u0644\u0627 \u062a\u0648\u062c\u062f \u0635\u0641\u0642\u0627\u062a \u0645\u0641\u062a\u0648\u062d\u0629 \u0623\u0648 \u0623\u0648\u0627\u0645\u0631 \u0645\u0639\u0644\u0642\u0629 — skipping \u062a\u062d\u062f\u064a\u062b \u0627\u0644\u0635\u0641\u0642\u0627\u062a \u0628\u062f\u0648\u0646 Telegram \u0648\u0628\u062f\u0648\u0646 \u062c\u0644\u0628 \u0633\u0639\u0631.
2026-08-09 15:36:05,835 | INFO | scripts.run_trade_updates | Starting trade updates: 2026-08-09T15:36:05.835776+00:00
2026-08-09 15:36:05,835 | INFO | scripts.run_trade_updates | \U0001f50d Session: \u062e\u0627\u0631\u062c Session | Quality: NONE | Allowed: False
2026-08-09 15:36:05,835 | INFO | scripts.run_trade_updates | \u2139\ufe0f Outside normal update hours, but continuing due to update_outside_trading_hours or FORCE_TRADE_UPDATE
2026-08-09 15:36:06,112 | INFO | DatabaseService | Database connected: Supabase
2026-08-09 15:36:07,097 | INFO | httpx | HTTP Request: GET https://trsmuzekxmpqtvxdkxwe.supabase.co/rest/v1/trades_demo?select=%2A&status=in.%28OPEN%2CPARTIAL%2CTP1_HIT%2CPENDING%29 "HTTP/2 200 OK"
2026-08-09 15:36:07,097 | INFO | scripts.run_trade_updates | Active/pending trades count: 0
2026-08-09 15:36:07,097 | INFO | scripts.run_trade_updates | \u0644\u0627 \u062a\u0648\u062c\u062f \u0635\u0641\u0642\u0627\u062a \u0645\u0641\u062a\u0648\u062d\u0629 \u0623\u0648 \u0623\u0648\u0627\u0645\u0631 \u0645\u0639\u0644\u0642\u0629 — skipping \u062a\u062d\u062f\u064a\u062b \u0627\u0644\u0635\u0641\u0642\u0627\u062a \u0628\u062f\u0648\u0646 Telegram \u0648\u0628\u062f\u0648\u0646 \u062c\u0644\u0628 \u0633\u0639\u0631.
2026-08-09 15:41:07,107 | INFO | scripts.run_trade_updates | Starting trade updates: 2026-08-09T15:41:07.107916+00:00
2026-08-09 15:41:07,107 | INFO | scripts.run_trade_updates | \U0001f50d Session: \u062e\u0627\u0631\u062c Session | Quality: NONE | Allowed: False
2026-08-09 15:41:07,107 | INFO | scripts.run_trade_updates | \u2139\ufe0f Outside normal update hours, but continuing due to update_outside_trading_hours or FORCE_TRADE_UPDATE
2026-08-09 15:41:07,334 | INFO | DatabaseService | Database connected: Supabase
2026-08-09 15:41:08,366 | INFO | httpx | HTTP Request: GET https://trsmuzekxmpqtvxdkxwe.supabase.co/rest/v1/trades_demo?select=%2A&status=in.%28OPEN%2CPARTIAL%2CTP1_HIT%2CPENDING%29 "HTTP/2 200 OK"
2026-08-09 15:41:08,366 | INFO | scripts.run_trade_updates | Active/pending trades count: 0
2026-08-09 15:41:08,366 | INFO | scripts.run_trade_updates | \u0644\u0627 \u062a\u0648\u062c\u062f \u0635\u0641\u0642\u0627\u062a \u0645\u0641\u062a\u0648\u062d\u0629 \u0623\u0648 \u0623\u0648\u0627\u0645\u0631 \u0645\u0639\u0644\u0642\u0629 — skipping \u062a\u062d\u062f\u064a\u062b \u0627\u0644\u0635\u0641\u0642\u0627\u062a \u0628\u062f\u0648\u0646 Telegram \u0648\u0628\u062f\u0648\u0646 \u062c\u0644\u0628 \u0633\u0639\u0631.
2026-08-09 15:46:08,373 | INFO | scripts.run_trade_updates | Starting trade updates: 2026-08-09T15:46:08.373638+00:00
2026-08-09 15:46:08,373 | INFO | scripts.run_trade_updates | \U0001f50d Session: \u062e\u0627\u0631\u062c Session | Quality: NONE | Allowed: False
2026-08-09 15:46:08,373 | INFO | scripts.run_trade_updates | \u2139\ufe0f Outside normal update hours, but continuing due to update_outside_trading_hours or FORCE_TRADE_UPDATE
2026-08-09 15:46:08,623 | INFO | DatabaseService | Database connected: Supabase
2026-08-09 15:46:09,937 | INFO | httpx | HTTP Request: GET https://trsmuzekxmpqtvxdkxwe.supabase.co/rest/v1/trades_demo?select=%2A&status=in.%28OPEN%2CPARTIAL%2CTP1_HIT%2CPENDING%29 "HTTP/2 200 OK"
2026-08-09 15:46:09,937 | INFO | scripts.run_trade_updates | Active/pending trades count: 0
2026-08-09 15:46:09,937 | INFO | scripts.run_trade_updates | \u0644\u0627 \u062a\u0648\u062c\u062f \u0635\u0641\u0642\u0627\u062a \u0645\u0641\u062a\u0648\u062d\u0629 \u0623\u0648 \u0623\u0648\u0627\u0645\u0631 \u0645\u0639\u0644\u0642\u0629 — skipping \u062a\u062d\u062f\u064a\u062b \u0627\u0644\u0635\u0641\u0642\u0627\u062a \u0628\u062f\u0648\u0646 Telegram \u0648\u0628\u062f\u0648\u0646 \u062c\u0644\u0628 \u0633\u0639\u0631.
2026-08-09 15:51:09,949 | INFO | scripts.run_trade_updates | Starting trade updates: 2026-08-09T15:51:09.949280+00:00
2026-08-09 15:51:09,949 | INFO | scripts.run_trade_updates | \U0001f50d Session: \u062e\u0627\u0631\u062c Session | Quality: NONE | Allowed: False
2026-08-09 15:51:09,949 | INFO | scripts.run_trade_updates | \u2139\ufe0f Outside normal update hours, but continuing due to update_outside_trading_hours or FORCE_TRADE_UPDATE
2026-08-09 15:51:10,195 | INFO | DatabaseService | Database connected: Supabase
2026-08-09 15:51:11,288 | INFO | httpx | HTTP Request: GET https://trsmuzekxmpqtvxdkxwe.supabase.co/rest/v1/trades_demo?select=%2A&status=in.%28OPEN%2CPARTIAL%2CTP1_HIT%2CPENDING%29 "HTTP/2 200 OK"
2026-08-09 15:51:11,303 | INFO | scripts.run_trade_updates | Active/pending trades count: 0
2026-08-09 15:51:11,303 | INFO | scripts.run_trade_updates | \u0644\u0627 \u062a\u0648\u062c\u062f \u0635\u0641\u0642\u0627\u062a \u0645\u0641\u062a\u0648\u062d\u0629 \u0623\u0648 \u0623\u0648\u0627\u0645\u0631 \u0645\u0639\u0644\u0642\u0629 — skipping \u062a\u062d\u062f\u064a\u062b \u0627\u0644\u0635\u0641\u0642\u0627\u062a \u0628\u062f\u0648\u0646 Telegram \u0648\u0628\u062f\u0648\u0646 \u062c\u0644\u0628 \u0633\u0639\u0631.
2026-08-09 15:56:11,305 | INFO | scripts.run_trade_updates | Starting trade updates: 2026-08-09T15:56:11.305629+00:00
2026-08-09 15:56:11,305 | INFO | scripts.run_trade_updates | \U0001f50d Session: \u062e\u0627\u0631\u062c Session | Quality: NONE | Allowed: False
2026-08-09 15:56:11,305 | INFO | scripts.run_trade_updates | \u2139\ufe0f Outside normal update hours, but continuing due to update_outside_trading_hours or FORCE_TRADE_UPDATE
2026-08-09 15:56:11,521 | INFO | DatabaseService | Database connected: Supabase
2026-08-09 15:56:12,537 | INFO | httpx | HTTP Request: GET https://trsmuzekxmpqtvxdkxwe.supabase.co/rest/v1/trades_demo?select=%2A&status=in.%28OPEN%2CPARTIAL%2CTP1_HIT%2CPENDING%29 "HTTP/2 200 OK"
2026-08-09 15:56:12,537 | INFO | scripts.run_trade_updates | Active/pending trades count: 0
2026-08-09 15:56:12,537 | INFO | scripts.run_trade_updates | \u0644\u0627 \u062a\u0648\u062c\u062f \u0635\u0641\u0642\u0627\u062a \u0645\u0641\u062a\u0648\u062d\u0629 \u0623\u0648 \u0623\u0648\u0627\u0645\u0631 \u0645\u0639\u0644\u0642\u0629 — skipping \u062a\u062d\u062f\u064a\u062b \u0627\u0644\u0635\u0641\u0642\u0627\u062a \u0628\u062f\u0648\u0646 Telegram \u0648\u0628\u062f\u0648\u0646 \u062c\u0644\u0628 \u0633\u0639\u0631.
2026-08-09 16:01:12,539 | INFO | scripts.run_trade_updates | Starting trade updates: 2026-08-09T16:01:12.539906+00:00
2026-08-09 16:01:12,564 | INFO | scripts.run_trade_updates | \U0001f50d Session: \u062e\u0627\u0631\u062c Session | Quality: NONE | Allowed: False
2026-08-09 16:01:12,564 | INFO | scripts.run_trade_updates | \u2139\ufe0f Outside normal update hours, but continuing due to update_outside_trading_hours or FORCE_TRADE_UPDATE
2026-08-09 16:01:12,830 | INFO | DatabaseService | Database connected: Supabase
2026-08-09 16:01:13,910 | INFO | httpx | HTTP Request: GET https://trsmuzekxmpqtvxdkxwe.supabase.co/rest/v1/trades_demo?select=%2A&status=in.%28OPEN%2CPARTIAL%2CTP1_HIT%2CPENDING%29 "HTTP/2 200 OK"
2026-08-09 16:01:13,910 | INFO | scripts.run_trade_updates | Active/pending trades count: 0
2026-08-09 16:01:13,910 | INFO | scripts.run_trade_updates | \u0644\u0627 \u062a\u0648\u062c\u062f \u0635\u0641\u0642\u0627\u062a \u0645\u0641\u062a\u0648\u062d\u0629 \u0623\u0648 \u0623\u0648\u0627\u0645\u0631 \u0645\u0639\u0644\u0642\u0629 — skipping \u062a\u062d\u062f\u064a\u062b \u0627\u0644\u0635\u0641\u0642\u0627\u062a \u0628\u062f\u0648\u0646 Telegram \u0648\u0628\u062f\u0648\u0646 \u062c\u0644\u0628 \u0633\u0639\u0631.
2026-08-09 16:06:13,922 | INFO | scripts.run_trade_updates | Starting trade updates: 2026-08-09T16:06:13.922734+00:00
2026-08-09 16:06:13,922 | INFO | scripts.run_trade_updates | \U0001f50d Session: \u062e\u0627\u0631\u062c Session | Quality: NONE | Allowed: False
2026-08-09 16:06:13,922 | INFO | scripts.run_trade_updates | \u2139\ufe0f Outside normal update hours, but continuing due to update_outside_trading_hours or FORCE_TRADE_UPDATE
2026-08-09 16:06:14,244 | INFO | DatabaseService | Database connected: Supabase
2026-08-09 16:06:15,245 | INFO | httpx | HTTP Request: GET https://trsmuzekxmpqtvxdkxwe.supabase.co/rest/v1/trades_demo?select=%2A&status=in.%28OPEN%2CPARTIAL%2CTP1_HIT%2CPENDING%29 "HTTP/2 200 OK"
2026-08-09 16:06:15,245 | INFO | scripts.run_trade_updates | Active/pending trades count: 0
2026-08-09 16:06:15,245 | INFO | scripts.run_trade_updates | \u0644\u0627 \u062a\u0648\u062c\u062f \u0635\u0641\u0642\u0627\u062a \u0645\u0641\u062a\u0648\u062d\u0629 \u0623\u0648 \u0623\u0648\u0627\u0645\u0631 \u0645\u0639\u0644\u0642\u0629 — skipping \u062a\u062d\u062f\u064a\u062b \u0627\u0644\u0635\u0641\u0642\u0627\u062a \u0628\u062f\u0648\u0646 Telegram \u0648\u0628\u062f\u0648\u0646 \u062c\u0644\u0628 \u0633\u0639\u0631.
2026-08-09 16:11:15,279 | INFO | scripts.run_trade_updates | Starting trade updates: 2026-08-09T16:11:15.279724+00:00
2026-08-09 16:11:15,279 | INFO | scripts.run_trade_updates | \U0001f50d Session: \u062e\u0627\u0631\u062c Session | Quality: NONE | Allowed: False
2026-08-09 16:11:15,279 | INFO | scripts.run_trade_updates | \u2139\ufe0f Outside normal update hours, but continuing due to update_outside_trading_hours or FORCE_TRADE_UPDATE
2026-08-09 16:11:15,494 | INFO | DatabaseService | Database connected: Supabase
2026-08-09 16:11:16,479 | INFO | httpx | HTTP Request: GET https://trsmuzekxmpqtvxdkxwe.supabase.co/rest/v1/trades_demo?select=%2A&status=in.%28OPEN%2CPARTIAL%2CTP1_HIT%2CPENDING%29 "HTTP/2 200 OK"
2026-08-09 16:11:16,479 | INFO | scripts.run_trade_updates | Active/pending trades count: 0
2026-08-09 16:11:16,479 | INFO | scripts.run_trade_updates | \u0644\u0627 \u062a\u0648\u062c\u062f \u0635\u0641\u0642\u0627\u062a \u0645\u0641\u062a\u0648\u062d\u0629 \u0623\u0648 \u0623\u0648\u0627\u0645\u0631 \u0645\u0639\u0644\u0642\u0629 — skipping \u062a\u062d\u062f\u064a\u062b \u0627\u0644\u0635\u0641\u0642\u0627\u062a \u0628\u062f\u0648\u0646 Telegram \u0648\u0628\u062f\u0648\u0646 \u062c\u0644\u0628 \u0633\u0639\u0631.
2026-08-09 16:16:16,493 | INFO | scripts.run_trade_updates | Starting trade updates: 2026-08-09T16:16:16.493703+00:00
2026-08-09 16:16:16,496 | INFO | scripts.run_trade_updates | \U0001f50d Session: \u062e\u0627\u0631\u062c Session | Quality: NONE | Allowed: False
2026-08-09 16:16:16,496 | INFO | scripts.run_trade_updates | \u2139\ufe0f Outside normal update hours, but continuing due to update_outside_trading_hours or FORCE_TRADE_UPDATE
2026-08-09 16:16:17,200 | INFO | DatabaseService | Database connected: Supabase
2026-08-09 16:16:18,623 | INFO | httpx | HTTP Request: GET https://trsmuzekxmpqtvxdkxwe.supabase.co/rest/v1/trades_demo?select=%2A&status=in.%28OPEN%2CPARTIAL%2CTP1_HIT%2CPENDING%29 "HTTP/2 200 OK"
2026-08-09 16:16:18,623 | INFO | scripts.run_trade_updates | Active/pending trades count: 0
2026-08-09 16:16:18,623 | INFO | scripts.run_trade_updates | \u0644\u0627 \u062a\u0648\u062c\u062f \u0635\u0641\u0642\u0627\u062a \u0645\u0641\u062a\u0648\u062d\u0629 \u0623\u0648 \u0623\u0648\u0627\u0645\u0631 \u0645\u0639\u0644\u0642\u0629 — skipping \u062a\u062d\u062f\u064a\u062b \u0627\u0644\u0635\u0641\u0642\u0627\u062a \u0628\u062f\u0648\u0646 Telegram \u0648\u0628\u062f\u0648\u0646 \u062c\u0644\u0628 \u0633\u0639\u0631.
2026-08-09 16:21:18,632 | INFO | scripts.run_trade_updates | Starting trade updates: 2026-08-09T16:21:18.632050+00:00
2026-08-09 16:21:18,636 | INFO | scripts.run_trade_updates | \U0001f50d Session: \u062e\u0627\u0631\u062c Session | Quality: NONE | Allowed: False
2026-08-09 16:21:18,636 | INFO | scripts.run_trade_updates | \u2139\ufe0f Outside normal update hours, but continuing due to update_outside_trading_hours or FORCE_TRADE_UPDATE
2026-08-09 16:21:18,980 | INFO | DatabaseService | Database connected: Supabase
2026-08-09 16:21:20,075 | INFO | httpx | HTTP Request: GET https://trsmuzekxmpqtvxdkxwe.supabase.co/rest/v1/trades_demo?select=%2A&status=in.%28OPEN%2CPARTIAL%2CTP1_HIT%2CPENDING%29 "HTTP/2 200 OK"
2026-08-09 16:21:20,075 | INFO | scripts.run_trade_updates | Active/pending trades count: 0
2026-08-09 16:21:20,075 | INFO | scripts.run_trade_updates | \u0644\u0627 \u062a\u0648\u062c\u062f \u0635\u0641\u0642\u0627\u062a \u0645\u0641\u062a\u0648\u062d\u0629 \u0623\u0648 \u0623\u0648\u0627\u0645\u0631 \u0645\u0639\u0644\u0642\u0629 — skipping \u062a\u062d\u062f\u064a\u062b \u0627\u0644\u0635\u0641\u0642\u0627\u062a \u0628\u062f\u0648\u0646 Telegram \u0648\u0628\u062f\u0648\u0646 \u062c\u0644\u0628 \u0633\u0639\u0631.
2026-08-09 16:26:20,086 | INFO | scripts.run_trade_updates | Starting trade updates: 2026-08-09T16:26:20.086085+00:00
2026-08-09 16:26:20,101 | INFO | scripts.run_trade_updates | \U0001f50d Session: \u062e\u0627\u0631\u062c Session | Quality: NONE | Allowed: False
2026-08-09 16:26:20,101 | INFO | scripts.run_trade_updates | \u2139\ufe0f Outside normal update hours, but continuing due to update_outside_trading_hours or FORCE_TRADE_UPDATE
2026-08-09 16:26:20,430 | INFO | DatabaseService | Database connected: Supabase
2026-08-09 16:26:21,603 | INFO | httpx | HTTP Request: GET https://trsmuzekxmpqtvxdkxwe.supabase.co/rest/v1/trades_demo?select=%2A&status=in.%28OPEN%2CPARTIAL%2CTP1_HIT%2CPENDING%29 "HTTP/2 200 OK"
2026-08-09 16:26:21,603 | INFO | scripts.run_trade_updates | Active/pending trades count: 0
2026-08-09 16:26:21,603 | INFO | scripts.run_trade_updates | \u0644\u0627 \u062a\u0648\u062c\u062f \u0635\u0641\u0642\u0627\u062a \u0645\u0641\u062a\u0648\u062d\u0629 \u0623\u0648 \u0623\u0648\u0627\u0645\u0631 \u0645\u0639\u0644\u0642\u0629 — skipping \u062a\u062d\u062f\u064a\u062b \u0627\u0644\u0635\u0641\u0642\u0627\u062a \u0628\u062f\u0648\u0646 Telegram \u0648\u0628\u062f\u0648\u0646 \u062c\u0644\u0628 \u0633\u0639\u0631.
2026-08-09 16:31:21,609 | INFO | scripts.run_trade_updates | Starting trade updates: 2026-08-09T16:31:21.609791+00:00
2026-08-09 16:31:21,609 | INFO | scripts.run_trade_updates | \U0001f50d Session: \u062e\u0627\u0631\u062c Session | Quality: NONE | Allowed: False
2026-08-09 16:31:21,609 | INFO | scripts.run_trade_updates | \u2139\ufe0f Outside normal update hours, but continuing due to update_outside_trading_hours or FORCE_TRADE_UPDATE
2026-08-09 16:31:21,885 | INFO | DatabaseService | Database connected: Supabase
2026-08-09 16:31:23,075 | INFO | httpx | HTTP Request: GET https://trsmuzekxmpqtvxdkxwe.supabase.co/rest/v1/trades_demo?select=%2A&status=in.%28OPEN%2CPARTIAL%2CTP1_HIT%2CPENDING%29 "HTTP/2 200 OK"
2026-08-09 16:31:23,091 | INFO | scripts.run_trade_updates | Active/pending trades count: 0
2026-08-09 16:31:23,091 | INFO | scripts.run_trade_updates | \u0644\u0627 \u062a\u0648\u062c\u062f \u0635\u0641\u0642\u0627\u062a \u0645\u0641\u062a\u0648\u062d\u0629 \u0623\u0648 \u0623\u0648\u0627\u0645\u0631 \u0645\u0639\u0644\u0642\u0629 — skipping \u062a\u062d\u062f\u064a\u062b \u0627\u0644\u0635\u0641\u0642\u0627\u062a \u0628\u062f\u0648\u0646 Telegram \u0648\u0628\u062f\u0648\u0646 \u062c\u0644\u0628 \u0633\u0639\u0631.
2026-08-09 16:36:23,093 | INFO | scripts.run_trade_updates | Starting trade updates: 2026-08-09T16:36:23.093837+00:00
2026-08-09 16:36:23,093 | INFO | scripts.run_trade_updates | \U0001f50d Session: \u062e\u0627\u0631\u062c Session | Quality: NONE | Allowed: False
2026-08-09 16:36:23,093 | INFO | scripts.run_trade_updates | \u2139\ufe0f Outside normal update hours, but continuing due to update_outside_trading_hours or FORCE_TRADE_UPDATE
2026-08-09 16:36:23,308 | INFO | DatabaseService | Database connected: Supabase
2026-08-09 16:36:24,278 | INFO | httpx | HTTP Request: GET https://trsmuzekxmpqtvxdkxwe.supabase.co/rest/v1/trades_demo?select=%2A&status=in.%28OPEN%2CPARTIAL%2CTP1_HIT%2CPENDING%29 "HTTP/2 200 OK"
2026-08-09 16:36:24,278 | INFO | scripts.run_trade_updates | Active/pending trades count: 0
2026-08-09 16:36:24,278 | INFO | scripts.run_trade_updates | \u0644\u0627 \u062a\u0648\u062c\u062f \u0635\u0641\u0642\u0627\u062a \u0645\u0641\u062a\u0648\u062d\u0629 \u0623\u0648 \u0623\u0648\u0627\u0645\u0631 \u0645\u0639\u0644\u0642\u0629 — skipping \u062a\u062d\u062f\u064a\u062b \u0627\u0644\u0635\u0641\u0642\u0627\u062a \u0628\u062f\u0648\u0646 Telegram \u0648\u0628\u062f\u0648\u0646 \u062c\u0644\u0628 \u0633\u0639\u0631.
2026-08-09 16:41:24,293 | INFO | scripts.run_trade_updates | Starting trade updates: 2026-08-09T16:41:24.293588+00:00
2026-08-09 16:41:24,293 | INFO | scripts.run_trade_updates | \U0001f50d Session: \u062e\u0627\u0631\u062c Session | Quality: NONE | Allowed: False
2026-08-09 16:41:24,293 | INFO | scripts.run_trade_updates | \u2139\ufe0f Outside normal update hours, but continuing due to update_outside_trading_hours or FORCE_TRADE_UPDATE
2026-08-09 16:41:24,528 | INFO | DatabaseService | Database connected: Supabase
2026-08-09 16:41:25,606 | INFO | httpx | HTTP Request: GET https://trsmuzekxmpqtvxdkxwe.supabase.co/rest/v1/trades_demo?select=%2A&status=in.%28OPEN%2CPARTIAL%2CTP1_HIT%2CPENDING%29 "HTTP/2 200 OK"
2026-08-09 16:41:25,606 | INFO | scripts.run_trade_updates | Active/pending trades count: 0
2026-08-09 16:41:25,606 | INFO | scripts.run_trade_updates | \u0644\u0627 \u062a\u0648\u062c\u062f \u0635\u0641\u0642\u0627\u062a \u0645\u0641\u062a\u0648\u062d\u0629 \u0623\u0648 \u0623\u0648\u0627\u0645\u0631 \u0645\u0639\u0644\u0642\u0629 — skipping \u062a\u062d\u062f\u064a\u062b \u0627\u0644\u0635\u0641\u0642\u0627\u062a \u0628\u062f\u0648\u0646 Telegram \u0648\u0628\u062f\u0648\u0646 \u062c\u0644\u0628 \u0633\u0639\u0631.
2026-08-09 16:46:25,611 | INFO | scripts.run_trade_updates | Starting trade updates: 2026-08-09T16:46:25.611350+00:00
2026-08-09 16:46:25,611 | INFO | scripts.run_trade_updates | \U0001f50d Session: \u062e\u0627\u0631\u062c Session | Quality: NONE | Allowed: False
2026-08-09 16:46:25,611 | INFO | scripts.run_trade_updates | \u2139\ufe0f Outside normal update hours, but continuing due to update_outside_trading_hours or FORCE_TRADE_UPDATE
2026-08-09 16:46:25,830 | INFO | DatabaseService | Database connected: Supabase
2026-08-09 16:46:26,909 | INFO | httpx | HTTP Request: GET https://trsmuzekxmpqtvxdkxwe.supabase.co/rest/v1/trades_demo?select=%2A&status=in.%28OPEN%2CPARTIAL%2CTP1_HIT%2CPENDING%29 "HTTP/2 200 OK"
2026-08-09 16:46:26,909 | INFO | scripts.run_trade_updates | Active/pending trades count: 0
2026-08-09 16:46:26,909 | INFO | scripts.run_trade_updates | \u0644\u0627 \u062a\u0648\u062c\u062f \u0635\u0641\u0642\u0627\u062a \u0645\u0641\u062a\u0648\u062d\u0629 \u0623\u0648 \u0623\u0648\u0627\u0645\u0631 \u0645\u0639\u0644\u0642\u0629 — skipping \u062a\u062d\u062f\u064a\u062b \u0627\u0644\u0635\u0641\u0642\u0627\u062a \u0628\u062f\u0648\u0646 Telegram \u0648\u0628\u062f\u0648\u0646 \u062c\u0644\u0628 \u0633\u0639\u0631.
2026-08-09 16:51:26,918 | INFO | scripts.run_trade_updates | Starting trade updates: 2026-08-09T16:51:26.918298+00:00
2026-08-09 16:51:26,918 | INFO | scripts.run_trade_updates | \U0001f50d Session: \u062e\u0627\u0631\u062c Session | Quality: NONE | Allowed: False
2026-08-09 16:51:26,918 | INFO | scripts.run_trade_updates | \u2139\ufe0f Outside normal update hours, but continuing due to update_outside_trading_hours or FORCE_TRADE_UPDATE
2026-08-09 16:51:27,137 | INFO | DatabaseService | Database connected: Supabase
2026-08-09 16:51:28,135 | INFO | httpx | HTTP Request: GET https://trsmuzekxmpqtvxdkxwe.supabase.co/rest/v1/trades_demo?select=%2A&status=in.%28OPEN%2CPARTIAL%2CTP1_HIT%2CPENDING%29 "HTTP/2 200 OK"
2026-08-09 16:51:28,151 | INFO | scripts.run_trade_updates | Active/pending trades count: 0
2026-08-09 16:51:28,151 | INFO | scripts.run_trade_updates | \u0644\u0627 \u062a\u0648\u062c\u062f \u0635\u0641\u0642\u0627\u062a \u0645\u0641\u062a\u0648\u062d\u0629 \u0623\u0648 \u0623\u0648\u0627\u0645\u0631 \u0645\u0639\u0644\u0642\u0629 — skipping \u062a\u062d\u062f\u064a\u062b \u0627\u0644\u0635\u0641\u0642\u0627\u062a \u0628\u062f\u0648\u0646 Telegram \u0648\u0628\u062f\u0648\u0646 \u062c\u0644\u0628 \u0633\u0639\u0631.
2026-08-09 16:56:28,155 | INFO | scripts.run_trade_updates | Starting trade updates: 2026-08-09T16:56:28.155226+00:00
2026-08-09 16:56:28,158 | INFO | scripts.run_trade_updates | \U0001f50d Session: \u062e\u0627\u0631\u062c Session | Quality: NONE | Allowed: False
2026-08-09 16:56:28,158 | INFO | scripts.run_trade_updates | \u2139\ufe0f Outside normal update hours, but continuing due to update_outside_trading_hours or FORCE_TRADE_UPDATE
2026-08-09 16:56:28,361 | INFO | DatabaseService | Database connected: Supabase
2026-08-09 16:56:29,378 | INFO | httpx | HTTP Request: GET https://trsmuzekxmpqtvxdkxwe.supabase.co/rest/v1/trades_demo?select=%2A&status=in.%28OPEN%2CPARTIAL%2CTP1_HIT%2CPENDING%29 "HTTP/2 200 OK"
2026-08-09 16:56:29,378 | INFO | scripts.run_trade_updates | Active/pending trades count: 0
2026-08-09 16:56:29,378 | INFO | scripts.run_trade_updates | \u0644\u0627 \u062a\u0648\u062c\u062f \u0635\u0641\u0642\u0627\u062a \u0645\u0641\u062a\u0648\u062d\u0629 \u0623\u0648 \u0623\u0648\u0627\u0645\u0631 \u0645\u0639\u0644\u0642\u0629 — skipping \u062a\u062d\u062f\u064a\u062b \u0627\u0644\u0635\u0641\u0642\u0627\u062a \u0628\u062f\u0648\u0646 Telegram \u0648\u0628\u062f\u0648\u0646 \u062c\u0644\u0628 \u0633\u0639\u0631.
2026-08-09 17:01:29,398 | INFO | scripts.run_trade_updates | Starting trade updates: 2026-08-09T17:01:29.398334+00:00
2026-08-09 17:01:29,451 | INFO | scripts.run_trade_updates | \U0001f50d Session: \u062e\u0627\u0631\u062c Session | Quality: NONE | Allowed: False
2026-08-09 17:01:29,451 | INFO | scripts.run_trade_updates | \u2139\ufe0f Outside normal update hours, but continuing due to update_outside_trading_hours or FORCE_TRADE_UPDATE
2026-08-09 17:01:30,100 | INFO | DatabaseService | Database connected: Supabase
2026-08-09 17:01:31,981 | INFO | httpx | HTTP Request: GET https://trsmuzekxmpqtvxdkxwe.supabase.co/rest/v1/trades_demo?select=%2A&status=in.%28OPEN%2CPARTIAL%2CTP1_HIT%2CPENDING%29 "HTTP/2 200 OK"
2026-08-09 17:01:31,981 | INFO | scripts.run_trade_updates | Active/pending trades count: 0
2026-08-09 17:01:31,981 | INFO | scripts.run_trade_updates | \u0644\u0627 \u062a\u0648\u062c\u062f \u0635\u0641\u0642\u0627\u062a \u0645\u0641\u062a\u0648\u062d\u0629 \u0623\u0648 \u0623\u0648\u0627\u0645\u0631 \u0645\u0639\u0644\u0642\u0629 — skipping \u062a\u062d\u062f\u064a\u062b \u0627\u0644\u0635\u0641\u0642\u0627\u062a \u0628\u062f\u0648\u0646 Telegram \u0648\u0628\u062f\u0648\u0646 \u062c\u0644\u0628 \u0633\u0639\u0631.
2026-08-09 17:06:31,995 | INFO | scripts.run_trade_updates | Starting trade updates: 2026-08-09T17:06:31.995238+00:00
2026-08-09 17:06:32,057 | INFO | scripts.run_trade_updates | \U0001f50d Session: \u062e\u0627\u0631\u062c Session | Quality: NONE | Allowed: False
2026-08-09 17:06:32,057 | INFO | scripts.run_trade_updates | \u2139\ufe0f Outside normal update hours, but continuing due to update_outside_trading_hours or FORCE_TRADE_UPDATE
2026-08-09 17:06:32,417 | INFO | DatabaseService | Database connected: Supabase
2026-08-09 17:06:33,012 | INFO | httpx | HTTP Request: GET https://trsmuzekxmpqtvxdkxwe.supabase.co/rest/v1/trades_demo?select=%2A&status=in.%28OPEN%2CPARTIAL%2CTP1_HIT%2CPENDING%29 "HTTP/2 200 OK"
2026-08-09 17:06:33,027 | INFO | scripts.run_trade_updates | Active/pending trades count: 0
2026-08-09 17:06:33,027 | INFO | scripts.run_trade_updates | \u0644\u0627 \u062a\u0648\u062c\u062f \u0635\u0641\u0642\u0627\u062a \u0645\u0641\u062a\u0648\u062d\u0629 \u0623\u0648 \u0623\u0648\u0627\u0645\u0631 \u0645\u0639\u0644\u0642\u0629 — skipping \u062a\u062d\u062f\u064a\u062b \u0627\u0644\u0635\u0641\u0642\u0627\u062a \u0628\u062f\u0648\u0646 Telegram \u0648\u0628\u062f\u0648\u0646 \u062c\u0644\u0628 \u0633\u0639\u0631.
2026-08-09 17:11:33,046 | INFO | scripts.run_trade_updates | Starting trade updates: 2026-08-09T17:11:33.041690+00:00
2026-08-09 17:11:33,062 | INFO | scripts.run_trade_updates | \U0001f50d Session: \u062e\u0627\u0631\u062c Session | Quality: NONE | Allowed: False
2026-08-09 17:11:33,078 | INFO | scripts.run_trade_updates | \u2139\ufe0f Outside normal update hours, but continuing due to update_outside_trading_hours or FORCE_TRADE_UPDATE
2026-08-09 17:11:33,391 | INFO | DatabaseService | Database connected: Supabase
2026-08-09 17:11:34,501 | INFO | httpx | HTTP Request: GET https://trsmuzekxmpqtvxdkxwe.supabase.co/rest/v1/trades_demo?select=%2A&status=in.%28OPEN%2CPARTIAL%2CTP1_HIT%2CPENDING%29 "HTTP/2 200 OK"
2026-08-09 17:11:34,501 | INFO | scripts.run_trade_updates | Active/pending trades count: 0
2026-08-09 17:11:34,501 | INFO | scripts.run_trade_updates | \u0644\u0627 \u062a\u0648\u062c\u062f \u0635\u0641\u0642\u0627\u062a \u0645\u0641\u062a\u0648\u062d\u0629 \u0623\u0648 \u0623\u0648\u0627\u0645\u0631 \u0645\u0639\u0644\u0642\u0629 — skipping \u062a\u062d\u062f\u064a\u062b \u0627\u0644\u0635\u0641\u0642\u0627\u062a \u0628\u062f\u0648\u0646 Telegram \u0648\u0628\u062f\u0648\u0646 \u062c\u0644\u0628 \u0633\u0639\u0631.
2026-08-09 17:16:34,516 | INFO | scripts.run_trade_updates | Starting trade updates: 2026-08-09T17:16:34.516522+00:00
2026-08-09 17:16:34,516 | INFO | scripts.run_trade_updates | \U0001f50d Session: \u062e\u0627\u0631\u062c Session | Quality: NONE | Allowed: False
2026-08-09 17:16:34,516 | INFO | scripts.run_trade_updates | \u2139\ufe0f Outside normal update hours, but continuing due to update_outside_trading_hours or FORCE_TRADE_UPDATE
2026-08-09 17:16:34,779 | INFO | DatabaseService | Database connected: Supabase
2026-08-09 17:16:35,877 | INFO | httpx | HTTP Request: GET https://trsmuzekxmpqtvxdkxwe.supabase.co/rest/v1/trades_demo?select=%2A&status=in.%28OPEN%2CPARTIAL%2CTP1_HIT%2CPENDING%29 "HTTP/2 200 OK"
2026-08-09 17:16:35,877 | INFO | scripts.run_trade_updates | Active/pending trades count: 0
2026-08-09 17:16:35,877 | INFO | scripts.run_trade_updates | \u0644\u0627 \u062a\u0648\u062c\u062f \u0635\u0641\u0642\u0627\u062a \u0645\u0641\u062a\u0648\u062d\u0629 \u0623\u0648 \u0623\u0648\u0627\u0645\u0631 \u0645\u0639\u0644\u0642\u0629 — skipping \u062a\u062d\u062f\u064a\u062b \u0627\u0644\u0635\u0641\u0642\u0627\u062a \u0628\u062f\u0648\u0646 Telegram \u0648\u0628\u062f\u0648\u0646 \u062c\u0644\u0628 \u0633\u0639\u0631.
2026-08-09 17:21:35,885 | INFO | scripts.run_trade_updates | Starting trade updates: 2026-08-09T17:21:35.885887+00:00
2026-08-09 17:21:35,887 | INFO | scripts.run_trade_updates | \U0001f50d Session: \u062e\u0627\u0631\u062c Session | Quality: NONE | Allowed: False
2026-08-09 17:21:35,887 | INFO | scripts.run_trade_updates | \u2139\ufe0f Outside normal update hours, but continuing due to update_outside_trading_hours or FORCE_TRADE_UPDATE
2026-08-09 17:21:36,121 | INFO | DatabaseService | Database connected: Supabase
2026-08-09 17:21:37,180 | INFO | httpx | HTTP Request: GET https://trsmuzekxmpqtvxdkxwe.supabase.co/rest/v1/trades_demo?select=%2A&status=in.%28OPEN%2CPARTIAL%2CTP1_HIT%2CPENDING%29 "HTTP/2 200 OK"
2026-08-09 17:21:37,195 | INFO | scripts.run_trade_updates | Active/pending trades count: 0
2026-08-09 17:21:37,195 | INFO | scripts.run_trade_updates | \u0644\u0627 \u062a\u0648\u062c\u062f \u0635\u0641\u0642\u0627\u062a \u0645\u0641\u062a\u0648\u062d\u0629 \u0623\u0648 \u0623\u0648\u0627\u0645\u0631 \u0645\u0639\u0644\u0642\u0629 — skipping \u062a\u062d\u062f\u064a\u062b \u0627\u0644\u0635\u0641\u0642\u0627\u062a \u0628\u062f\u0648\u0646 Telegram \u0648\u0628\u062f\u0648\u0646 \u062c\u0644\u0628 \u0633\u0639\u0631.
2026-08-09 17:26:37,197 | INFO | scripts.run_trade_updates | Starting trade updates: 2026-08-09T17:26:37.197714+00:00
2026-08-09 17:26:37,197 | INFO | scripts.run_trade_updates | \U0001f50d Session: \u062e\u0627\u0631\u062c Session | Quality: NONE | Allowed: False
2026-08-09 17:26:37,197 | INFO | scripts.run_trade_updates | \u2139\ufe0f Outside normal update hours, but continuing due to update_outside_trading_hours or FORCE_TRADE_UPDATE
2026-08-09 17:26:37,527 | INFO | DatabaseService | Database connected: Supabase
2026-08-09 17:26:38,606 | INFO | httpx | HTTP Request: GET https://trsmuzekxmpqtvxdkxwe.supabase.co/rest/v1/trades_demo?select=%2A&status=in.%28OPEN%2CPARTIAL%2CTP1_HIT%2CPENDING%29 "HTTP/2 200 OK"
2026-08-09 17:26:38,606 | INFO | scripts.run_trade_updates | Active/pending trades count: 0
2026-08-09 17:26:38,606 | INFO | scripts.run_trade_updates | \u0644\u0627 \u062a\u0648\u062c\u062f \u0635\u0641\u0642\u0627\u062a \u0645\u0641\u062a\u0648\u062d\u0629 \u0623\u0648 \u0623\u0648\u0627\u0645\u0631 \u0645\u0639\u0644\u0642\u0629 — skipping \u062a\u062d\u062f\u064a\u062b \u0627\u0644\u0635\u0641\u0642\u0627\u062a \u0628\u062f\u0648\u0646 Telegram \u0648\u0628\u062f\u0648\u0646 \u062c\u0644\u0628 \u0633\u0639\u0631.
2026-08-09 17:31:38,619 | INFO | scripts.run_trade_updates | Starting trade updates: 2026-08-09T17:31:38.619416+00:00
2026-08-09 17:31:38,619 | INFO | scripts.run_trade_updates | \U0001f50d Session: \u062e\u0627\u0631\u062c Session | Quality: NONE | Allowed: False
2026-08-09 17:31:38,619 | INFO | scripts.run_trade_updates | \u2139\ufe0f Outside normal update hours, but continuing due to update_outside_trading_hours or FORCE_TRADE_UPDATE
2026-08-09 17:31:38,828 | INFO | DatabaseService | Database connected: Supabase
2026-08-09 17:31:39,802 | INFO | httpx | HTTP Request: GET https://trsmuzekxmpqtvxdkxwe.supabase.co/rest/v1/trades_demo?select=%2A&status=in.%28OPEN%2CPARTIAL%2CTP1_HIT%2CPENDING%29 "HTTP/2 200 OK"
2026-08-09 17:31:39,802 | INFO | scripts.run_trade_updates | Active/pending trades count: 0
2026-08-09 17:31:39,802 | INFO | scripts.run_trade_updates | \u0644\u0627 \u062a\u0648\u062c\u062f \u0635\u0641\u0642\u0627\u062a \u0645\u0641\u062a\u0648\u062d\u0629 \u0623\u0648 \u0623\u0648\u0627\u0645\u0631 \u0645\u0639\u0644\u0642\u0629 — skipping \u062a\u062d\u062f\u064a\u062b \u0627\u0644\u0635\u0641\u0642\u0627\u062a \u0628\u062f\u0648\u0646 Telegram \u0648\u0628\u062f\u0648\u0646 \u062c\u0644\u0628 \u0633\u0639\u0631.
2026-08-09 17:36:39,817 | INFO | scripts.run_trade_updates | Starting trade updates: 2026-08-09T17:36:39.817728+00:00
2026-08-09 17:36:39,817 | INFO | scripts.run_trade_updates | \U0001f50d Session: \u062e\u0627\u0631\u062c Session | Quality: NONE | Allowed: False
2026-08-09 17:36:39,817 | INFO | scripts.run_trade_updates | \u2139\ufe0f Outside normal update hours, but continuing due to update_outside_trading_hours or FORCE_TRADE_UPDATE
2026-08-09 17:36:40,005 | INFO | DatabaseService | Database connected: Supabase
2026-08-09 17:36:41,022 | INFO | httpx | HTTP Request: GET https://trsmuzekxmpqtvxdkxwe.supabase.co/rest/v1/trades_demo?select=%2A&status=in.%28OPEN%2CPARTIAL%2CTP1_HIT%2CPENDING%29 "HTTP/2 200 OK"
2026-08-09 17:36:41,022 | INFO | scripts.run_trade_updates | Active/pending trades count: 0
2026-08-09 17:36:41,022 | INFO | scripts.run_trade_updates | \u0644\u0627 \u062a\u0648\u062c\u062f \u0635\u0641\u0642\u0627\u062a \u0645\u0641\u062a\u0648\u062d\u0629 \u0623\u0648 \u0623\u0648\u0627\u0645\u0631 \u0645\u0639\u0644\u0642\u0629 — skipping \u062a\u062d\u062f\u064a\u062b \u0627\u0644\u0635\u0641\u0642\u0627\u062a \u0628\u062f\u0648\u0646 Telegram \u0648\u0628\u062f\u0648\u0646 \u062c\u0644\u0628 \u0633\u0639\u0631.
2026-08-09 17:41:41,037 | INFO | scripts.run_trade_updates | Starting trade updates: 2026-08-09T17:41:41.037660+00:00
2026-08-09 17:41:41,037 | INFO | scripts.run_trade_updates | \U0001f50d Session: \u062e\u0627\u0631\u062c Session | Quality: NONE | Allowed: False
2026-08-09 17:41:41,037 | INFO | scripts.run_trade_updates | \u2139\ufe0f Outside normal update hours, but continuing due to update_outside_trading_hours or FORCE_TRADE_UPDATE
2026-08-09 17:41:41,249 | INFO | DatabaseService | Database connected: Supabase
2026-08-09 17:41:41,796 | INFO | httpx | HTTP Request: GET https://trsmuzekxmpqtvxdkxwe.supabase.co/rest/v1/trades_demo?select=%2A&status=in.%28OPEN%2CPARTIAL%2CTP1_HIT%2CPENDING%29 "HTTP/2 200 OK"
2026-08-09 17:41:41,796 | INFO | scripts.run_trade_updates | Active/pending trades count: 0
2026-08-09 17:41:41,796 | INFO | scripts.run_trade_updates | \u0644\u0627 \u062a\u0648\u062c\u062f \u0635\u0641\u0642\u0627\u062a \u0645\u0641\u062a\u0648\u062d\u0629 \u0623\u0648 \u0623\u0648\u0627\u0645\u0631 \u0645\u0639\u0644\u0642\u0629 — skipping \u062a\u062d\u062f\u064a\u062b \u0627\u0644\u0635\u0641\u0642\u0627\u062a \u0628\u062f\u0648\u0646 Telegram \u0648\u0628\u062f\u0648\u0646 \u062c\u0644\u0628 \u0633\u0639\u0631.
2026-08-09 17:46:41,802 | INFO | scripts.run_trade_updates | Starting trade updates: 2026-08-09T17:46:41.802442+00:00
2026-08-09 17:46:41,802 | INFO | scripts.run_trade_updates | \U0001f50d Session: \u062e\u0627\u0631\u062c Session | Quality: NONE | Allowed: False
2026-08-09 17:46:41,802 | INFO | scripts.run_trade_updates | \u2139\ufe0f Outside normal update hours, but continuing due to update_outside_trading_hours or FORCE_TRADE_UPDATE
2026-08-09 17:46:42,011 | INFO | DatabaseService | Database connected: Supabase
2026-08-09 17:46:43,059 | INFO | httpx | HTTP Request: GET https://trsmuzekxmpqtvxdkxwe.supabase.co/rest/v1/trades_demo?select=%2A&status=in.%28OPEN%2CPARTIAL%2CTP1_HIT%2CPENDING%29 "HTTP/2 200 OK"
2026-08-09 17:46:43,059 | INFO | scripts.run_trade_updates | Active/pending trades count: 0
2026-08-09 17:46:43,059 | INFO | scripts.run_trade_updates | \u0644\u0627 \u062a\u0648\u062c\u062f \u0635\u0641\u0642\u0627\u062a \u0645\u0641\u062a\u0648\u062d\u0629 \u0623\u0648 \u0623\u0648\u0627\u0645\u0631 \u0645\u0639\u0644\u0642\u0629 — skipping \u062a\u062d\u062f\u064a\u062b \u0627\u0644\u0635\u0641\u0642\u0627\u062a \u0628\u062f\u0648\u0646 Telegram \u0648\u0628\u062f\u0648\u0646 \u062c\u0644\u0628 \u0633\u0639\u0631.
2026-08-09 17:51:43,062 | INFO | scripts.run_trade_updates | Starting trade updates: 2026-08-09T17:51:43.062801+00:00
2026-08-09 17:51:43,062 | INFO | scripts.run_trade_updates | \U0001f50d Session: \u062e\u0627\u0631\u062c Session | Quality: NONE | Allowed: False
2026-08-09 17:51:43,062 | INFO | scripts.run_trade_updates | \u2139\ufe0f Outside normal update hours, but continuing due to update_outside_trading_hours or FORCE_TRADE_UPDATE
2026-08-09 17:51:43,259 | INFO | DatabaseService | Database connected: Supabase
2026-08-09 17:51:44,339 | INFO | httpx | HTTP Request: GET https://trsmuzekxmpqtvxdkxwe.supabase.co/rest/v1/trades_demo?select=%2A&status=in.%28OPEN%2CPARTIAL%2CTP1_HIT%2CPENDING%29 "HTTP/2 200 OK"
2026-08-09 17:51:44,339 | INFO | scripts.run_trade_updates | Active/pending trades count: 0
2026-08-09 17:51:44,339 | INFO | scripts.run_trade_updates | \u0644\u0627 \u062a\u0648\u062c\u062f \u0635\u0641\u0642\u0627\u062a \u0645\u0641\u062a\u0648\u062d\u0629 \u0623\u0648 \u0623\u0648\u0627\u0645\u0631 \u0645\u0639\u0644\u0642\u0629 — skipping \u062a\u062d\u062f\u064a\u062b \u0627\u0644\u0635\u0641\u0642\u0627\u062a \u0628\u062f\u0648\u0646 Telegram \u0648\u0628\u062f\u0648\u0646 \u062c\u0644\u0628 \u0633\u0639\u0631.
2026-08-09 17:56:44,344 | INFO | scripts.run_trade_updates | Starting trade updates: 2026-08-09T17:56:44.344493+00:00
2026-08-09 17:56:44,347 | INFO | scripts.run_trade_updates | \U0001f50d Session: \u062e\u0627\u0631\u062c Session | Quality: NONE | Allowed: False
2026-08-09 17:56:44,347 | INFO | scripts.run_trade_updates | \u2139\ufe0f Outside normal update hours, but continuing due to update_outside_trading_hours or FORCE_TRADE_UPDATE
2026-08-09 17:56:44,660 | INFO | DatabaseService | Database connected: Supabase
2026-08-09 17:56:45,774 | INFO | httpx | HTTP Request: GET https://trsmuzekxmpqtvxdkxwe.supabase.co/rest/v1/trades_demo?select=%2A&status=in.%28OPEN%2CPARTIAL%2CTP1_HIT%2CPENDING%29 "HTTP/2 200 OK"
2026-08-09 17:56:45,774 | INFO | scripts.run_trade_updates | Active/pending trades count: 0
2026-08-09 17:56:45,774 | INFO | scripts.run_trade_updates | \u0644\u0627 \u062a\u0648\u062c\u062f \u0635\u0641\u0642\u0627\u062a \u0645\u0641\u062a\u0648\u062d\u0629 \u0623\u0648 \u0623\u0648\u0627\u0645\u0631 \u0645\u0639\u0644\u0642\u0629 — skipping \u062a\u062d\u062f\u064a\u062b \u0627\u0644\u0635\u0641\u0642\u0627\u062a \u0628\u062f\u0648\u0646 Telegram \u0648\u0628\u062f\u0648\u0646 \u062c\u0644\u0628 \u0633\u0639\u0631.
2026-08-09 18:01:45,788 | INFO | scripts.run_trade_updates | Starting trade updates: 2026-08-09T18:01:45.788802+00:00
2026-08-09 18:01:45,790 | INFO | scripts.run_trade_updates | \U0001f50d Session: \u062e\u0627\u0631\u062c Session | Quality: NONE | Allowed: False
2026-08-09 18:01:45,790 | INFO | scripts.run_trade_updates | \u2139\ufe0f Outside normal update hours, but continuing due to update_outside_trading_hours or FORCE_TRADE_UPDATE
2026-08-09 18:01:45,994 | INFO | DatabaseService | Database connected: Supabase
2026-08-09 18:01:46,963 | INFO | httpx | HTTP Request: GET https://trsmuzekxmpqtvxdkxwe.supabase.co/rest/v1/trades_demo?select=%2A&status=in.%28OPEN%2CPARTIAL%2CTP1_HIT%2CPENDING%29 "HTTP/2 200 OK"
2026-08-09 18:01:46,963 | INFO | scripts.run_trade_updates | Active/pending trades count: 0
2026-08-09 18:01:46,963 | INFO | scripts.run_trade_updates | \u0644\u0627 \u062a\u0648\u062c\u062f \u0635\u0641\u0642\u0627\u062a \u0645\u0641\u062a\u0648\u062d\u0629 \u0623\u0648 \u0623\u0648\u0627\u0645\u0631 \u0645\u0639\u0644\u0642\u0629 — skipping \u062a\u062d\u062f\u064a\u062b \u0627\u0644\u0635\u0641\u0642\u0627\u062a \u0628\u062f\u0648\u0646 Telegram \u0648\u0628\u062f\u0648\u0646 \u062c\u0644\u0628 \u0633\u0639\u0631.
2026-08-09 18:06:46,974 | INFO | scripts.run_trade_updates | Starting trade updates: 2026-08-09T18:06:46.974966+00:00
2026-08-09 18:06:46,974 | INFO | scripts.run_trade_updates | \U0001f50d Session: \u062e\u0627\u0631\u062c Session | Quality: NONE | Allowed: False
2026-08-09 18:06:46,974 | INFO | scripts.run_trade_updates | \u2139\ufe0f Outside normal update hours, but continuing due to update_outside_trading_hours or FORCE_TRADE_UPDATE
2026-08-09 18:06:47,199 | INFO | DatabaseService | Database connected: Supabase
2026-08-09 18:06:48,263 | INFO | httpx | HTTP Request: GET https://trsmuzekxmpqtvxdkxwe.supabase.co/rest/v1/trades_demo?select=%2A&status=in.%28OPEN%2CPARTIAL%2CTP1_HIT%2CPENDING%29 "HTTP/2 200 OK"
2026-08-09 18:06:48,263 | INFO | scripts.run_trade_updates | Active/pending trades count: 0
2026-08-09 18:06:48,263 | INFO | scripts.run_trade_updates | \u0644\u0627 \u062a\u0648\u062c\u062f \u0635\u0641\u0642\u0627\u062a \u0645\u0641\u062a\u0648\u062d\u0629 \u0623\u0648 \u0623\u0648\u0627\u0645\u0631 \u0645\u0639\u0644\u0642\u0629 — skipping \u062a\u062d\u062f\u064a\u062b \u0627\u0644\u0635\u0641\u0642\u0627\u062a \u0628\u062f\u0648\u0646 Telegram \u0648\u0628\u062f\u0648\u0646 \u062c\u0644\u0628 \u0633\u0639\u0631.
2026-08-09 18:11:48,276 | INFO | scripts.run_trade_updates | Starting trade updates: 2026-08-09T18:11:48.276682+00:00
2026-08-09 18:11:48,278 | INFO | scripts.run_trade_updates | \U0001f50d Session: \u062e\u0627\u0631\u062c Session | Quality: NONE | Allowed: False
2026-08-09 18:11:48,278 | INFO | scripts.run_trade_updates | \u2139\ufe0f Outside normal update hours, but continuing due to update_outside_trading_hours or FORCE_TRADE_UPDATE
2026-08-09 18:11:48,497 | INFO | DatabaseService | Database connected: Supabase
2026-08-09 18:11:49,482 | INFO | httpx | HTTP Request: GET https://trsmuzekxmpqtvxdkxwe.supabase.co/rest/v1/trades_demo?select=%2A&status=in.%28OPEN%2CPARTIAL%2CTP1_HIT%2CPENDING%29 "HTTP/2 200 OK"
2026-08-09 18:11:49,482 | INFO | scripts.run_trade_updates | Active/pending trades count: 0
2026-08-09 18:11:49,482 | INFO | scripts.run_trade_updates | \u0644\u0627 \u062a\u0648\u062c\u062f \u0635\u0641\u0642\u0627\u062a \u0645\u0641\u062a\u0648\u062d\u0629 \u0623\u0648 \u0623\u0648\u0627\u0645\u0631 \u0645\u0639\u0644\u0642\u0629 — skipping \u062a\u062d\u062f\u064a\u062b \u0627\u0644\u0635\u0641\u0642\u0627\u062a \u0628\u062f\u0648\u0646 Telegram \u0648\u0628\u062f\u0648\u0646 \u062c\u0644\u0628 \u0633\u0639\u0631.
2026-08-09 18:16:49,496 | INFO | scripts.run_trade_updates | Starting trade updates: 2026-08-09T18:16:49.496015+00:00
2026-08-09 18:16:49,499 | INFO | scripts.run_trade_updates | \U0001f50d Session: \u062e\u0627\u0631\u062c Session | Quality: NONE | Allowed: False
2026-08-09 18:16:49,499 | INFO | scripts.run_trade_updates | \u2139\ufe0f Outside normal update hours, but continuing due to update_outside_trading_hours or FORCE_TRADE_UPDATE
2026-08-09 18:16:49,734 | INFO | DatabaseService | Database connected: Supabase
2026-08-09 18:16:50,738 | INFO | httpx | HTTP Request: GET https://trsmuzekxmpqtvxdkxwe.supabase.co/rest/v1/trades_demo?select=%2A&status=in.%28OPEN%2CPARTIAL%2CTP1_HIT%2CPENDING%29 "HTTP/2 200 OK"
2026-08-09 18:16:50,738 | INFO | scripts.run_trade_updates | Active/pending trades count: 0
2026-08-09 18:16:50,738 | INFO | scripts.run_trade_updates | \u0644\u0627 \u062a\u0648\u062c\u062f \u0635\u0641\u0642\u0627\u062a \u0645\u0641\u062a\u0648\u062d\u0629 \u0623\u0648 \u0623\u0648\u0627\u0645\u0631 \u0645\u0639\u0644\u0642\u0629 — skipping \u062a\u062d\u062f\u064a\u062b \u0627\u0644\u0635\u0641\u0642\u0627\u062a \u0628\u062f\u0648\u0646 Telegram \u0648\u0628\u062f\u0648\u0646 \u062c\u0644\u0628 \u0633\u0639\u0631.
2026-08-09 18:21:50,746 | INFO | scripts.run_trade_updates | Starting trade updates: 2026-08-09T18:21:50.746972+00:00
2026-08-09 18:21:50,749 | INFO | scripts.run_trade_updates | \U0001f50d Session: \u062e\u0627\u0631\u062c Session | Quality: NONE | Allowed: False
2026-08-09 18:21:50,749 | INFO | scripts.run_trade_updates | \u2139\ufe0f Outside normal update hours, but continuing due to update_outside_trading_hours or FORCE_TRADE_UPDATE
2026-08-09 18:21:50,999 | INFO | DatabaseService | Database connected: Supabase
2026-08-09 18:21:51,985 | INFO | httpx | HTTP Request: GET https://trsmuzekxmpqtvxdkxwe.supabase.co/rest/v1/trades_demo?select=%2A&status=in.%28OPEN%2CPARTIAL%2CTP1_HIT%2CPENDING%29 "HTTP/2 200 OK"
2026-08-09 18:21:51,985 | INFO | scripts.run_trade_updates | Active/pending trades count: 0
2026-08-09 18:21:51,985 | INFO | scripts.run_trade_updates | \u0644\u0627 \u062a\u0648\u062c\u062f \u0635\u0641\u0642\u0627\u062a \u0645\u0641\u062a\u0648\u062d\u0629 \u0623\u0648 \u0623\u0648\u0627\u0645\u0631 \u0645\u0639\u0644\u0642\u0629 — skipping \u062a\u062d\u062f\u064a\u062b \u0627\u0644\u0635\u0641\u0642\u0627\u062a \u0628\u062f\u0648\u0646 Telegram \u0648\u0628\u062f\u0648\u0646 \u062c\u0644\u0628 \u0633\u0639\u0631.
2026-08-09 18:26:51,990 | INFO | scripts.run_trade_updates | Starting trade updates: 2026-08-09T18:26:51.990886+00:00
2026-08-09 18:26:51,990 | INFO | scripts.run_trade_updates | \U0001f50d Session: \u062e\u0627\u0631\u062c Session | Quality: NONE | Allowed: False
2026-08-09 18:26:51,990 | INFO | scripts.run_trade_updates | \u2139\ufe0f Outside normal update hours, but continuing due to update_outside_trading_hours or FORCE_TRADE_UPDATE
2026-08-09 18:26:52,238 | INFO | DatabaseService | Database connected: Supabase
2026-08-09 18:26:53,317 | INFO | httpx | HTTP Request: GET https://trsmuzekxmpqtvxdkxwe.supabase.co/rest/v1/trades_demo?select=%2A&status=in.%28OPEN%2CPARTIAL%2CTP1_HIT%2CPENDING%29 "HTTP/2 200 OK"
2026-08-09 18:26:53,317 | INFO | scripts.run_trade_updates | Active/pending trades count: 0
2026-08-09 18:26:53,317 | INFO | scripts.run_trade_updates | \u0644\u0627 \u062a\u0648\u062c\u062f \u0635\u0641\u0642\u0627\u062a \u0645\u0641\u062a\u0648\u062d\u0629 \u0623\u0648 \u0623\u0648\u0627\u0645\u0631 \u0645\u0639\u0644\u0642\u0629 — skipping \u062a\u062d\u062f\u064a\u062b \u0627\u0644\u0635\u0641\u0642\u0627\u062a \u0628\u062f\u0648\u0646 Telegram \u0648\u0628\u062f\u0648\u0646 \u062c\u0644\u0628 \u0633\u0639\u0631.
2026-08-09 18:31:53,329 | INFO | scripts.run_trade_updates | Starting trade updates: 2026-08-09T18:31:53.329664+00:00
2026-08-09 18:31:53,329 | INFO | scripts.run_trade_updates | \U0001f50d Session: \u062e\u0627\u0631\u062c Session | Quality: NONE | Allowed: False
2026-08-09 18:31:53,329 | INFO | scripts.run_trade_updates | \u2139\ufe0f Outside normal update hours, but continuing due to update_outside_trading_hours or FORCE_TRADE_UPDATE
2026-08-09 18:31:53,591 | INFO | DatabaseService | Database connected: Supabase
2026-08-09 18:31:54,638 | INFO | httpx | HTTP Request: GET https://trsmuzekxmpqtvxdkxwe.supabase.co/rest/v1/trades_demo?select=%2A&status=in.%28OPEN%2CPARTIAL%2CTP1_HIT%2CPENDING%29 "HTTP/2 200 OK"
2026-08-09 18:31:54,638 | INFO | scripts.run_trade_updates | Active/pending trades count: 0
2026-08-09 18:31:54,638 | INFO | scripts.run_trade_updates | \u0644\u0627 \u062a\u0648\u062c\u062f \u0635\u0641\u0642\u0627\u062a \u0645\u0641\u062a\u0648\u062d\u0629 \u0623\u0648 \u0623\u0648\u0627\u0645\u0631 \u0645\u0639\u0644\u0642\u0629 — skipping \u062a\u062d\u062f\u064a\u062b \u0627\u0644\u0635\u0641\u0642\u0627\u062a \u0628\u062f\u0648\u0646 Telegram \u0648\u0628\u062f\u0648\u0646 \u062c\u0644\u0628 \u0633\u0639\u0631.
2026-08-09 18:36:54,652 | INFO | scripts.run_trade_updates | Starting trade updates: 2026-08-09T18:36:54.652333+00:00
2026-08-09 18:36:54,652 | INFO | scripts.run_trade_updates | \U0001f50d Session: \u062e\u0627\u0631\u062c Session | Quality: NONE | Allowed: False
2026-08-09 18:36:54,652 | INFO | scripts.run_trade_updates | \u2139\ufe0f Outside normal update hours, but continuing due to update_outside_trading_hours or FORCE_TRADE_UPDATE
2026-08-09 18:36:54,894 | INFO | DatabaseService | Database connected: Supabase
2026-08-09 18:36:55,895 | INFO | httpx | HTTP Request: GET https://trsmuzekxmpqtvxdkxwe.supabase.co/rest/v1/trades_demo?select=%2A&status=in.%28OPEN%2CPARTIAL%2CTP1_HIT%2CPENDING%29 "HTTP/2 200 OK"
2026-08-09 18:36:55,895 | INFO | scripts.run_trade_updates | Active/pending trades count: 0
2026-08-09 18:36:55,895 | INFO | scripts.run_trade_updates | \u0644\u0627 \u062a\u0648\u062c\u062f \u0635\u0641\u0642\u0627\u062a \u0645\u0641\u062a\u0648\u062d\u0629 \u0623\u0648 \u0623\u0648\u0627\u0645\u0631 \u0645\u0639\u0644\u0642\u0629 — skipping \u062a\u062d\u062f\u064a\u062b \u0627\u0644\u0635\u0641\u0642\u0627\u062a \u0628\u062f\u0648\u0646 Telegram \u0648\u0628\u062f\u0648\u0646 \u062c\u0644\u0628 \u0633\u0639\u0631.
2026-08-09 18:41:55,911 | INFO | scripts.run_trade_updates | Starting trade updates: 2026-08-09T18:41:55.911299+00:00
2026-08-09 18:41:55,911 | INFO | scripts.run_trade_updates | \U0001f50d Session: \u062e\u0627\u0631\u062c Session | Quality: NONE | Allowed: False
2026-08-09 18:41:55,911 | INFO | scripts.run_trade_updates | \u2139\ufe0f Outside normal update hours, but continuing due to update_outside_trading_hours or FORCE_TRADE_UPDATE
2026-08-09 18:41:56,139 | INFO | DatabaseService | Database connected: Supabase
2026-08-09 18:41:57,305 | INFO | httpx | HTTP Request: GET https://trsmuzekxmpqtvxdkxwe.supabase.co/rest/v1/trades_demo?select=%2A&status=in.%28OPEN%2CPARTIAL%2CTP1_HIT%2CPENDING%29 "HTTP/2 200 OK"
2026-08-09 18:41:57,305 | INFO | scripts.run_trade_updates | Active/pending trades count: 0
2026-08-09 18:41:57,305 | INFO | scripts.run_trade_updates | \u0644\u0627 \u062a\u0648\u062c\u062f \u0635\u0641\u0642\u0627\u062a \u0645\u0641\u062a\u0648\u062d\u0629 \u0623\u0648 \u0623\u0648\u0627\u0645\u0631 \u0645\u0639\u0644\u0642\u0629 — skipping \u062a\u062d\u062f\u064a\u062b \u0627\u0644\u0635\u0641\u0642\u0627\u062a \u0628\u062f\u0648\u0646 Telegram \u0648\u0628\u062f\u0648\u0646 \u062c\u0644\u0628 \u0633\u0639\u0631.
2026-08-09 18:46:57,315 | INFO | scripts.run_trade_updates | Starting trade updates: 2026-08-09T18:46:57.315497+00:00
2026-08-09 18:46:57,320 | INFO | scripts.run_trade_updates | \U0001f50d Session: \u062e\u0627\u0631\u062c Session | Quality: NONE | Allowed: False
2026-08-09 18:46:57,320 | INFO | scripts.run_trade_updates | \u2139\ufe0f Outside normal update hours, but continuing due to update_outside_trading_hours or FORCE_TRADE_UPDATE
2026-08-09 18:46:57,555 | INFO | DatabaseService | Database connected: Supabase
2026-08-09 18:46:58,634 | INFO | httpx | HTTP Request: GET https://trsmuzekxmpqtvxdkxwe.supabase.co/rest/v1/trades_demo?select=%2A&status=in.%28OPEN%2CPARTIAL%2CTP1_HIT%2CPENDING%29 "HTTP/2 200 OK"
2026-08-09 18:46:58,634 | INFO | scripts.run_trade_updates | Active/pending trades count: 0
2026-08-09 18:46:58,634 | INFO | scripts.run_trade_updates | \u0644\u0627 \u062a\u0648\u062c\u062f \u0635\u0641\u0642\u0627\u062a \u0645\u0641\u062a\u0648\u062d\u0629 \u0623\u0648 \u0623\u0648\u0627\u0645\u0631 \u0645\u0639\u0644\u0642\u0629 — skipping \u062a\u062d\u062f\u064a\u062b \u0627\u0644\u0635\u0641\u0642\u0627\u062a \u0628\u062f\u0648\u0646 Telegram \u0648\u0628\u062f\u0648\u0646 \u062c\u0644\u0628 \u0633\u0639\u0631.
2026-08-09 18:51:58,641 | INFO | scripts.run_trade_updates | Starting trade updates: 2026-08-09T18:51:58.641282+00:00
2026-08-09 18:51:58,641 | INFO | scripts.run_trade_updates | \U0001f50d Session: \u062e\u0627\u0631\u062c Session | Quality: NONE | Allowed: False
2026-08-09 18:51:58,641 | INFO | scripts.run_trade_updates | \u2139\ufe0f Outside normal update hours, but continuing due to update_outside_trading_hours or FORCE_TRADE_UPDATE
2026-08-09 18:51:58,818 | INFO | DatabaseService | Database connected: Supabase
2026-08-09 18:51:59,836 | INFO | httpx | HTTP Request: GET https://trsmuzekxmpqtvxdkxwe.supabase.co/rest/v1/trades_demo?select=%2A&status=in.%28OPEN%2CPARTIAL%2CTP1_HIT%2CPENDING%29 "HTTP/2 200 OK"
2026-08-09 18:51:59,836 | INFO | scripts.run_trade_updates | Active/pending trades count: 0
2026-08-09 18:51:59,836 | INFO | scripts.run_trade_updates | \u0644\u0627 \u062a\u0648\u062c\u062f \u0635\u0641\u0642\u0627\u062a \u0645\u0641\u062a\u0648\u062d\u0629 \u0623\u0648 \u0623\u0648\u0627\u0645\u0631 \u0645\u0639\u0644\u0642\u0629 — skipping \u062a\u062d\u062f\u064a\u062b \u0627\u0644\u0635\u0641\u0642\u0627\u062a \u0628\u062f\u0648\u0646 Telegram \u0648\u0628\u062f\u0648\u0646 \u062c\u0644\u0628 \u0633\u0639\u0631.
2026-08-09 18:56:59,849 | INFO | scripts.run_trade_updates | Starting trade updates: 2026-08-09T18:56:59.849272+00:00
2026-08-09 18:56:59,852 | INFO | scripts.run_trade_updates | \U0001f50d Session: \u062e\u0627\u0631\u062c Session | Quality: NONE | Allowed: False
2026-08-09 18:56:59,852 | INFO | scripts.run_trade_updates | \u2139\ufe0f Outside normal update hours, but continuing due to update_outside_trading_hours or FORCE_TRADE_UPDATE
2026-08-09 18:57:00,143 | INFO | DatabaseService | Database connected: Supabase
2026-08-09 18:57:01,148 | INFO | httpx | HTTP Request: GET https://trsmuzekxmpqtvxdkxwe.supabase.co/rest/v1/trades_demo?select=%2A&status=in.%28OPEN%2CPARTIAL%2CTP1_HIT%2CPENDING%29 "HTTP/2 200 OK"
2026-08-09 18:57:01,148 | INFO | scripts.run_trade_updates | Active/pending trades count: 0
2026-08-09 18:57:01,148 | INFO | scripts.run_trade_updates | \u0644\u0627 \u062a\u0648\u062c\u062f \u0635\u0641\u0642\u0627\u062a \u0645\u0641\u062a\u0648\u062d\u0629 \u0623\u0648 \u0623\u0648\u0627\u0645\u0631 \u0645\u0639\u0644\u0642\u0629 — skipping \u062a\u062d\u062f\u064a\u062b \u0627\u0644\u0635\u0641\u0642\u0627\u062a \u0628\u062f\u0648\u0646 Telegram \u0648\u0628\u062f\u0648\u0646 \u062c\u0644\u0628 \u0633\u0639\u0631.
2026-08-09 19:02:01,157 | INFO | scripts.run_trade_updates | Starting trade updates: 2026-08-09T19:02:01.157145+00:00
2026-08-09 19:02:01,159 | INFO | scripts.run_trade_updates | \U0001f50d Session: \u062e\u0627\u0631\u062c Session | Quality: NONE | Allowed: False
2026-08-09 19:02:01,159 | INFO | scripts.run_trade_updates | \u2139\ufe0f Outside normal update hours, but continuing due to update_outside_trading_hours or FORCE_TRADE_UPDATE
2026-08-09 19:02:01,409 | INFO | DatabaseService | Database connected: Supabase
2026-08-09 19:02:02,097 | INFO | httpx | HTTP Request: GET https://trsmuzekxmpqtvxdkxwe.supabase.co/rest/v1/trades_demo?select=%2A&status=in.%28OPEN%2CPARTIAL%2CTP1_HIT%2CPENDING%29 "HTTP/2 200 OK"
2026-08-09 19:02:02,097 | INFO | scripts.run_trade_updates | Active/pending trades count: 0
2026-08-09 19:02:02,113 | INFO | scripts.run_trade_updates | \u0644\u0627 \u062a\u0648\u062c\u062f \u0635\u0641\u0642\u0627\u062a \u0645\u0641\u062a\u0648\u062d\u0629 \u0623\u0648 \u0623\u0648\u0627\u0645\u0631 \u0645\u0639\u0644\u0642\u0629 — skipping \u062a\u062d\u062f\u064a\u062b \u0627\u0644\u0635\u0641\u0642\u0627\u062a \u0628\u062f\u0648\u0646 Telegram \u0648\u0628\u062f\u0648\u0646 \u062c\u0644\u0628 \u0633\u0639\u0631.
2026-08-09 19:07:02,115 | INFO | scripts.run_trade_updates | Starting trade updates: 2026-08-09T19:07:02.115238+00:00
2026-08-09 19:07:02,115 | INFO | scripts.run_trade_updates | \U0001f50d Session: \u062e\u0627\u0631\u062c Session | Quality: NONE | Allowed: False
2026-08-09 19:07:02,115 | INFO | scripts.run_trade_updates | \u2139\ufe0f Outside normal update hours, but continuing due to update_outside_trading_hours or FORCE_TRADE_UPDATE
2026-08-09 19:07:02,345 | INFO | DatabaseService | Database connected: Supabase
2026-08-09 19:07:03,377 | INFO | httpx | HTTP Request: GET https://trsmuzekxmpqtvxdkxwe.supabase.co/rest/v1/trades_demo?select=%2A&status=in.%28OPEN%2CPARTIAL%2CTP1_HIT%2CPENDING%29 "HTTP/2 200 OK"
2026-08-09 19:07:03,377 | INFO | scripts.run_trade_updates | Active/pending trades count: 0
2026-08-09 19:07:03,377 | INFO | scripts.run_trade_updates | \u0644\u0627 \u062a\u0648\u062c\u062f \u0635\u0641\u0642\u0627\u062a \u0645\u0641\u062a\u0648\u062d\u0629 \u0623\u0648 \u0623\u0648\u0627\u0645\u0631 \u0645\u0639\u0644\u0642\u0629 — skipping \u062a\u062d\u062f\u064a\u062b \u0627\u0644\u0635\u0641\u0642\u0627\u062a \u0628\u062f\u0648\u0646 Telegram \u0648\u0628\u062f\u0648\u0646 \u062c\u0644\u0628 \u0633\u0639\u0631.
2026-08-09 19:12:03,392 | INFO | scripts.run_trade_updates | Starting trade updates: 2026-08-09T19:12:03.392707+00:00
2026-08-09 19:12:03,392 | INFO | scripts.run_trade_updates | \U0001f50d Session: \u062e\u0627\u0631\u062c Session | Quality: NONE | Allowed: False
2026-08-09 19:12:03,392 | INFO | scripts.run_trade_updates | \u2139\ufe0f Outside normal update hours, but continuing due to update_outside_trading_hours or FORCE_TRADE_UPDATE
2026-08-09 19:12:03,641 | INFO | DatabaseService | Database connected: Supabase
2026-08-09 19:12:04,798 | INFO | httpx | HTTP Request: GET https://trsmuzekxmpqtvxdkxwe.supabase.co/rest/v1/trades_demo?select=%2A&status=in.%28OPEN%2CPARTIAL%2CTP1_HIT%2CPENDING%29 "HTTP/2 200 OK"
2026-08-09 19:12:04,798 | INFO | scripts.run_trade_updates | Active/pending trades count: 0
2026-08-09 19:12:04,798 | INFO | scripts.run_trade_updates | \u0644\u0627 \u062a\u0648\u062c\u062f \u0635\u0641\u0642\u0627\u062a \u0645\u0641\u062a\u0648\u062d\u0629 \u0623\u0648 \u0623\u0648\u0627\u0645\u0631 \u0645\u0639\u0644\u0642\u0629 — skipping \u062a\u062d\u062f\u064a\u062b \u0627\u0644\u0635\u0641\u0642\u0627\u062a \u0628\u062f\u0648\u0646 Telegram \u0648\u0628\u062f\u0648\u0646 \u062c\u0644\u0628 \u0633\u0639\u0631.
2026-08-09 19:17:04,804 | INFO | scripts.run_trade_updates | Starting trade updates: 2026-08-09T19:17:04.804115+00:00
2026-08-09 19:17:04,804 | INFO | scripts.run_trade_updates | \U0001f50d Session: \u062e\u0627\u0631\u062c Session | Quality: NONE | Allowed: False
2026-08-09 19:17:04,804 | INFO | scripts.run_trade_updates | \u2139\ufe0f Outside normal update hours, but continuing due to update_outside_trading_hours or FORCE_TRADE_UPDATE
2026-08-09 19:17:05,035 | INFO | DatabaseService | Database connected: Supabase
2026-08-09 19:17:06,087 | INFO | httpx | HTTP Request: GET https://trsmuzekxmpqtvxdkxwe.supabase.co/rest/v1/trades_demo?select=%2A&status=in.%28OPEN%2CPARTIAL%2CTP1_HIT%2CPENDING%29 "HTTP/2 200 OK"
2026-08-09 19:17:06,087 | INFO | scripts.run_trade_updates | Active/pending trades count: 0
2026-08-09 19:17:06,087 | INFO | scripts.run_trade_updates | \u0644\u0627 \u062a\u0648\u062c\u062f \u0635\u0641\u0642\u0627\u062a \u0645\u0641\u062a\u0648\u062d\u0629 \u0623\u0648 \u0623\u0648\u0627\u0645\u0631 \u0645\u0639\u0644\u0642\u0629 — skipping \u062a\u062d\u062f\u064a\u062b \u0627\u0644\u0635\u0641\u0642\u0627\u062a \u0628\u062f\u0648\u0646 Telegram \u0648\u0628\u062f\u0648\u0646 \u062c\u0644\u0628 \u0633\u0639\u0631.
2026-08-09 19:22:06,094 | INFO | scripts.run_trade_updates | Starting trade updates: 2026-08-09T19:22:06.094522+00:00
2026-08-09 19:22:06,094 | INFO | scripts.run_trade_updates | \U0001f50d Session: \u062e\u0627\u0631\u062c Session | Quality: NONE | Allowed: False
2026-08-09 19:22:06,094 | INFO | scripts.run_trade_updates | \u2139\ufe0f Outside normal update hours, but continuing due to update_outside_trading_hours or FORCE_TRADE_UPDATE
2026-08-09 19:22:06,290 | INFO | DatabaseService | Database connected: Supabase
2026-08-09 19:22:07,275 | INFO | httpx | HTTP Request: GET https://trsmuzekxmpqtvxdkxwe.supabase.co/rest/v1/trades_demo?select=%2A&status=in.%28OPEN%2CPARTIAL%2CTP1_HIT%2CPENDING%29 "HTTP/2 200 OK"
2026-08-09 19:22:07,275 | INFO | scripts.run_trade_updates | Active/pending trades count: 0
2026-08-09 19:22:07,275 | INFO | scripts.run_trade_updates | \u0644\u0627 \u062a\u0648\u062c\u062f \u0635\u0641\u0642\u0627\u062a \u0645\u0641\u062a\u0648\u062d\u0629 \u0623\u0648 \u0623\u0648\u0627\u0645\u0631 \u0645\u0639\u0644\u0642\u0629 — skipping \u062a\u062d\u062f\u064a\u062b \u0627\u0644\u0635\u0641\u0642\u0627\u062a \u0628\u062f\u0648\u0646 Telegram \u0648\u0628\u062f\u0648\u0646 \u062c\u0644\u0628 \u0633\u0639\u0631.
2026-08-09 19:27:07,292 | INFO | scripts.run_trade_updates | Starting trade updates: 2026-08-09T19:27:07.292085+00:00
2026-08-09 19:27:07,292 | INFO | scripts.run_trade_updates | \U0001f50d Session: \u062e\u0627\u0631\u062c Session | Quality: NONE | Allowed: False
2026-08-09 19:27:07,292 | INFO | scripts.run_trade_updates | \u2139\ufe0f Outside normal update hours, but continuing due to update_outside_trading_hours or FORCE_TRADE_UPDATE
2026-08-09 19:27:07,506 | INFO | DatabaseService | Database connected: Supabase
2026-08-09 19:27:08,491 | INFO | httpx | HTTP Request: GET https://trsmuzekxmpqtvxdkxwe.supabase.co/rest/v1/trades_demo?select=%2A&status=in.%28OPEN%2CPARTIAL%2CTP1_HIT%2CPENDING%29 "HTTP/2 200 OK"
2026-08-09 19:27:08,491 | INFO | scripts.run_trade_updates | Active/pending trades count: 0
2026-08-09 19:27:08,491 | INFO | scripts.run_trade_updates | \u0644\u0627 \u062a\u0648\u062c\u062f \u0635\u0641\u0642\u0627\u062a \u0645\u0641\u062a\u0648\u062d\u0629 \u0623\u0648 \u0623\u0648\u0627\u0645\u0631 \u0645\u0639\u0644\u0642\u0629 — skipping \u062a\u062d\u062f\u064a\u062b \u0627\u0644\u0635\u0641\u0642\u0627\u062a \u0628\u062f\u0648\u0646 Telegram \u0648\u0628\u062f\u0648\u0646 \u062c\u0644\u0628 \u0633\u0639\u0631.
2026-08-09 19:32:08,504 | INFO | scripts.run_trade_updates | Starting trade updates: 2026-08-09T19:32:08.504290+00:00
2026-08-09 19:32:08,504 | INFO | scripts.run_trade_updates | \U0001f50d Session: \u062e\u0627\u0631\u062c Session | Quality: NONE | Allowed: False
2026-08-09 19:32:08,504 | INFO | scripts.run_trade_updates | \u2139\ufe0f Outside normal update hours, but continuing due to update_outside_trading_hours or FORCE_TRADE_UPDATE
2026-08-09 19:32:08,721 | INFO | DatabaseService | Database connected: Supabase
2026-08-09 19:32:09,832 | INFO | httpx | HTTP Request: GET https://trsmuzekxmpqtvxdkxwe.supabase.co/rest/v1/trades_demo?select=%2A&status=in.%28OPEN%2CPARTIAL%2CTP1_HIT%2CPENDING%29 "HTTP/2 200 OK"
2026-08-09 19:32:09,832 | INFO | scripts.run_trade_updates | Active/pending trades count: 0
2026-08-09 19:32:09,832 | INFO | scripts.run_trade_updates | \u0644\u0627 \u062a\u0648\u062c\u062f \u0635\u0641\u0642\u0627\u062a \u0645\u0641\u062a\u0648\u062d\u0629 \u0623\u0648 \u0623\u0648\u0627\u0645\u0631 \u0645\u0639\u0644\u0642\u0629 — skipping \u062a\u062d\u062f\u064a\u062b \u0627\u0644\u0635\u0641\u0642\u0627\u062a \u0628\u062f\u0648\u0646 Telegram \u0648\u0628\u062f\u0648\u0646 \u062c\u0644\u0628 \u0633\u0639\u0631.
2026-08-09 19:37:09,838 | INFO | scripts.run_trade_updates | Starting trade updates: 2026-08-09T19:37:09.838878+00:00
2026-08-09 19:37:09,838 | INFO | scripts.run_trade_updates | \U0001f50d Session: \u062e\u0627\u0631\u062c Session | Quality: NONE | Allowed: False
2026-08-09 19:37:09,838 | INFO | scripts.run_trade_updates | \u2139\ufe0f Outside normal update hours, but continuing due to update_outside_trading_hours or FORCE_TRADE_UPDATE
2026-08-09 19:37:10,039 | INFO | DatabaseService | Database connected: Supabase
2026-08-09 19:37:11,035 | INFO | httpx | HTTP Request: GET https://trsmuzekxmpqtvxdkxwe.supabase.co/rest/v1/trades_demo?select=%2A&status=in.%28OPEN%2CPARTIAL%2CTP1_HIT%2CPENDING%29 "HTTP/2 200 OK"
2026-08-09 19:37:11,035 | INFO | scripts.run_trade_updates | Active/pending trades count: 0
2026-08-09 19:37:11,035 | INFO | scripts.run_trade_updates | \u0644\u0627 \u062a\u0648\u062c\u062f \u0635\u0641\u0642\u0627\u062a \u0645\u0641\u062a\u0648\u062d\u0629 \u0623\u0648 \u0623\u0648\u0627\u0645\u0631 \u0645\u0639\u0644\u0642\u0629 — skipping \u062a\u062d\u062f\u064a\u062b \u0627\u0644\u0635\u0641\u0642\u0627\u062a \u0628\u062f\u0648\u0646 Telegram \u0648\u0628\u062f\u0648\u0646 \u062c\u0644\u0628 \u0633\u0639\u0631.
2026-08-09 19:42:11,039 | INFO | scripts.run_trade_updates | Starting trade updates: 2026-08-09T19:42:11.039897+00:00
2026-08-09 19:42:11,039 | INFO | scripts.run_trade_updates | \U0001f50d Session: \u062e\u0627\u0631\u062c Session | Quality: NONE | Allowed: False
2026-08-09 19:42:11,039 | INFO | scripts.run_trade_updates | \u2139\ufe0f Outside normal update hours, but continuing due to update_outside_trading_hours or FORCE_TRADE_UPDATE
2026-08-09 19:42:11,255 | INFO | DatabaseService | Database connected: Supabase
2026-08-09 19:42:12,210 | INFO | httpx | HTTP Request: GET https://trsmuzekxmpqtvxdkxwe.supabase.co/rest/v1/trades_demo?select=%2A&status=in.%28OPEN%2CPARTIAL%2CTP1_HIT%2CPENDING%29 "HTTP/2 200 OK"
2026-08-09 19:42:12,210 | INFO | scripts.run_trade_updates | Active/pending trades count: 0
2026-08-09 19:42:12,210 | INFO | scripts.run_trade_updates | \u0644\u0627 \u062a\u0648\u062c\u062f \u0635\u0641\u0642\u0627\u062a \u0645\u0641\u062a\u0648\u062d\u0629 \u0623\u0648 \u0623\u0648\u0627\u0645\u0631 \u0645\u0639\u0644\u0642\u0629 — skipping \u062a\u062d\u062f\u064a\u062b \u0627\u0644\u0635\u0641\u0642\u0627\u062a \u0628\u062f\u0648\u0646 Telegram \u0648\u0628\u062f\u0648\u0646 \u062c\u0644\u0628 \u0633\u0639\u0631.
2026-08-09 19:47:12,215 | INFO | scripts.run_trade_updates | Starting trade updates: 2026-08-09T19:47:12.215430+00:00
2026-08-09 19:47:12,215 | INFO | scripts.run_trade_updates | \U0001f50d Session: \u062e\u0627\u0631\u062c Session | Quality: NONE | Allowed: False
2026-08-09 19:47:12,215 | INFO | scripts.run_trade_updates | \u2139\ufe0f Outside normal update hours, but continuing due to update_outside_trading_hours or FORCE_TRADE_UPDATE
2026-08-09 19:47:12,415 | INFO | DatabaseService | Database connected: Supabase
2026-08-09 19:47:12,931 | INFO | httpx | HTTP Request: GET https://trsmuzekxmpqtvxdkxwe.supabase.co/rest/v1/trades_demo?select=%2A&status=in.%28OPEN%2CPARTIAL%2CTP1_HIT%2CPENDING%29 "HTTP/2 200 OK"
2026-08-09 19:47:12,931 | INFO | scripts.run_trade_updates | Active/pending trades count: 0
2026-08-09 19:47:12,931 | INFO | scripts.run_trade_updates | \u0644\u0627 \u062a\u0648\u062c\u062f \u0635\u0641\u0642\u0627\u062a \u0645\u0641\u062a\u0648\u062d\u0629 \u0623\u0648 \u0623\u0648\u0627\u0645\u0631 \u0645\u0639\u0644\u0642\u0629 — skipping \u062a\u062d\u062f\u064a\u062b \u0627\u0644\u0635\u0641\u0642\u0627\u062a \u0628\u062f\u0648\u0646 Telegram \u0648\u0628\u062f\u0648\u0646 \u062c\u0644\u0628 \u0633\u0639\u0631.
2026-08-09 19:52:12,945 | INFO | scripts.run_trade_updates | Starting trade updates: 2026-08-09T19:52:12.945782+00:00
2026-08-09 19:52:12,945 | INFO | scripts.run_trade_updates | \U0001f50d Session: \u062e\u0627\u0631\u062c Session | Quality: NONE | Allowed: False
2026-08-09 19:52:12,945 | INFO | scripts.run_trade_updates | \u2139\ufe0f Outside normal update hours, but continuing due to update_outside_trading_hours or FORCE_TRADE_UPDATE
2026-08-09 19:52:13,143 | INFO | DatabaseService | Database connected: Supabase
2026-08-09 19:52:14,113 | INFO | httpx | HTTP Request: GET https://trsmuzekxmpqtvxdkxwe.supabase.co/rest/v1/trades_demo?select=%2A&status=in.%28OPEN%2CPARTIAL%2CTP1_HIT%2CPENDING%29 "HTTP/2 200 OK"
2026-08-09 19:52:14,113 | INFO | scripts.run_trade_updates | Active/pending trades count: 0
2026-08-09 19:52:14,113 | INFO | scripts.run_trade_updates | \u0644\u0627 \u062a\u0648\u062c\u062f \u0635\u0641\u0642\u0627\u062a \u0645\u0641\u062a\u0648\u062d\u0629 \u0623\u0648 \u0623\u0648\u0627\u0645\u0631 \u0645\u0639\u0644\u0642\u0629 — skipping \u062a\u062d\u062f\u064a\u062b \u0627\u0644\u0635\u0641\u0642\u0627\u062a \u0628\u062f\u0648\u0646 Telegram \u0648\u0628\u062f\u0648\u0646 \u062c\u0644\u0628 \u0633\u0639\u0631.
2026-08-09 19:57:14,129 | INFO | scripts.run_trade_updates | Starting trade updates: 2026-08-09T19:57:14.129736+00:00
2026-08-09 19:57:14,129 | INFO | scripts.run_trade_updates | \U0001f50d Session: \u062e\u0627\u0631\u062c Session | Quality: NONE | Allowed: False
2026-08-09 19:57:14,129 | INFO | scripts.run_trade_updates | \u2139\ufe0f Outside normal update hours, but continuing due to update_outside_trading_hours or FORCE_TRADE_UPDATE
2026-08-09 19:57:14,364 | INFO | DatabaseService | Database connected: Supabase
2026-08-09 19:57:15,412 | INFO | httpx | HTTP Request: GET https://trsmuzekxmpqtvxdkxwe.supabase.co/rest/v1/trades_demo?select=%2A&status=in.%28OPEN%2CPARTIAL%2CTP1_HIT%2CPENDING%29 "HTTP/2 200 OK"
2026-08-09 19:57:15,428 | INFO | scripts.run_trade_updates | Active/pending trades count: 0
2026-08-09 19:57:15,428 | INFO | scripts.run_trade_updates | \u0644\u0627 \u062a\u0648\u062c\u062f \u0635\u0641\u0642\u0627\u062a \u0645\u0641\u062a\u0648\u062d\u0629 \u0623\u0648 \u0623\u0648\u0627\u0645\u0631 \u0645\u0639\u0644\u0642\u0629 — skipping \u062a\u062d\u062f\u064a\u062b \u0627\u0644\u0635\u0641\u0642\u0627\u062a \u0628\u062f\u0648\u0646 Telegram \u0648\u0628\u062f\u0648\u0646 \u062c\u0644\u0628 \u0633\u0639\u0631.
2026-08-09 20:02:15,429 | INFO | scripts.run_trade_updates | Starting trade updates: 2026-08-09T20:02:15.429836+00:00
2026-08-09 20:02:15,429 | INFO | scripts.run_trade_updates | \U0001f50d Session: \u062e\u0627\u0631\u062c Session | Quality: NONE | Allowed: False
2026-08-09 20:02:15,429 | INFO | scripts.run_trade_updates | \u2139\ufe0f Outside normal update hours, but continuing due to update_outside_trading_hours or FORCE_TRADE_UPDATE
2026-08-09 20:02:15,690 | INFO | DatabaseService | Database connected: Supabase
2026-08-09 20:02:16,316 | INFO | httpx | HTTP Request: GET https://trsmuzekxmpqtvxdkxwe.supabase.co/rest/v1/trades_demo?select=%2A&status=in.%28OPEN%2CPARTIAL%2CTP1_HIT%2CPENDING%29 "HTTP/2 200 OK"
2026-08-09 20:02:16,316 | INFO | scripts.run_trade_updates | Active/pending trades count: 0
2026-08-09 20:02:16,316 | INFO | scripts.run_trade_updates | \u0644\u0627 \u062a\u0648\u062c\u062f \u0635\u0641\u0642\u0627\u062a \u0645\u0641\u062a\u0648\u062d\u0629 \u0623\u0648 \u0623\u0648\u0627\u0645\u0631 \u0645\u0639\u0644\u0642\u0629 — skipping \u062a\u062d\u062f\u064a\u062b \u0627\u0644\u0635\u0641\u0642\u0627\u062a \u0628\u062f\u0648\u0646 Telegram \u0648\u0628\u062f\u0648\u0646 \u062c\u0644\u0628 \u0633\u0639\u0631.
2026-08-09 20:07:16,324 | INFO | scripts.run_trade_updates | Starting trade updates: 2026-08-09T20:07:16.324185+00:00
2026-08-09 20:07:16,324 | INFO | scripts.run_trade_updates | \U0001f50d Session: \u062e\u0627\u0631\u062c Session | Quality: NONE | Allowed: False
2026-08-09 20:07:16,324 | INFO | scripts.run_trade_updates | \u2139\ufe0f Outside normal update hours, but continuing due to update_outside_trading_hours or FORCE_TRADE_UPDATE
2026-08-09 20:07:16,524 | INFO | DatabaseService | Database connected: Supabase
2026-08-09 20:07:17,556 | INFO | httpx | HTTP Request: GET https://trsmuzekxmpqtvxdkxwe.supabase.co/rest/v1/trades_demo?select=%2A&status=in.%28OPEN%2CPARTIAL%2CTP1_HIT%2CPENDING%29 "HTTP/2 200 OK"
2026-08-09 20:07:17,556 | INFO | scripts.run_trade_updates | Active/pending trades count: 0
2026-08-09 20:07:17,556 | INFO | scripts.run_trade_updates | \u0644\u0627 \u062a\u0648\u062c\u062f \u0635\u0641\u0642\u0627\u062a \u0645\u0641\u062a\u0648\u062d\u0629 \u0623\u0648 \u0623\u0648\u0627\u0645\u0631 \u0645\u0639\u0644\u0642\u0629 — skipping \u062a\u062d\u062f\u064a\u062b \u0627\u0644\u0635\u0641\u0642\u0627\u062a \u0628\u062f\u0648\u0646 Telegram \u0648\u0628\u062f\u0648\u0646 \u062c\u0644\u0628 \u0633\u0639\u0631.
2026-08-09 20:12:17,568 | INFO | scripts.run_trade_updates | Starting trade updates: 2026-08-09T20:12:17.568324+00:00
2026-08-09 20:12:17,569 | INFO | scripts.run_trade_updates | \U0001f50d Session: \u062e\u0627\u0631\u062c Session | Quality: NONE | Allowed: False
2026-08-09 20:12:17,569 | INFO | scripts.run_trade_updates | \u2139\ufe0f Outside normal update hours, but continuing due to update_outside_trading_hours or FORCE_TRADE_UPDATE
2026-08-09 20:12:17,773 | INFO | DatabaseService | Database connected: Supabase
2026-08-09 20:12:18,774 | INFO | httpx | HTTP Request: GET https://trsmuzekxmpqtvxdkxwe.supabase.co/rest/v1/trades_demo?select=%2A&status=in.%28OPEN%2CPARTIAL%2CTP1_HIT%2CPENDING%29 "HTTP/2 200 OK"
2026-08-09 20:12:18,774 | INFO | scripts.run_trade_updates | Active/pending trades count: 0
2026-08-09 20:12:18,774 | INFO | scripts.run_trade_updates | \u0644\u0627 \u062a\u0648\u062c\u062f \u0635\u0641\u0642\u0627\u062a \u0645\u0641\u062a\u0648\u062d\u0629 \u0623\u0648 \u0623\u0648\u0627\u0645\u0631 \u0645\u0639\u0644\u0642\u0629 — skipping \u062a\u062d\u062f\u064a\u062b \u0627\u0644\u0635\u0641\u0642\u0627\u062a \u0628\u062f\u0648\u0646 Telegram \u0648\u0628\u062f\u0648\u0646 \u062c\u0644\u0628 \u0633\u0639\u0631.
2026-08-09 20:17:18,778 | INFO | scripts.run_trade_updates | Starting trade updates: 2026-08-09T20:17:18.778517+00:00
2026-08-09 20:17:18,778 | INFO | scripts.run_trade_updates | \U0001f50d Session: \u062e\u0627\u0631\u062c Session | Quality: NONE | Allowed: False
2026-08-09 20:17:18,778 | INFO | scripts.run_trade_updates | \u2139\ufe0f Outside normal update hours, but continuing due to update_outside_trading_hours or FORCE_TRADE_UPDATE
2026-08-09 20:17:18,995 | INFO | DatabaseService | Database connected: Supabase
2026-08-09 20:17:19,996 | INFO | httpx | HTTP Request: GET https://trsmuzekxmpqtvxdkxwe.supabase.co/rest/v1/trades_demo?select=%2A&status=in.%28OPEN%2CPARTIAL%2CTP1_HIT%2CPENDING%29 "HTTP/2 200 OK"
2026-08-09 20:17:19,996 | INFO | scripts.run_trade_updates | Active/pending trades count: 0
2026-08-09 20:17:19,996 | INFO | scripts.run_trade_updates | \u0644\u0627 \u062a\u0648\u062c\u062f \u0635\u0641\u0642\u0627\u062a \u0645\u0641\u062a\u0648\u062d\u0629 \u0623\u0648 \u0623\u0648\u0627\u0645\u0631 \u0645\u0639\u0644\u0642\u0629 — skipping \u062a\u062d\u062f\u064a\u062b \u0627\u0644\u0635\u0641\u0642\u0627\u062a \u0628\u062f\u0648\u0646 Telegram \u0648\u0628\u062f\u0648\u0646 \u062c\u0644\u0628 \u0633\u0639\u0631.
2026-08-09 20:22:20,012 | INFO | scripts.run_trade_updates | Starting trade updates: 2026-08-09T20:22:20.012107+00:00
2026-08-09 20:22:20,012 | INFO | scripts.run_trade_updates | \U0001f50d Session: \u062e\u0627\u0631\u062c Session | Quality: NONE | Allowed: False
2026-08-09 20:22:20,012 | INFO | scripts.run_trade_updates | \u2139\ufe0f Outside normal update hours, but continuing due to update_outside_trading_hours or FORCE_TRADE_UPDATE
2026-08-09 20:22:20,247 | INFO | DatabaseService | Database connected: Supabase
2026-08-09 20:22:21,217 | INFO | httpx | HTTP Request: GET https://trsmuzekxmpqtvxdkxwe.supabase.co/rest/v1/trades_demo?select=%2A&status=in.%28OPEN%2CPARTIAL%2CTP1_HIT%2CPENDING%29 "HTTP/2 200 OK"
2026-08-09 20:22:21,217 | INFO | scripts.run_trade_updates | Active/pending trades count: 0
2026-08-09 20:22:21,217 | INFO | scripts.run_trade_updates | \u0644\u0627 \u062a\u0648\u062c\u062f \u0635\u0641\u0642\u0627\u062a \u0645\u0641\u062a\u0648\u062d\u0629 \u0623\u0648 \u0623\u0648\u0627\u0645\u0631 \u0645\u0639\u0644\u0642\u0629 — skipping \u062a\u062d\u062f\u064a\u062b \u0627\u0644\u0635\u0641\u0642\u0627\u062a \u0628\u062f\u0648\u0646 Telegram \u0648\u0628\u062f\u0648\u0646 \u062c\u0644\u0628 \u0633\u0639\u0631.
2026-08-09 20:27:21,233 | INFO | scripts.run_trade_updates | Starting trade updates: 2026-08-09T20:27:21.233043+00:00
2026-08-09 20:27:21,233 | INFO | scripts.run_trade_updates | \U0001f50d Session: \u062e\u0627\u0631\u062c Session | Quality: NONE | Allowed: False
2026-08-09 20:27:21,233 | INFO | scripts.run_trade_updates | \u2139\ufe0f Outside normal update hours, but continuing due to update_outside_trading_hours or FORCE_TRADE_UPDATE
2026-08-09 20:27:21,460 | INFO | DatabaseService | Database connected: Supabase
2026-08-09 20:27:22,524 | INFO | httpx | HTTP Request: GET https://trsmuzekxmpqtvxdkxwe.supabase.co/rest/v1/trades_demo?select=%2A&status=in.%28OPEN%2CPARTIAL%2CTP1_HIT%2CPENDING%29 "HTTP/2 200 OK"
2026-08-09 20:27:22,524 | INFO | scripts.run_trade_updates | Active/pending trades count: 0
2026-08-09 20:27:22,524 | INFO | scripts.run_trade_updates | \u0644\u0627 \u062a\u0648\u062c\u062f \u0635\u0641\u0642\u0627\u062a \u0645\u0641\u062a\u0648\u062d\u0629 \u0623\u0648 \u0623\u0648\u0627\u0645\u0631 \u0645\u0639\u0644\u0642\u0629 — skipping \u062a\u062d\u062f\u064a\u062b \u0627\u0644\u0635\u0641\u0642\u0627\u062a \u0628\u062f\u0648\u0646 Telegram \u0648\u0628\u062f\u0648\u0646 \u062c\u0644\u0628 \u0633\u0639\u0631.
2026-08-09 20:32:22,536 | INFO | scripts.run_trade_updates | Starting trade updates: 2026-08-09T20:32:22.536208+00:00
2026-08-09 20:32:22,538 | INFO | scripts.run_trade_updates | \U0001f50d Session: \u062e\u0627\u0631\u062c Session | Quality: NONE | Allowed: False
2026-08-09 20:32:22,538 | INFO | scripts.run_trade_updates | \u2139\ufe0f Outside normal update hours, but continuing due to update_outside_trading_hours or FORCE_TRADE_UPDATE
2026-08-09 20:32:22,757 | INFO | DatabaseService | Database connected: Supabase
2026-08-09 20:32:23,883 | INFO | httpx | HTTP Request: GET https://trsmuzekxmpqtvxdkxwe.supabase.co/rest/v1/trades_demo?select=%2A&status=in.%28OPEN%2CPARTIAL%2CTP1_HIT%2CPENDING%29 "HTTP/2 200 OK"
2026-08-09 20:32:23,883 | INFO | scripts.run_trade_updates | Active/pending trades count: 0
2026-08-09 20:32:23,883 | INFO | scripts.run_trade_updates | \u0644\u0627 \u062a\u0648\u062c\u062f \u0635\u0641\u0642\u0627\u062a \u0645\u0641\u062a\u0648\u062d\u0629 \u0623\u0648 \u0623\u0648\u0627\u0645\u0631 \u0645\u0639\u0644\u0642\u0629 — skipping \u062a\u062d\u062f\u064a\u062b \u0627\u0644\u0635\u0641\u0642\u0627\u062a \u0628\u062f\u0648\u0646 Telegram \u0648\u0628\u062f\u0648\u0646 \u062c\u0644\u0628 \u0633\u0639\u0631.
2026-08-09 20:37:23,900 | INFO | scripts.run_trade_updates | Starting trade updates: 2026-08-09T20:37:23.900705+00:00
2026-08-09 20:37:23,900 | INFO | scripts.run_trade_updates | \U0001f50d Session: \u062e\u0627\u0631\u062c Session | Quality: NONE | Allowed: False
2026-08-09 20:37:23,900 | INFO | scripts.run_trade_updates | \u2139\ufe0f Outside normal update hours, but continuing due to update_outside_trading_hours or FORCE_TRADE_UPDATE
2026-08-09 20:37:24,128 | INFO | DatabaseService | Database connected: Supabase
2026-08-09 20:37:25,097 | INFO | httpx | HTTP Request: GET https://trsmuzekxmpqtvxdkxwe.supabase.co/rest/v1/trades_demo?select=%2A&status=in.%28OPEN%2CPARTIAL%2CTP1_HIT%2CPENDING%29 "HTTP/2 200 OK"
2026-08-09 20:37:25,097 | INFO | scripts.run_trade_updates | Active/pending trades count: 0
2026-08-09 20:37:25,097 | INFO | scripts.run_trade_updates | \u0644\u0627 \u062a\u0648\u062c\u062f \u0635\u0641\u0642\u0627\u062a \u0645\u0641\u062a\u0648\u062d\u0629 \u0623\u0648 \u0623\u0648\u0627\u0645\u0631 \u0645\u0639\u0644\u0642\u0629 — skipping \u062a\u062d\u062f\u064a\u062b \u0627\u0644\u0635\u0641\u0642\u0627\u062a \u0628\u062f\u0648\u0646 Telegram \u0648\u0628\u062f\u0648\u0646 \u062c\u0644\u0628 \u0633\u0639\u0631.
2026-08-09 20:42:25,104 | INFO | scripts.run_trade_updates | Starting trade updates: 2026-08-09T20:42:25.104664+00:00
2026-08-09 20:42:25,104 | INFO | scripts.run_trade_updates | \U0001f50d Session: \u062e\u0627\u0631\u062c Session | Quality: NONE | Allowed: False
2026-08-09 20:42:25,104 | INFO | scripts.run_trade_updates | \u2139\ufe0f Outside normal update hours, but continuing due to update_outside_trading_hours or FORCE_TRADE_UPDATE
2026-08-09 20:42:25,305 | INFO | DatabaseService | Database connected: Supabase
2026-08-09 20:42:26,306 | INFO | httpx | HTTP Request: GET https://trsmuzekxmpqtvxdkxwe.supabase.co/rest/v1/trades_demo?select=%2A&status=in.%28OPEN%2CPARTIAL%2CTP1_HIT%2CPENDING%29 "HTTP/2 200 OK"
2026-08-09 20:42:26,306 | INFO | scripts.run_trade_updates | Active/pending trades count: 0
2026-08-09 20:42:26,306 | INFO | scripts.run_trade_updates | \u0644\u0627 \u062a\u0648\u062c\u062f \u0635\u0641\u0642\u0627\u062a \u0645\u0641\u062a\u0648\u062d\u0629 \u0623\u0648 \u0623\u0648\u0627\u0645\u0631 \u0645\u0639\u0644\u0642\u0629 — skipping \u062a\u062d\u062f\u064a\u062b \u0627\u0644\u0635\u0641\u0642\u0627\u062a \u0628\u062f\u0648\u0646 Telegram \u0648\u0628\u062f\u0648\u0646 \u062c\u0644\u0628 \u0633\u0639\u0631.
2026-08-09 20:47:26,318 | INFO | scripts.run_trade_updates | Starting trade updates: 2026-08-09T20:47:26.318862+00:00
2026-08-09 20:47:26,321 | INFO | scripts.run_trade_updates | \U0001f50d Session: \u062e\u0627\u0631\u062c Session | Quality: NONE | Allowed: False
2026-08-09 20:47:26,321 | INFO | scripts.run_trade_updates | \u2139\ufe0f Outside normal update hours, but continuing due to update_outside_trading_hours or FORCE_TRADE_UPDATE
2026-08-09 20:47:26,525 | INFO | DatabaseService | Database connected: Supabase
2026-08-09 20:47:27,488 | INFO | httpx | HTTP Request: GET https://trsmuzekxmpqtvxdkxwe.supabase.co/rest/v1/trades_demo?select=%2A&status=in.%28OPEN%2CPARTIAL%2CTP1_HIT%2CPENDING%29 "HTTP/2 200 OK"
2026-08-09 20:47:27,488 | INFO | scripts.run_trade_updates | Active/pending trades count: 0
2026-08-09 20:47:27,488 | INFO | scripts.run_trade_updates | \u0644\u0627 \u062a\u0648\u062c\u062f \u0635\u0641\u0642\u0627\u062a \u0645\u0641\u062a\u0648\u062d\u0629 \u0623\u0648 \u0623\u0648\u0627\u0645\u0631 \u0645\u0639\u0644\u0642\u0629 — skipping \u062a\u062d\u062f\u064a\u062b \u0627\u0644\u0635\u0641\u0642\u0627\u062a \u0628\u062f\u0648\u0646 Telegram \u0648\u0628\u062f\u0648\u0646 \u062c\u0644\u0628 \u0633\u0639\u0631.
2026-08-09 20:52:27,502 | INFO | scripts.run_trade_updates | Starting trade updates: 2026-08-09T20:52:27.502018+00:00
2026-08-09 20:52:27,502 | INFO | scripts.run_trade_updates | \U0001f50d Session: \u062e\u0627\u0631\u062c Session | Quality: NONE | Allowed: False
2026-08-09 20:52:27,502 | INFO | scripts.run_trade_updates | \u2139\ufe0f Outside normal update hours, but continuing due to update_outside_trading_hours or FORCE_TRADE_UPDATE
2026-08-09 20:52:27,750 | INFO | DatabaseService | Database connected: Supabase
2026-08-09 20:52:28,736 | INFO | httpx | HTTP Request: GET https://trsmuzekxmpqtvxdkxwe.supabase.co/rest/v1/trades_demo?select=%2A&status=in.%28OPEN%2CPARTIAL%2CTP1_HIT%2CPENDING%29 "HTTP/2 200 OK"
2026-08-09 20:52:28,736 | INFO | scripts.run_trade_updates | Active/pending trades count: 0
2026-08-09 20:52:28,736 | INFO | scripts.run_trade_updates | \u0644\u0627 \u062a\u0648\u062c\u062f \u0635\u0641\u0642\u0627\u062a \u0645\u0641\u062a\u0648\u062d\u0629 \u0623\u0648 \u0623\u0648\u0627\u0645\u0631 \u0645\u0639\u0644\u0642\u0629 — skipping \u062a\u062d\u062f\u064a\u062b \u0627\u0644\u0635\u0641\u0642\u0627\u062a \u0628\u062f\u0648\u0646 Telegram \u0648\u0628\u062f\u0648\u0646 \u062c\u0644\u0628 \u0633\u0639\u0631.
2026-08-09 20:57:28,742 | INFO | scripts.run_trade_updates | Starting trade updates: 2026-08-09T20:57:28.742316+00:00
2026-08-09 20:57:28,744 | INFO | scripts.run_trade_updates | \U0001f50d Session: \u062e\u0627\u0631\u062c Session | Quality: NONE | Allowed: False
2026-08-09 20:57:28,744 | INFO | scripts.run_trade_updates | \u2139\ufe0f Outside normal update hours, but continuing due to update_outside_trading_hours or FORCE_TRADE_UPDATE
2026-08-09 20:57:28,979 | INFO | DatabaseService | Database connected: Supabase
2026-08-09 20:57:29,996 | INFO | httpx | HTTP Request: GET https://trsmuzekxmpqtvxdkxwe.supabase.co/rest/v1/trades_demo?select=%2A&status=in.%28OPEN%2CPARTIAL%2CTP1_HIT%2CPENDING%29 "HTTP/2 200 OK"
2026-08-09 20:57:30,011 | INFO | scripts.run_trade_updates | Active/pending trades count: 0
2026-08-09 20:57:30,011 | INFO | scripts.run_trade_updates | \u0644\u0627 \u062a\u0648\u062c\u062f \u0635\u0641\u0642\u0627\u062a \u0645\u0641\u062a\u0648\u062d\u0629 \u0623\u0648 \u0623\u0648\u0627\u0645\u0631 \u0645\u0639\u0644\u0642\u0629 — skipping \u062a\u062d\u062f\u064a\u062b \u0627\u0644\u0635\u0641\u0642\u0627\u062a \u0628\u062f\u0648\u0646 Telegram \u0648\u0628\u062f\u0648\u0646 \u062c\u0644\u0628 \u0633\u0639\u0631.
2026-08-09 21:02:30,013 | INFO | scripts.run_trade_updates | Starting trade updates: 2026-08-09T21:02:30.013432+00:00
2026-08-09 21:02:30,016 | INFO | scripts.run_trade_updates | \U0001f50d Session: Late New York Night | Quality: HIGH | Allowed: True
2026-08-09 21:02:30,267 | INFO | DatabaseService | Database connected: Supabase
2026-08-09 21:02:31,346 | INFO | httpx | HTTP Request: GET https://trsmuzekxmpqtvxdkxwe.supabase.co/rest/v1/trades_demo?select=%2A&status=in.%28OPEN%2CPARTIAL%2CTP1_HIT%2CPENDING%29 "HTTP/2 200 OK"
2026-08-09 21:02:31,346 | INFO | scripts.run_trade_updates | Active/pending trades count: 0
2026-08-09 21:02:31,346 | INFO | scripts.run_trade_updates | \u0644\u0627 \u062a\u0648\u062c\u062f \u0635\u0641\u0642\u0627\u062a \u0645\u0641\u062a\u0648\u062d\u0629 \u0623\u0648 \u0623\u0648\u0627\u0645\u0631 \u0645\u0639\u0644\u0642\u0629 — skipping \u062a\u062d\u062f\u064a\u062b \u0627\u0644\u0635\u0641\u0642\u0627\u062a \u0628\u062f\u0648\u0646 Telegram \u0648\u0628\u062f\u0648\u0646 \u062c\u0644\u0628 \u0633\u0639\u0631.
2026-08-09 21:07:31,361 | INFO | scripts.run_trade_updates | Starting trade updates: 2026-08-09T21:07:31.361964+00:00
2026-08-09 21:07:31,361 | INFO | scripts.run_trade_updates | \U0001f50d Session: Late New York Night | Quality: HIGH | Allowed: True
2026-08-09 21:07:31,604 | INFO | DatabaseService | Database connected: Supabase
2026-08-09 21:07:32,683 | INFO | httpx | HTTP Request: GET https://trsmuzekxmpqtvxdkxwe.supabase.co/rest/v1/trades_demo?select=%2A&status=in.%28OPEN%2CPARTIAL%2CTP1_HIT%2CPENDING%29 "HTTP/2 200 OK"
2026-08-09 21:07:32,683 | INFO | scripts.run_trade_updates | Active/pending trades count: 0
2026-08-09 21:07:32,683 | INFO | scripts.run_trade_updates | \u0644\u0627 \u062a\u0648\u062c\u062f \u0635\u0641\u0642\u0627\u062a \u0645\u0641\u062a\u0648\u062d\u0629 \u0623\u0648 \u0623\u0648\u0627\u0645\u0631 \u0645\u0639\u0644\u0642\u0629 — skipping \u062a\u062d\u062f\u064a\u062b \u0627\u0644\u0635\u0641\u0642\u0627\u062a \u0628\u062f\u0648\u0646 Telegram \u0648\u0628\u062f\u0648\u0646 \u062c\u0644\u0628 \u0633\u0639\u0631.
2026-08-09 21:12:32,698 | INFO | scripts.run_trade_updates | Starting trade updates: 2026-08-09T21:12:32.698121+00:00
2026-08-09 21:12:32,698 | INFO | scripts.run_trade_updates | \U0001f50d Session: Late New York Night | Quality: HIGH | Allowed: True
2026-08-09 21:12:32,970 | INFO | DatabaseService | Database connected: Supabase
2026-08-09 21:12:34,081 | INFO | httpx | HTTP Request: GET https://trsmuzekxmpqtvxdkxwe.supabase.co/rest/v1/trades_demo?select=%2A&status=in.%28OPEN%2CPARTIAL%2CTP1_HIT%2CPENDING%29 "HTTP/2 200 OK"
2026-08-09 21:12:34,081 | INFO | scripts.run_trade_updates | Active/pending trades count: 0
2026-08-09 21:12:34,081 | INFO | scripts.run_trade_updates | \u0644\u0627 \u062a\u0648\u062c\u062f \u0635\u0641\u0642\u0627\u062a \u0645\u0641\u062a\u0648\u062d\u0629 \u0623\u0648 \u0623\u0648\u0627\u0645\u0631 \u0645\u0639\u0644\u0642\u0629 — skipping \u062a\u062d\u062f\u064a\u062b \u0627\u0644\u0635\u0641\u0642\u0627\u062a \u0628\u062f\u0648\u0646 Telegram \u0648\u0628\u062f\u0648\u0646 \u062c\u0644\u0628 \u0633\u0639\u0631.
2026-08-09 21:17:34,098 | INFO | scripts.run_trade_updates | Starting trade updates: 2026-08-09T21:17:34.098598+00:00
2026-08-09 21:17:34,098 | INFO | scripts.run_trade_updates | \U0001f50d Session: Late New York Night | Quality: HIGH | Allowed: True
2026-08-09 21:17:34,364 | INFO | DatabaseService | Database connected: Supabase
2026-08-09 21:17:35,401 | INFO | httpx | HTTP Request: GET https://trsmuzekxmpqtvxdkxwe.supabase.co/rest/v1/trades_demo?select=%2A&status=in.%28OPEN%2CPARTIAL%2CTP1_HIT%2CPENDING%29 "HTTP/2 200 OK"
2026-08-09 21:17:35,401 | INFO | scripts.run_trade_updates | Active/pending trades count: 0
2026-08-09 21:17:35,401 | INFO | scripts.run_trade_updates | \u0644\u0627 \u062a\u0648\u062c\u062f \u0635\u0641\u0642\u0627\u062a \u0645\u0641\u062a\u0648\u062d\u0629 \u0623\u0648 \u0623\u0648\u0627\u0645\u0631 \u0645\u0639\u0644\u0642\u0629 — skipping \u062a\u062d\u062f\u064a\u062b \u0627\u0644\u0635\u0641\u0642\u0627\u062a \u0628\u062f\u0648\u0646 Telegram \u0648\u0628\u062f\u0648\u0646 \u062c\u0644\u0628 \u0633\u0639\u0631.
2026-08-09 21:22:35,417 | INFO | scripts.run_trade_updates | Starting trade updates: 2026-08-09T21:22:35.417737+00:00
2026-08-09 21:22:35,417 | INFO | scripts.run_trade_updates | \U0001f50d Session: Late New York Night | Quality: HIGH | Allowed: True
2026-08-09 21:22:35,661 | INFO | DatabaseService | Database connected: Supabase
2026-08-09 21:22:36,648 | INFO | httpx | HTTP Request: GET https://trsmuzekxmpqtvxdkxwe.supabase.co/rest/v1/trades_demo?select=%2A&status=in.%28OPEN%2CPARTIAL%2CTP1_HIT%2CPENDING%29 "HTTP/2 200 OK"
2026-08-09 21:22:36,648 | INFO | scripts.run_trade_updates | Active/pending trades count: 0
2026-08-09 21:22:36,648 | INFO | scripts.run_trade_updates | \u0644\u0627 \u062a\u0648\u062c\u062f \u0635\u0641\u0642\u0627\u062a \u0645\u0641\u062a\u0648\u062d\u0629 \u0623\u0648 \u0623\u0648\u0627\u0645\u0631 \u0645\u0639\u0644\u0642\u0629 — skipping \u062a\u062d\u062f\u064a\u062b \u0627\u0644\u0635\u0641\u0642\u0627\u062a \u0628\u062f\u0648\u0646 Telegram \u0648\u0628\u062f\u0648\u0646 \u062c\u0644\u0628 \u0633\u0639\u0631.
2026-08-09 21:27:36,662 | INFO | scripts.run_trade_updates | Starting trade updates: 2026-08-09T21:27:36.662353+00:00
2026-08-09 21:27:36,666 | INFO | scripts.run_trade_updates | \U0001f50d Session: Late New York Night | Quality: HIGH | Allowed: True
2026-08-09 21:27:36,917 | INFO | DatabaseService | Database connected: Supabase
2026-08-09 21:27:37,949 | INFO | httpx | HTTP Request: GET https://trsmuzekxmpqtvxdkxwe.supabase.co/rest/v1/trades_demo?select=%2A&status=in.%28OPEN%2CPARTIAL%2CTP1_HIT%2CPENDING%29 "HTTP/2 200 OK"
2026-08-09 21:27:37,949 | INFO | scripts.run_trade_updates | Active/pending trades count: 0
2026-08-09 21:27:37,949 | INFO | scripts.run_trade_updates | \u0644\u0627 \u062a\u0648\u062c\u062f \u0635\u0641\u0642\u0627\u062a \u0645\u0641\u062a\u0648\u062d\u0629 \u0623\u0648 \u0623\u0648\u0627\u0645\u0631 \u0645\u0639\u0644\u0642\u0629 — skipping \u062a\u062d\u062f\u064a\u062b \u0627\u0644\u0635\u0641\u0642\u0627\u062a \u0628\u062f\u0648\u0646 Telegram \u0648\u0628\u062f\u0648\u0646 \u062c\u0644\u0628 \u0633\u0639\u0631.
2026-08-09 21:32:37,964 | INFO | scripts.run_trade_updates | Starting trade updates: 2026-08-09T21:32:37.964570+00:00
2026-08-09 21:32:37,964 | INFO | scripts.run_trade_updates | \U0001f50d Session: Late New York Night | Quality: HIGH | Allowed: True
2026-08-09 21:32:38,182 | INFO | DatabaseService | Database connected: Supabase
2026-08-09 21:32:39,198 | INFO | httpx | HTTP Request: GET https://trsmuzekxmpqtvxdkxwe.supabase.co/rest/v1/trades_demo?select=%2A&status=in.%28OPEN%2CPARTIAL%2CTP1_HIT%2CPENDING%29 "HTTP/2 200 OK"
2026-08-09 21:32:39,198 | INFO | scripts.run_trade_updates | Active/pending trades count: 0
2026-08-09 21:32:39,198 | INFO | scripts.run_trade_updates | \u0644\u0627 \u062a\u0648\u062c\u062f \u0635\u0641\u0642\u0627\u062a \u0645\u0641\u062a\u0648\u062d\u0629 \u0623\u0648 \u0623\u0648\u0627\u0645\u0631 \u0645\u0639\u0644\u0642\u0629 — skipping \u062a\u062d\u062f\u064a\u062b \u0627\u0644\u0635\u0641\u0642\u0627\u062a \u0628\u062f\u0648\u0646 Telegram \u0648\u0628\u062f\u0648\u0646 \u062c\u0644\u0628 \u0633\u0639\u0631.
2026-08-09 21:37:39,208 | INFO | scripts.run_trade_updates | Starting trade updates: 2026-08-09T21:37:39.208050+00:00
2026-08-09 21:37:39,213 | INFO | scripts.run_trade_updates | \U0001f50d Session: Late New York Night | Quality: HIGH | Allowed: True
2026-08-09 21:37:39,464 | INFO | DatabaseService | Database connected: Supabase
2026-08-09 21:37:40,480 | INFO | httpx | HTTP Request: GET https://trsmuzekxmpqtvxdkxwe.supabase.co/rest/v1/trades_demo?select=%2A&status=in.%28OPEN%2CPARTIAL%2CTP1_HIT%2CPENDING%29 "HTTP/2 200 OK"
2026-08-09 21:37:40,480 | INFO | scripts.run_trade_updates | Active/pending trades count: 0
2026-08-09 21:37:40,480 | INFO | scripts.run_trade_updates | \u0644\u0627 \u062a\u0648\u062c\u062f \u0635\u0641\u0642\u0627\u062a \u0645\u0641\u062a\u0648\u062d\u0629 \u0623\u0648 \u0623\u0648\u0627\u0645\u0631 \u0645\u0639\u0644\u0642\u0629 — skipping \u062a\u062d\u062f\u064a\u062b \u0627\u0644\u0635\u0641\u0642\u0627\u062a \u0628\u062f\u0648\u0646 Telegram \u0648\u0628\u062f\u0648\u0646 \u062c\u0644\u0628 \u0633\u0639\u0631.
2026-08-09 21:42:40,494 | INFO | scripts.run_trade_updates | Starting trade updates: 2026-08-09T21:42:40.494563+00:00
2026-08-09 21:42:40,494 | INFO | scripts.run_trade_updates | \U0001f50d Session: Late New York Night | Quality: HIGH | Allowed: True
2026-08-09 21:42:40,707 | INFO | DatabaseService | Database connected: Supabase
2026-08-09 21:42:41,681 | INFO | httpx | HTTP Request: GET https://trsmuzekxmpqtvxdkxwe.supabase.co/rest/v1/trades_demo?select=%2A&status=in.%28OPEN%2CPARTIAL%2CTP1_HIT%2CPENDING%29 "HTTP/2 200 OK"
2026-08-09 21:42:41,681 | INFO | scripts.run_trade_updates | Active/pending trades count: 0
2026-08-09 21:42:41,681 | INFO | scripts.run_trade_updates | \u0644\u0627 \u062a\u0648\u062c\u062f \u0635\u0641\u0642\u0627\u062a \u0645\u0641\u062a\u0648\u062d\u0629 \u0623\u0648 \u0623\u0648\u0627\u0645\u0631 \u0645\u0639\u0644\u0642\u0629 — skipping \u062a\u062d\u062f\u064a\u062b \u0627\u0644\u0635\u0641\u0642\u0627\u062a \u0628\u062f\u0648\u0646 Telegram \u0648\u0628\u062f\u0648\u0646 \u062c\u0644\u0628 \u0633\u0639\u0631.
2026-08-09 21:47:41,691 | INFO | scripts.run_trade_updates | Starting trade updates: 2026-08-09T21:47:41.691896+00:00
2026-08-09 21:47:41,691 | INFO | scripts.run_trade_updates | \U0001f50d Session: Late New York Night | Quality: HIGH | Allowed: True
2026-08-09 21:47:41,908 | INFO | DatabaseService | Database connected: Supabase
2026-08-09 21:47:42,440 | INFO | httpx | HTTP Request: GET https://trsmuzekxmpqtvxdkxwe.supabase.co/rest/v1/trades_demo?select=%2A&status=in.%28OPEN%2CPARTIAL%2CTP1_HIT%2CPENDING%29 "HTTP/2 200 OK"
2026-08-09 21:47:42,440 | INFO | scripts.run_trade_updates | Active/pending trades count: 0
2026-08-09 21:47:42,440 | INFO | scripts.run_trade_updates | \u0644\u0627 \u062a\u0648\u062c\u062f \u0635\u0641\u0642\u0627\u062a \u0645\u0641\u062a\u0648\u062d\u0629 \u0623\u0648 \u0623\u0648\u0627\u0645\u0631 \u0645\u0639\u0644\u0642\u0629 — skipping \u062a\u062d\u062f\u064a\u062b \u0627\u0644\u0635\u0641\u0642\u0627\u062a \u0628\u062f\u0648\u0646 Telegram \u0648\u0628\u062f\u0648\u0646 \u062c\u0644\u0628 \u0633\u0639\u0631.
2026-08-09 21:52:42,445 | INFO | scripts.run_trade_updates | Starting trade updates: 2026-08-09T21:52:42.445527+00:00
2026-08-09 21:52:42,445 | INFO | scripts.run_trade_updates | \U0001f50d Session: Late New York Night | Quality: HIGH | Allowed: True
2026-08-09 21:52:42,704 | INFO | DatabaseService | Database connected: Supabase
2026-08-09 21:52:43,741 | INFO | httpx | HTTP Request: GET https://trsmuzekxmpqtvxdkxwe.supabase.co/rest/v1/trades_demo?select=%2A&status=in.%28OPEN%2CPARTIAL%2CTP1_HIT%2CPENDING%29 "HTTP/2 200 OK"
2026-08-09 21:52:43,741 | INFO | scripts.run_trade_updates | Active/pending trades count: 0
2026-08-09 21:52:43,741 | INFO | scripts.run_trade_updates | \u0644\u0627 \u062a\u0648\u062c\u062f \u0635\u0641\u0642\u0627\u062a \u0645\u0641\u062a\u0648\u062d\u0629 \u0623\u0648 \u0623\u0648\u0627\u0645\u0631 \u0645\u0639\u0644\u0642\u0629 — skipping \u062a\u062d\u062f\u064a\u062b \u0627\u0644\u0635\u0641\u0642\u0627\u062a \u0628\u062f\u0648\u0646 Telegram \u0648\u0628\u062f\u0648\u0646 \u062c\u0644\u0628 \u0633\u0639\u0631.
2026-08-09 21:57:43,747 | INFO | scripts.run_trade_updates | Starting trade updates: 2026-08-09T21:57:43.747295+00:00
2026-08-09 21:57:43,747 | INFO | scripts.run_trade_updates | \U0001f50d Session: Late New York Night | Quality: HIGH | Allowed: True
2026-08-09 21:57:43,946 | INFO | DatabaseService | Database connected: Supabase
2026-08-09 21:57:44,931 | INFO | httpx | HTTP Request: GET https://trsmuzekxmpqtvxdkxwe.supabase.co/rest/v1/trades_demo?select=%2A&status=in.%28OPEN%2CPARTIAL%2CTP1_HIT%2CPENDING%29 "HTTP/2 200 OK"
2026-08-09 21:57:44,931 | INFO | scripts.run_trade_updates | Active/pending trades count: 0
2026-08-09 21:57:44,931 | INFO | scripts.run_trade_updates | \u0644\u0627 \u062a\u0648\u062c\u062f \u0635\u0641\u0642\u0627\u062a \u0645\u0641\u062a\u0648\u062d\u0629 \u0623\u0648 \u0623\u0648\u0627\u0645\u0631 \u0645\u0639\u0644\u0642\u0629 — skipping \u062a\u062d\u062f\u064a\u062b \u0627\u0644\u0635\u0641\u0642\u0627\u062a \u0628\u062f\u0648\u0646 Telegram \u0648\u0628\u062f\u0648\u0646 \u062c\u0644\u0628 \u0633\u0639\u0631.
2026-08-09 22:02:44,936 | INFO | scripts.run_trade_updates | Starting trade updates: 2026-08-09T22:02:44.936458+00:00
2026-08-09 22:02:44,943 | INFO | scripts.run_trade_updates | \U0001f50d Session: Late New York Night | Quality: HIGH | Allowed: True
2026-08-09 22:02:45,209 | INFO | DatabaseService | Database connected: Supabase
2026-08-09 22:02:46,241 | INFO | httpx | HTTP Request: GET https://trsmuzekxmpqtvxdkxwe.supabase.co/rest/v1/trades_demo?select=%2A&status=in.%28OPEN%2CPARTIAL%2CTP1_HIT%2CPENDING%29 "HTTP/2 200 OK"
2026-08-09 22:02:46,241 | INFO | scripts.run_trade_updates | Active/pending trades count: 0
2026-08-09 22:02:46,241 | INFO | scripts.run_trade_updates | \u0644\u0627 \u062a\u0648\u062c\u062f \u0635\u0641\u0642\u0627\u062a \u0645\u0641\u062a\u0648\u062d\u0629 \u0623\u0648 \u0623\u0648\u0627\u0645\u0631 \u0645\u0639\u0644\u0642\u0629 — skipping \u062a\u062d\u062f\u064a\u062b \u0627\u0644\u0635\u0641\u0642\u0627\u062a \u0628\u062f\u0648\u0646 Telegram \u0648\u0628\u062f\u0648\u0646 \u062c\u0644\u0628 \u0633\u0639\u0631.
2026-08-09 22:07:46,247 | INFO | scripts.run_trade_updates | Starting trade updates: 2026-08-09T22:07:46.247403+00:00
2026-08-09 22:07:46,247 | INFO | scripts.run_trade_updates | \U0001f50d Session: Late New York Night | Quality: HIGH | Allowed: True
2026-08-09 22:07:46,462 | INFO | DatabaseService | Database connected: Supabase
2026-08-09 22:07:47,550 | INFO | httpx | HTTP Request: GET https://trsmuzekxmpqtvxdkxwe.supabase.co/rest/v1/trades_demo?select=%2A&status=in.%28OPEN%2CPARTIAL%2CTP1_HIT%2CPENDING%29 "HTTP/2 200 OK"
2026-08-09 22:07:47,550 | INFO | scripts.run_trade_updates | Active/pending trades count: 0
2026-08-09 22:07:47,550 | INFO | scripts.run_trade_updates | \u0644\u0627 \u062a\u0648\u062c\u062f \u0635\u0641\u0642\u0627\u062a \u0645\u0641\u062a\u0648\u062d\u0629 \u0623\u0648 \u0623\u0648\u0627\u0645\u0631 \u0645\u0639\u0644\u0642\u0629 — skipping \u062a\u062d\u062f\u064a\u062b \u0627\u0644\u0635\u0641\u0642\u0627\u062a \u0628\u062f\u0648\u0646 Telegram \u0648\u0628\u062f\u0648\u0646 \u062c\u0644\u0628 \u0633\u0639\u0631.
2026-08-09 22:12:47,561 | INFO | scripts.run_trade_updates | Starting trade updates: 2026-08-09T22:12:47.561429+00:00
2026-08-09 22:12:47,574 | INFO | scripts.run_trade_updates | \U0001f50d Session: Late New York Night | Quality: HIGH | Allowed: True
2026-08-09 22:12:47,841 | INFO | DatabaseService | Database connected: Supabase
2026-08-09 22:12:48,967 | INFO | httpx | HTTP Request: GET https://trsmuzekxmpqtvxdkxwe.supabase.co/rest/v1/trades_demo?select=%2A&status=in.%28OPEN%2CPARTIAL%2CTP1_HIT%2CPENDING%29 "HTTP/2 200 OK"
2026-08-09 22:12:48,967 | INFO | scripts.run_trade_updates | Active/pending trades count: 0
2026-08-09 22:12:48,967 | INFO | scripts.run_trade_updates | \u0644\u0627 \u062a\u0648\u062c\u062f \u0635\u0641\u0642\u0627\u062a \u0645\u0641\u062a\u0648\u062d\u0629 \u0623\u0648 \u0623\u0648\u0627\u0645\u0631 \u0645\u0639\u0644\u0642\u0629 — skipping \u062a\u062d\u062f\u064a\u062b \u0627\u0644\u0635\u0641\u0642\u0627\u062a \u0628\u062f\u0648\u0646 Telegram \u0648\u0628\u062f\u0648\u0646 \u062c\u0644\u0628 \u0633\u0639\u0631.
2026-08-09 22:17:48,985 | INFO | scripts.run_trade_updates | Starting trade updates: 2026-08-09T22:17:48.985610+00:00
2026-08-09 22:17:48,990 | INFO | scripts.run_trade_updates | \U0001f50d Session: Late New York Night | Quality: HIGH | Allowed: True
2026-08-09 22:17:49,835 | INFO | DatabaseService | Database connected: Supabase
2026-08-09 22:17:51,200 | INFO | httpx | HTTP Request: GET https://trsmuzekxmpqtvxdkxwe.supabase.co/rest/v1/trades_demo?select=%2A&status=in.%28OPEN%2CPARTIAL%2CTP1_HIT%2CPENDING%29 "HTTP/2 200 OK"
2026-08-09 22:17:51,200 | INFO | scripts.run_trade_updates | Active/pending trades count: 0
2026-08-09 22:17:51,200 | INFO | scripts.run_trade_updates | \u0644\u0627 \u062a\u0648\u062c\u062f \u0635\u0641\u0642\u0627\u062a \u0645\u0641\u062a\u0648\u062d\u0629 \u0623\u0648 \u0623\u0648\u0627\u0645\u0631 \u0645\u0639\u0644\u0642\u0629 — skipping \u062a\u062d\u062f\u064a\u062b \u0627\u0644\u0635\u0641\u0642\u0627\u062a \u0628\u062f\u0648\u0646 Telegram \u0648\u0628\u062f\u0648\u0646 \u062c\u0644\u0628 \u0633\u0639\u0631.
2026-08-09 22:22:51,206 | INFO | scripts.run_trade_updates | Starting trade updates: 2026-08-09T22:22:51.206003+00:00
2026-08-09 22:22:51,206 | INFO | scripts.run_trade_updates | \U0001f50d Session: Late New York Night | Quality: HIGH | Allowed: True
2026-08-09 22:22:51,497 | INFO | DatabaseService | Database connected: Supabase
2026-08-09 22:22:52,561 | INFO | httpx | HTTP Request: GET https://trsmuzekxmpqtvxdkxwe.supabase.co/rest/v1/trades_demo?select=%2A&status=in.%28OPEN%2CPARTIAL%2CTP1_HIT%2CPENDING%29 "HTTP/2 200 OK"
2026-08-09 22:22:52,561 | INFO | scripts.run_trade_updates | Active/pending trades count: 0
2026-08-09 22:22:52,561 | INFO | scripts.run_trade_updates | \u0644\u0627 \u062a\u0648\u062c\u062f \u0635\u0641\u0642\u0627\u062a \u0645\u0641\u062a\u0648\u062d\u0629 \u0623\u0648 \u0623\u0648\u0627\u0645\u0631 \u0645\u0639\u0644\u0642\u0629 — skipping \u062a\u062d\u062f\u064a\u062b \u0627\u0644\u0635\u0641\u0642\u0627\u062a \u0628\u062f\u0648\u0646 Telegram \u0648\u0628\u062f\u0648\u0646 \u062c\u0644\u0628 \u0633\u0639\u0631.
2026-08-09 22:27:52,579 | INFO | scripts.run_trade_updates | Starting trade updates: 2026-08-09T22:27:52.579097+00:00
2026-08-09 22:27:52,579 | INFO | scripts.run_trade_updates | \U0001f50d Session: Late New York Night | Quality: HIGH | Allowed: True
2026-08-09 22:27:52,866 | INFO | DatabaseService | Database connected: Supabase
2026-08-09 22:27:53,911 | INFO | httpx | HTTP Request: GET https://trsmuzekxmpqtvxdkxwe.supabase.co/rest/v1/trades_demo?select=%2A&status=in.%28OPEN%2CPARTIAL%2CTP1_HIT%2CPENDING%29 "HTTP/2 200 OK"
2026-08-09 22:27:53,911 | INFO | scripts.run_trade_updates | Active/pending trades count: 0
2026-08-09 22:27:53,911 | INFO | scripts.run_trade_updates | \u0644\u0627 \u062a\u0648\u062c\u062f \u0635\u0641\u0642\u0627\u062a \u0645\u0641\u062a\u0648\u062d\u0629 \u0623\u0648 \u0623\u0648\u0627\u0645\u0631 \u0645\u0639\u0644\u0642\u0629 — skipping \u062a\u062d\u062f\u064a\u062b \u0627\u0644\u0635\u0641\u0642\u0627\u062a \u0628\u062f\u0648\u0646 Telegram \u0648\u0628\u062f\u0648\u0646 \u062c\u0644\u0628 \u0633\u0639\u0631.
2026-08-09 22:32:53,916 | INFO | scripts.run_trade_updates | Starting trade updates: 2026-08-09T22:32:53.916840+00:00
2026-08-09 22:32:53,920 | INFO | scripts.run_trade_updates | \U0001f50d Session: Late New York Night | Quality: HIGH | Allowed: True
2026-08-09 22:32:54,239 | INFO | DatabaseService | Database connected: Supabase
2026-08-09 22:32:55,331 | INFO | httpx | HTTP Request: GET https://trsmuzekxmpqtvxdkxwe.supabase.co/rest/v1/trades_demo?select=%2A&status=in.%28OPEN%2CPARTIAL%2CTP1_HIT%2CPENDING%29 "HTTP/2 200 OK"
2026-08-09 22:32:55,331 | INFO | scripts.run_trade_updates | Active/pending trades count: 0
2026-08-09 22:32:55,331 | INFO | scripts.run_trade_updates | \u0644\u0627 \u062a\u0648\u062c\u062f \u0635\u0641\u0642\u0627\u062a \u0645\u0641\u062a\u0648\u062d\u0629 \u0623\u0648 \u0623\u0648\u0627\u0645\u0631 \u0645\u0639\u0644\u0642\u0629 — skipping \u062a\u062d\u062f\u064a\u062b \u0627\u0644\u0635\u0641\u0642\u0627\u062a \u0628\u062f\u0648\u0646 Telegram \u0648\u0628\u062f\u0648\u0646 \u062c\u0644\u0628 \u0633\u0639\u0631.
2026-08-09 22:37:55,342 | INFO | scripts.run_trade_updates | Starting trade updates: 2026-08-09T22:37:55.342333+00:00
2026-08-09 22:37:55,348 | INFO | scripts.run_trade_updates | \U0001f50d Session: Late New York Night | Quality: HIGH | Allowed: True
2026-08-09 22:37:55,583 | INFO | DatabaseService | Database connected: Supabase
2026-08-09 22:37:56,603 | INFO | httpx | HTTP Request: GET https://trsmuzekxmpqtvxdkxwe.supabase.co/rest/v1/trades_demo?select=%2A&status=in.%28OPEN%2CPARTIAL%2CTP1_HIT%2CPENDING%29 "HTTP/2 200 OK"
2026-08-09 22:37:56,603 | INFO | scripts.run_trade_updates | Active/pending trades count: 0
2026-08-09 22:37:56,603 | INFO | scripts.run_trade_updates | \u0644\u0627 \u062a\u0648\u062c\u062f \u0635\u0641\u0642\u0627\u062a \u0645\u0641\u062a\u0648\u062d\u0629 \u0623\u0648 \u0623\u0648\u0627\u0645\u0631 \u0645\u0639\u0644\u0642\u0629 — skipping \u062a\u062d\u062f\u064a\u062b \u0627\u0644\u0635\u0641\u0642\u0627\u062a \u0628\u062f\u0648\u0646 Telegram \u0648\u0628\u062f\u0648\u0646 \u062c\u0644\u0628 \u0633\u0639\u0631.
2026-08-09 22:42:56,604 | INFO | scripts.run_trade_updates | Starting trade updates: 2026-08-09T22:42:56.604407+00:00
2026-08-09 22:42:56,604 | INFO | scripts.run_trade_updates | \U0001f50d Session: Late New York Night | Quality: HIGH | Allowed: True
2026-08-09 22:42:56,836 | INFO | DatabaseService | Database connected: Supabase
2026-08-09 22:42:57,868 | INFO | httpx | HTTP Request: GET https://trsmuzekxmpqtvxdkxwe.supabase.co/rest/v1/trades_demo?select=%2A&status=in.%28OPEN%2CPARTIAL%2CTP1_HIT%2CPENDING%29 "HTTP/2 200 OK"
2026-08-09 22:42:57,868 | INFO | scripts.run_trade_updates | Active/pending trades count: 0
2026-08-09 22:42:57,868 | INFO | scripts.run_trade_updates | \u0644\u0627 \u062a\u0648\u062c\u062f \u0635\u0641\u0642\u0627\u062a \u0645\u0641\u062a\u0648\u062d\u0629 \u0623\u0648 \u0623\u0648\u0627\u0645\u0631 \u0645\u0639\u0644\u0642\u0629 — skipping \u062a\u062d\u062f\u064a\u062b \u0627\u0644\u0635\u0641\u0642\u0627\u062a \u0628\u062f\u0648\u0646 Telegram \u0648\u0628\u062f\u0648\u0646 \u062c\u0644\u0628 \u0633\u0639\u0631.
2026-08-09 22:47:57,884 | INFO | scripts.run_trade_updates | Starting trade updates: 2026-08-09T22:47:57.884301+00:00
2026-08-09 22:47:57,923 | INFO | scripts.run_trade_updates | \U0001f50d Session: Late New York Night | Quality: HIGH | Allowed: True
2026-08-09 22:47:58,358 | INFO | DatabaseService | Database connected: Supabase
2026-08-09 22:47:59,619 | INFO | httpx | HTTP Request: GET https://trsmuzekxmpqtvxdkxwe.supabase.co/rest/v1/trades_demo?select=%2A&status=in.%28OPEN%2CPARTIAL%2CTP1_HIT%2CPENDING%29 "HTTP/2 200 OK"
2026-08-09 22:47:59,635 | INFO | scripts.run_trade_updates | Active/pending trades count: 0
2026-08-09 22:47:59,635 | INFO | scripts.run_trade_updates | \u0644\u0627 \u062a\u0648\u062c\u062f \u0635\u0641\u0642\u0627\u062a \u0645\u0641\u062a\u0648\u062d\u0629 \u0623\u0648 \u0623\u0648\u0627\u0645\u0631 \u0645\u0639\u0644\u0642\u0629 — skipping \u062a\u062d\u062f\u064a\u062b \u0627\u0644\u0635\u0641\u0642\u0627\u062a \u0628\u062f\u0648\u0646 Telegram \u0648\u0628\u062f\u0648\u0646 \u062c\u0644\u0628 \u0633\u0639\u0631.
2026-08-09 22:52:59,652 | INFO | scripts.run_trade_updates | Starting trade updates: 2026-08-09T22:52:59.652488+00:00
2026-08-09 22:52:59,655 | INFO | scripts.run_trade_updates | \U0001f50d Session: Late New York Night | Quality: HIGH | Allowed: True
2026-08-09 22:52:59,905 | INFO | DatabaseService | Database connected: Supabase
2026-08-09 22:53:01,098 | INFO | httpx | HTTP Request: GET https://trsmuzekxmpqtvxdkxwe.supabase.co/rest/v1/trades_demo?select=%2A&status=in.%28OPEN%2CPARTIAL%2CTP1_HIT%2CPENDING%29 "HTTP/2 200 OK"
2026-08-09 22:53:01,114 | INFO | scripts.run_trade_updates | Active/pending trades count: 0
2026-08-09 22:53:01,114 | INFO | scripts.run_trade_updates | \u0644\u0627 \u062a\u0648\u062c\u062f \u0635\u0641\u0642\u0627\u062a \u0645\u0641\u062a\u0648\u062d\u0629 \u0623\u0648 \u0623\u0648\u0627\u0645\u0631 \u0645\u0639\u0644\u0642\u0629 — skipping \u062a\u062d\u062f\u064a\u062b \u0627\u0644\u0635\u0641\u0642\u0627\u062a \u0628\u062f\u0648\u0646 Telegram \u0648\u0628\u062f\u0648\u0646 \u062c\u0644\u0628 \u0633\u0639\u0631.
2026-08-09 22:58:01,171 | INFO | scripts.run_trade_updates | Starting trade updates: 2026-08-09T22:58:01.134163+00:00
2026-08-09 22:58:01,336 | INFO | scripts.run_trade_updates | \U0001f50d Session: Late New York Night | Quality: HIGH | Allowed: True
2026-08-09 22:58:02,196 | INFO | DatabaseService | Database connected: Supabase
2026-08-09 22:58:03,545 | INFO | httpx | HTTP Request: GET https://trsmuzekxmpqtvxdkxwe.supabase.co/rest/v1/trades_demo?select=%2A&status=in.%28OPEN%2CPARTIAL%2CTP1_HIT%2CPENDING%29 "HTTP/2 200 OK"
2026-08-09 22:58:03,563 | INFO | scripts.run_trade_updates | Active/pending trades count: 0
2026-08-09 22:58:03,563 | INFO | scripts.run_trade_updates | \u0644\u0627 \u062a\u0648\u062c\u062f \u0635\u0641\u0642\u0627\u062a \u0645\u0641\u062a\u0648\u062d\u0629 \u0623\u0648 \u0623\u0648\u0627\u0645\u0631 \u0645\u0639\u0644\u0642\u0629 — skipping \u062a\u062d\u062f\u064a\u062b \u0627\u0644\u0635\u0641\u0642\u0627\u062a \u0628\u062f\u0648\u0646 Telegram \u0648\u0628\u062f\u0648\u0646 \u062c\u0644\u0628 \u0633\u0639\u0631.
2026-08-09 23:03:03,569 | INFO | scripts.run_trade_updates | Starting trade updates: 2026-08-09T23:03:03.569512+00:00
2026-08-09 23:03:03,575 | INFO | scripts.run_trade_updates | \U0001f50d Session: Late New York Night | Quality: HIGH | Allowed: True
2026-08-09 23:03:03,933 | INFO | DatabaseService | Database connected: Supabase
2026-08-09 23:03:05,717 | INFO | httpx | HTTP Request: GET https://trsmuzekxmpqtvxdkxwe.supabase.co/rest/v1/trades_demo?select=%2A&status=in.%28OPEN%2CPARTIAL%2CTP1_HIT%2CPENDING%29 "HTTP/2 200 OK"
2026-08-09 23:03:05,718 | INFO | scripts.run_trade_updates | Active/pending trades count: 0
2026-08-09 23:03:05,718 | INFO | scripts.run_trade_updates | \u0644\u0627 \u062a\u0648\u062c\u062f \u0635\u0641\u0642\u0627\u062a \u0645\u0641\u062a\u0648\u062d\u0629 \u0623\u0648 \u0623\u0648\u0627\u0645\u0631 \u0645\u0639\u0644\u0642\u0629 — skipping \u062a\u062d\u062f\u064a\u062b \u0627\u0644\u0635\u0641\u0642\u0627\u062a \u0628\u062f\u0648\u0646 Telegram \u0648\u0628\u062f\u0648\u0646 \u062c\u0644\u0628 \u0633\u0639\u0631.
2026-08-09 23:08:05,721 | INFO | scripts.run_trade_updates | Starting trade updates: 2026-08-09T23:08:05.721596+00:00
2026-08-09 23:08:05,726 | INFO | scripts.run_trade_updates | \U0001f50d Session: Late New York Night | Quality: HIGH | Allowed: True
2026-08-09 23:08:05,952 | INFO | DatabaseService | Database connected: Supabase
2026-08-09 23:08:07,015 | INFO | httpx | HTTP Request: GET https://trsmuzekxmpqtvxdkxwe.supabase.co/rest/v1/trades_demo?select=%2A&status=in.%28OPEN%2CPARTIAL%2CTP1_HIT%2CPENDING%29 "HTTP/2 200 OK"
2026-08-09 23:08:07,018 | INFO | scripts.run_trade_updates | Active/pending trades count: 0
2026-08-09 23:08:07,018 | INFO | scripts.run_trade_updates | \u0644\u0627 \u062a\u0648\u062c\u062f \u0635\u0641\u0642\u0627\u062a \u0645\u0641\u062a\u0648\u062d\u0629 \u0623\u0648 \u0623\u0648\u0627\u0645\u0631 \u0645\u0639\u0644\u0642\u0629 — skipping \u062a\u062d\u062f\u064a\u062b \u0627\u0644\u0635\u0641\u0642\u0627\u062a \u0628\u062f\u0648\u0646 Telegram \u0648\u0628\u062f\u0648\u0646 \u062c\u0644\u0628 \u0633\u0639\u0631.
2026-08-09 23:13:07,020 | INFO | scripts.run_trade_updates | Starting trade updates: 2026-08-09T23:13:07.020036+00:00
2026-08-09 23:13:07,126 | INFO | scripts.run_trade_updates | \U0001f50d Session: \u062e\u0627\u0631\u062c Session | Quality: UNKNOWN | Allowed: True
2026-08-09 23:13:07,369 | INFO | DatabaseService | Database connected: Supabase
2026-08-09 23:13:08,432 | INFO | httpx | HTTP Request: GET https://trsmuzekxmpqtvxdkxwe.supabase.co/rest/v1/trades_demo?select=%2A&status=in.%28OPEN%2CPARTIAL%2CTP1_HIT%2CPENDING%29 "HTTP/2 200 OK"
2026-08-09 23:13:08,433 | INFO | scripts.run_trade_updates | Active/pending trades count: 0
2026-08-09 23:13:08,433 | INFO | scripts.run_trade_updates | \u0644\u0627 \u062a\u0648\u062c\u062f \u0635\u0641\u0642\u0627\u062a \u0645\u0641\u062a\u0648\u062d\u0629 \u0623\u0648 \u0623\u0648\u0627\u0645\u0631 \u0645\u0639\u0644\u0642\u0629 — skipping \u062a\u062d\u062f\u064a\u062b \u0627\u0644\u0635\u0641\u0642\u0627\u062a \u0628\u062f\u0648\u0646 Telegram \u0648\u0628\u062f\u0648\u0646 \u062c\u0644\u0628 \u0633\u0639\u0631.
2026-08-09 23:18:08,439 | INFO | scripts.run_trade_updates | Starting trade updates: 2026-08-09T23:18:08.439849+00:00
2026-08-09 23:18:08,439 | INFO | scripts.run_trade_updates | \U0001f50d Session: \u062e\u0627\u0631\u062c Session | Quality: UNKNOWN | Allowed: True
2026-08-09 23:18:08,705 | INFO | DatabaseService | Database connected: Supabase
2026-08-09 23:18:09,751 | INFO | httpx | HTTP Request: GET https://trsmuzekxmpqtvxdkxwe.supabase.co/rest/v1/trades_demo?select=%2A&status=in.%28OPEN%2CPARTIAL%2CTP1_HIT%2CPENDING%29 "HTTP/2 200 OK"
2026-08-09 23:18:09,752 | INFO | scripts.run_trade_updates | Active/pending trades count: 0
2026-08-09 23:18:09,752 | INFO | scripts.run_trade_updates | \u0644\u0627 \u062a\u0648\u062c\u062f \u0635\u0641\u0642\u0627\u062a \u0645\u0641\u062a\u0648\u062d\u0629 \u0623\u0648 \u0623\u0648\u0627\u0645\u0631 \u0645\u0639\u0644\u0642\u0629 — skipping \u062a\u062d\u062f\u064a\u062b \u0627\u0644\u0635\u0641\u0642\u0627\u062a \u0628\u062f\u0648\u0646 Telegram \u0648\u0628\u062f\u0648\u0646 \u062c\u0644\u0628 \u0633\u0639\u0631.
2026-08-09 23:23:09,753 | INFO | scripts.run_trade_updates | Starting trade updates: 2026-08-09T23:23:09.753893+00:00
2026-08-09 23:23:09,762 | INFO | scripts.run_trade_updates | \U0001f50d Session: Late New York Night | Quality: HIGH | Allowed: True
2026-08-09 23:23:10,044 | INFO | DatabaseService | Database connected: Supabase
2026-08-09 23:23:11,081 | INFO | httpx | HTTP Request: GET https://trsmuzekxmpqtvxdkxwe.supabase.co/rest/v1/trades_demo?select=%2A&status=in.%28OPEN%2CPARTIAL%2CTP1_HIT%2CPENDING%29 "HTTP/2 200 OK"
2026-08-09 23:23:11,081 | INFO | scripts.run_trade_updates | Active/pending trades count: 0
2026-08-09 23:23:11,081 | INFO | scripts.run_trade_updates | \u0644\u0627 \u062a\u0648\u062c\u062f \u0635\u0641\u0642\u0627\u062a \u0645\u0641\u062a\u0648\u062d\u0629 \u0623\u0648 \u0623\u0648\u0627\u0645\u0631 \u0645\u0639\u0644\u0642\u0629 — skipping \u062a\u062d\u062f\u064a\u062b \u0627\u0644\u0635\u0641\u0642\u0627\u062a \u0628\u062f\u0648\u0646 Telegram \u0648\u0628\u062f\u0648\u0646 \u062c\u0644\u0628 \u0633\u0639\u0631.
2026-08-09 23:28:11,091 | INFO | scripts.run_trade_updates | Starting trade updates: 2026-08-09T23:28:11.088522+00:00
2026-08-09 23:28:11,109 | INFO | scripts.run_trade_updates | \U0001f50d Session: Late New York Night | Quality: HIGH | Allowed: True
2026-08-09 23:28:11,407 | INFO | DatabaseService | Database connected: Supabase
2026-08-09 23:28:12,023 | INFO | httpx | HTTP Request: GET https://trsmuzekxmpqtvxdkxwe.supabase.co/rest/v1/trades_demo?select=%2A&status=in.%28OPEN%2CPARTIAL%2CTP1_HIT%2CPENDING%29 "HTTP/2 200 OK"
2026-08-09 23:28:12,025 | INFO | scripts.run_trade_updates | Active/pending trades count: 0
2026-08-09 23:28:12,025 | INFO | scripts.run_trade_updates | \u0644\u0627 \u062a\u0648\u062c\u062f \u0635\u0641\u0642\u0627\u062a \u0645\u0641\u062a\u0648\u062d\u0629 \u0623\u0648 \u0623\u0648\u0627\u0645\u0631 \u0645\u0639\u0644\u0642\u0629 — skipping \u062a\u062d\u062f\u064a\u062b \u0627\u0644\u0635\u0641\u0642\u0627\u062a \u0628\u062f\u0648\u0646 Telegram \u0648\u0628\u062f\u0648\u0646 \u062c\u0644\u0628 \u0633\u0639\u0631.
2026-08-09 23:33:12,028 | INFO | scripts.run_trade_updates | Starting trade updates: 2026-08-09T23:33:12.028938+00:00
2026-08-09 23:33:12,031 | INFO | scripts.run_trade_updates | \U0001f50d Session: Late New York Night | Quality: HIGH | Allowed: True
2026-08-09 23:33:12,358 | INFO | DatabaseService | Database connected: Supabase
2026-08-09 23:33:13,403 | INFO | httpx | HTTP Request: GET https://trsmuzekxmpqtvxdkxwe.supabase.co/rest/v1/trades_demo?select=%2A&status=in.%28OPEN%2CPARTIAL%2CTP1_HIT%2CPENDING%29 "HTTP/2 200 OK"
2026-08-09 23:33:13,405 | INFO | scripts.run_trade_updates | Active/pending trades count: 0
2026-08-09 23:33:13,405 | INFO | scripts.run_trade_updates | \u0644\u0627 \u062a\u0648\u062c\u062f \u0635\u0641\u0642\u0627\u062a \u0645\u0641\u062a\u0648\u062d\u0629 \u0623\u0648 \u0623\u0648\u0627\u0645\u0631 \u0645\u0639\u0644\u0642\u0629 — skipping \u062a\u062d\u062f\u064a\u062b \u0627\u0644\u0635\u0641\u0642\u0627\u062a \u0628\u062f\u0648\u0646 Telegram \u0648\u0628\u062f\u0648\u0646 \u062c\u0644\u0628 \u0633\u0639\u0631.
2026-08-09 23:38:13,409 | INFO | scripts.run_trade_updates | Starting trade updates: 2026-08-09T23:38:13.408494+00:00
2026-08-09 23:38:13,419 | INFO | scripts.run_trade_updates | \U0001f50d Session: Late New York Night | Quality: HIGH | Allowed: True
2026-08-09 23:38:13,664 | INFO | DatabaseService | Database connected: Supabase
2026-08-09 23:38:14,711 | INFO | httpx | HTTP Request: GET https://trsmuzekxmpqtvxdkxwe.supabase.co/rest/v1/trades_demo?select=%2A&status=in.%28OPEN%2CPARTIAL%2CTP1_HIT%2CPENDING%29 "HTTP/2 200 OK"
2026-08-09 23:38:14,712 | INFO | scripts.run_trade_updates | Active/pending trades count: 0
2026-08-09 23:38:14,712 | INFO | scripts.run_trade_updates | \u0644\u0627 \u062a\u0648\u062c\u062f \u0635\u0641\u0642\u0627\u062a \u0645\u0641\u062a\u0648\u062d\u0629 \u0623\u0648 \u0623\u0648\u0627\u0645\u0631 \u0645\u0639\u0644\u0642\u0629 — skipping \u062a\u062d\u062f\u064a\u062b \u0627\u0644\u0635\u0641\u0642\u0627\u062a \u0628\u062f\u0648\u0646 Telegram \u0648\u0628\u062f\u0648\u0646 \u062c\u0644\u0628 \u0633\u0639\u0631.
2026-08-09 23:43:14,715 | INFO | scripts.run_trade_updates | Starting trade updates: 2026-08-09T23:43:14.715222+00:00
2026-08-09 23:43:14,718 | INFO | scripts.run_trade_updates | \U0001f50d Session: Late New York Night | Quality: HIGH | Allowed: True
2026-08-09 23:43:14,945 | INFO | DatabaseService | Database connected: Supabase
2026-08-09 23:43:15,975 | INFO | httpx | HTTP Request: GET https://trsmuzekxmpqtvxdkxwe.supabase.co/rest/v1/trades_demo?select=%2A&status=in.%28OPEN%2CPARTIAL%2CTP1_HIT%2CPENDING%29 "HTTP/2 200 OK"
2026-08-09 23:43:15,977 | INFO | scripts.run_trade_updates | Active/pending trades count: 0
2026-08-09 23:43:15,977 | INFO | scripts.run_trade_updates | \u0644\u0627 \u062a\u0648\u062c\u062f \u0635\u0641\u0642\u0627\u062a \u0645\u0641\u062a\u0648\u062d\u0629 \u0623\u0648 \u0623\u0648\u0627\u0645\u0631 \u0645\u0639\u0644\u0642\u0629 — skipping \u062a\u062d\u062f\u064a\u062b \u0627\u0644\u0635\u0641\u0642\u0627\u062a \u0628\u062f\u0648\u0646 Telegram \u0648\u0628\u062f\u0648\u0646 \u062c\u0644\u0628 \u0633\u0639\u0631.
2026-08-09 23:48:15,980 | INFO | scripts.run_trade_updates | Starting trade updates: 2026-08-09T23:48:15.980569+00:00
2026-08-09 23:48:16,001 | INFO | scripts.run_trade_updates | \U0001f50d Session: Late New York Night | Quality: HIGH | Allowed: True
2026-08-09 23:48:16,370 | INFO | DatabaseService | Database connected: Supabase
2026-08-09 23:48:17,029 | INFO | httpx | HTTP Request: GET https://trsmuzekxmpqtvxdkxwe.supabase.co/rest/v1/trades_demo?select=%2A&status=in.%28OPEN%2CPARTIAL%2CTP1_HIT%2CPENDING%29 "HTTP/2 200 OK"
2026-08-09 23:48:17,042 | INFO | scripts.run_trade_updates | Active/pending trades count: 0
2026-08-09 23:48:17,042 | INFO | scripts.run_trade_updates | \u0644\u0627 \u062a\u0648\u062c\u062f \u0635\u0641\u0642\u0627\u062a \u0645\u0641\u062a\u0648\u062d\u0629 \u0623\u0648 \u0623\u0648\u0627\u0645\u0631 \u0645\u0639\u0644\u0642\u0629 — skipping \u062a\u062d\u062f\u064a\u062b \u0627\u0644\u0635\u0641\u0642\u0627\u062a \u0628\u062f\u0648\u0646 Telegram \u0648\u0628\u062f\u0648\u0646 \u062c\u0644\u0628 \u0633\u0639\u0631.
2026-08-09 23:53:17,045 | INFO | scripts.run_trade_updates | Starting trade updates: 2026-08-09T23:53:17.044216+00:00
2026-08-09 23:53:17,048 | INFO | scripts.run_trade_updates | \U0001f50d Session: Late New York Night | Quality: HIGH | Allowed: True
2026-08-09 23:53:17,339 | INFO | DatabaseService | Database connected: Supabase
2026-08-09 23:53:18,371 | INFO | httpx | HTTP Request: GET https://trsmuzekxmpqtvxdkxwe.supabase.co/rest/v1/trades_demo?select=%2A&status=in.%28OPEN%2CPARTIAL%2CTP1_HIT%2CPENDING%29 "HTTP/2 200 OK"
2026-08-09 23:53:18,372 | INFO | scripts.run_trade_updates | Active/pending trades count: 0
2026-08-09 23:53:18,373 | INFO | scripts.run_trade_updates | \u0644\u0627 \u062a\u0648\u062c\u062f \u0635\u0641\u0642\u0627\u062a \u0645\u0641\u062a\u0648\u062d\u0629 \u0623\u0648 \u0623\u0648\u0627\u0645\u0631 \u0645\u0639\u0644\u0642\u0629 — skipping \u062a\u062d\u062f\u064a\u062b \u0627\u0644\u0635\u0641\u0642\u0627\u062a \u0628\u062f\u0648\u0646 Telegram \u0648\u0628\u062f\u0648\u0646 \u062c\u0644\u0628 \u0633\u0639\u0631.
2026-08-09 23:58:18,375 | INFO | scripts.run_trade_updates | Starting trade updates: 2026-08-09T23:58:18.374659+00:00
2026-08-09 23:58:18,383 | INFO | scripts.run_trade_updates | \U0001f50d Session: Late New York Night | Quality: HIGH | Allowed: True
2026-08-09 23:58:18,656 | INFO | DatabaseService | Database connected: Supabase
2026-08-09 23:58:19,704 | INFO | httpx | HTTP Request: GET https://trsmuzekxmpqtvxdkxwe.supabase.co/rest/v1/trades_demo?select=%2A&status=in.%28OPEN%2CPARTIAL%2CTP1_HIT%2CPENDING%29 "HTTP/2 200 OK"
2026-08-09 23:58:19,704 | INFO | scripts.run_trade_updates | Active/pending trades count: 0
2026-08-09 23:58:19,706 | INFO | scripts.run_trade_updates | \u0644\u0627 \u062a\u0648\u062c\u062f \u0635\u0641\u0642\u0627\u062a \u0645\u0641\u062a\u0648\u062d\u0629 \u0623\u0648 \u0623\u0648\u0627\u0645\u0631 \u0645\u0639\u0644\u0642\u0629 — skipping \u062a\u062d\u062f\u064a\u062b \u0627\u0644\u0635\u0641\u0642\u0627\u062a \u0628\u062f\u0648\u0646 Telegram \u0648\u0628\u062f\u0648\u0646 \u062c\u0644\u0628 \u0633\u0639\u0631.
2026-08-10 00:03:19,708 | INFO | scripts.run_trade_updates | Starting trade updates: 2026-08-10T00:03:19.708587+00:00
2026-08-10 00:03:19,713 | INFO | scripts.run_trade_updates | \U0001f50d Session: Asia Morning | Quality: HIGH | Allowed: True
2026-08-10 00:03:20,175 | INFO | DatabaseService | Database connected: Supabase
2026-08-10 00:03:21,333 | INFO | httpx | HTTP Request: GET https://trsmuzekxmpqtvxdkxwe.supabase.co/rest/v1/trades_demo?select=%2A&status=in.%28OPEN%2CPARTIAL%2CTP1_HIT%2CPENDING%29 "HTTP/2 200 OK"
2026-08-10 00:03:21,334 | INFO | scripts.run_trade_updates | Active/pending trades count: 0
2026-08-10 00:03:21,334 | INFO | scripts.run_trade_updates | \u0644\u0627 \u062a\u0648\u062c\u062f \u0635\u0641\u0642\u0627\u062a \u0645\u0641\u062a\u0648\u062d\u0629 \u0623\u0648 \u0623\u0648\u0627\u0645\u0631 \u0645\u0639\u0644\u0642\u0629 — skipping \u062a\u062d\u062f\u064a\u062b \u0627\u0644\u0635\u0641\u0642\u0627\u062a \u0628\u062f\u0648\u0646 Telegram \u0648\u0628\u062f\u0648\u0646 \u062c\u0644\u0628 \u0633\u0639\u0631.
2026-08-10 00:08:21,337 | INFO | scripts.run_trade_updates | Starting trade updates: 2026-08-10T00:08:21.337983+00:00
2026-08-10 00:08:21,345 | INFO | scripts.run_trade_updates | \U0001f50d Session: Asia Morning | Quality: HIGH | Allowed: True
2026-08-10 00:08:21,629 | INFO | DatabaseService | Database connected: Supabase
2026-08-10 00:08:22,235 | INFO | httpx | HTTP Request: GET https://trsmuzekxmpqtvxdkxwe.supabase.co/rest/v1/trades_demo?select=%2A&status=in.%28OPEN%2CPARTIAL%2CTP1_HIT%2CPENDING%29 "HTTP/2 200 OK"
2026-08-10 00:08:22,237 | INFO | scripts.run_trade_updates | Active/pending trades count: 0
2026-08-10 00:08:22,237 | INFO | scripts.run_trade_updates | \u0644\u0627 \u062a\u0648\u062c\u062f \u0635\u0641\u0642\u0627\u062a \u0645\u0641\u062a\u0648\u062d\u0629 \u0623\u0648 \u0623\u0648\u0627\u0645\u0631 \u0645\u0639\u0644\u0642\u0629 — skipping \u062a\u062d\u062f\u064a\u062b \u0627\u0644\u0635\u0641\u0642\u0627\u062a \u0628\u062f\u0648\u0646 Telegram \u0648\u0628\u062f\u0648\u0646 \u062c\u0644\u0628 \u0633\u0639\u0631.
2026-08-10 00:13:22,241 | INFO | scripts.run_trade_updates | Starting trade updates: 2026-08-10T00:13:22.241706+00:00
2026-08-10 00:13:22,245 | INFO | scripts.run_trade_updates | \U0001f50d Session: Asia Morning | Quality: HIGH | Allowed: True
2026-08-10 00:13:22,588 | INFO | DatabaseService | Database connected: Supabase
2026-08-10 00:13:24,292 | INFO | httpx | HTTP Request: GET https://trsmuzekxmpqtvxdkxwe.supabase.co/rest/v1/trades_demo?select=%2A&status=in.%28OPEN%2CPARTIAL%2CTP1_HIT%2CPENDING%29 "HTTP/2 200 OK"
2026-08-10 00:13:24,293 | INFO | scripts.run_trade_updates | Active/pending trades count: 0
2026-08-10 00:13:24,293 | INFO | scripts.run_trade_updates | \u0644\u0627 \u062a\u0648\u062c\u062f \u0635\u0641\u0642\u0627\u062a \u0645\u0641\u062a\u0648\u062d\u0629 \u0623\u0648 \u0623\u0648\u0627\u0645\u0631 \u0645\u0639\u0644\u0642\u0629 — skipping \u062a\u062d\u062f\u064a\u062b \u0627\u0644\u0635\u0641\u0642\u0627\u062a \u0628\u062f\u0648\u0646 Telegram \u0648\u0628\u062f\u0648\u0646 \u062c\u0644\u0628 \u0633\u0639\u0631.
2026-08-10 00:18:24,300 | INFO | scripts.run_trade_updates | Starting trade updates: 2026-08-10T00:18:24.300237+00:00
2026-08-10 00:18:24,329 | INFO | scripts.run_trade_updates | \U0001f50d Session: Asia Morning | Quality: HIGH | Allowed: True
2026-08-10 00:18:24,728 | INFO | DatabaseService | Database connected: Supabase
2026-08-10 00:18:26,537 | INFO | httpx | HTTP Request: GET https://trsmuzekxmpqtvxdkxwe.supabase.co/rest/v1/trades_demo?select=%2A&status=in.%28OPEN%2CPARTIAL%2CTP1_HIT%2CPENDING%29 "HTTP/2 200 OK"
2026-08-10 00:18:26,541 | INFO | scripts.run_trade_updates | Active/pending trades count: 0
2026-08-10 00:18:26,542 | INFO | scripts.run_trade_updates | \u0644\u0627 \u062a\u0648\u062c\u062f \u0635\u0641\u0642\u0627\u062a \u0645\u0641\u062a\u0648\u062d\u0629 \u0623\u0648 \u0623\u0648\u0627\u0645\u0631 \u0645\u0639\u0644\u0642\u0629 — skipping \u062a\u062d\u062f\u064a\u062b \u0627\u0644\u0635\u0641\u0642\u0627\u062a \u0628\u062f\u0648\u0646 Telegram \u0648\u0628\u062f\u0648\u0646 \u062c\u0644\u0628 \u0633\u0639\u0631.
2026-08-10 00:23:26,546 | INFO | scripts.run_trade_updates | Starting trade updates: 2026-08-10T00:23:26.546081+00:00
2026-08-10 00:23:26,561 | INFO | scripts.run_trade_updates | \U0001f50d Session: Asia Morning | Quality: HIGH | Allowed: True
2026-08-10 00:23:26,874 | INFO | DatabaseService | Database connected: Supabase
2026-08-10 00:23:27,548 | INFO | httpx | HTTP Request: GET https://trsmuzekxmpqtvxdkxwe.supabase.co/rest/v1/trades_demo?select=%2A&status=in.%28OPEN%2CPARTIAL%2CTP1_HIT%2CPENDING%29 "HTTP/2 200 OK"
2026-08-10 00:23:27,548 | INFO | scripts.run_trade_updates | Active/pending trades count: 0
2026-08-10 00:23:27,548 | INFO | scripts.run_trade_updates | \u0644\u0627 \u062a\u0648\u062c\u062f \u0635\u0641\u0642\u0627\u062a \u0645\u0641\u062a\u0648\u062d\u0629 \u0623\u0648 \u0623\u0648\u0627\u0645\u0631 \u0645\u0639\u0644\u0642\u0629 — skipping \u062a\u062d\u062f\u064a\u062b \u0627\u0644\u0635\u0641\u0642\u0627\u062a \u0628\u062f\u0648\u0646 Telegram \u0648\u0628\u062f\u0648\u0646 \u062c\u0644\u0628 \u0633\u0639\u0631.
2026-08-10 00:28:27,563 | INFO | scripts.run_trade_updates | Starting trade updates: 2026-08-10T00:28:27.563355+00:00
2026-08-10 00:28:27,565 | INFO | scripts.run_trade_updates | \U0001f50d Session: Asia Morning | Quality: HIGH | Allowed: True
2026-08-10 00:28:27,835 | INFO | DatabaseService | Database connected: Supabase
2026-08-10 00:28:28,445 | INFO | httpx | HTTP Request: GET https://trsmuzekxmpqtvxdkxwe.supabase.co/rest/v1/trades_demo?select=%2A&status=in.%28OPEN%2CPARTIAL%2CTP1_HIT%2CPENDING%29 "HTTP/2 200 OK"
2026-08-10 00:28:28,445 | INFO | scripts.run_trade_updates | Active/pending trades count: 0
2026-08-10 00:28:28,445 | INFO | scripts.run_trade_updates | \u0644\u0627 \u062a\u0648\u062c\u062f \u0635\u0641\u0642\u0627\u062a \u0645\u0641\u062a\u0648\u062d\u0629 \u0623\u0648 \u0623\u0648\u0627\u0645\u0631 \u0645\u0639\u0644\u0642\u0629 — skipping \u062a\u062d\u062f\u064a\u062b \u0627\u0644\u0635\u0641\u0642\u0627\u062a \u0628\u062f\u0648\u0646 Telegram \u0648\u0628\u062f\u0648\u0646 \u062c\u0644\u0628 \u0633\u0639\u0631.
2026-08-10 00:33:28,453 | INFO | scripts.run_trade_updates | Starting trade updates: 2026-08-10T00:33:28.453960+00:00
2026-08-10 00:33:28,457 | INFO | scripts.run_trade_updates | \U0001f50d Session: Asia Morning | Quality: HIGH | Allowed: True
2026-08-10 00:33:28,770 | INFO | DatabaseService | Database connected: Supabase
2026-08-10 00:33:29,991 | INFO | httpx | HTTP Request: GET https://trsmuzekxmpqtvxdkxwe.supabase.co/rest/v1/trades_demo?select=%2A&status=in.%28OPEN%2CPARTIAL%2CTP1_HIT%2CPENDING%29 "HTTP/2 200 OK"
2026-08-10 00:33:29,991 | INFO | scripts.run_trade_updates | Active/pending trades count: 0
2026-08-10 00:33:29,991 | INFO | scripts.run_trade_updates | \u0644\u0627 \u062a\u0648\u062c\u062f \u0635\u0641\u0642\u0627\u062a \u0645\u0641\u062a\u0648\u062d\u0629 \u0623\u0648 \u0623\u0648\u0627\u0645\u0631 \u0645\u0639\u0644\u0642\u0629 — skipping \u062a\u062d\u062f\u064a\u062b \u0627\u0644\u0635\u0641\u0642\u0627\u062a \u0628\u062f\u0648\u0646 Telegram \u0648\u0628\u062f\u0648\u0646 \u062c\u0644\u0628 \u0633\u0639\u0631.
2026-08-10 00:38:30,000 | INFO | scripts.run_trade_updates | Starting trade updates: 2026-08-10T00:38:30.000954+00:00
2026-08-10 00:38:30,000 | INFO | scripts.run_trade_updates | \U0001f50d Session: Asia Morning | Quality: HIGH | Allowed: True
2026-08-10 00:38:30,245 | INFO | DatabaseService | Database connected: Supabase
2026-08-10 00:38:31,322 | INFO | httpx | HTTP Request: GET https://trsmuzekxmpqtvxdkxwe.supabase.co/rest/v1/trades_demo?select=%2A&status=in.%28OPEN%2CPARTIAL%2CTP1_HIT%2CPENDING%29 "HTTP/2 200 OK"
2026-08-10 00:38:31,322 | INFO | scripts.run_trade_updates | Active/pending trades count: 0
2026-08-10 00:38:31,322 | INFO | scripts.run_trade_updates | \u0644\u0627 \u062a\u0648\u062c\u062f \u0635\u0641\u0642\u0627\u062a \u0645\u0641\u062a\u0648\u062d\u0629 \u0623\u0648 \u0623\u0648\u0627\u0645\u0631 \u0645\u0639\u0644\u0642\u0629 — skipping \u062a\u062d\u062f\u064a\u062b \u0627\u0644\u0635\u0641\u0642\u0627\u062a \u0628\u062f\u0648\u0646 Telegram \u0648\u0628\u062f\u0648\u0646 \u062c\u0644\u0628 \u0633\u0639\u0631.
2026-08-10 00:43:31,331 | INFO | scripts.run_trade_updates | Starting trade updates: 2026-08-10T00:43:31.331122+00:00
2026-08-10 00:43:31,331 | INFO | scripts.run_trade_updates | \U0001f50d Session: Asia Morning | Quality: HIGH | Allowed: True
2026-08-10 00:43:31,595 | INFO | DatabaseService | Database connected: Supabase
2026-08-10 00:43:32,658 | INFO | httpx | HTTP Request: GET https://trsmuzekxmpqtvxdkxwe.supabase.co/rest/v1/trades_demo?select=%2A&status=in.%28OPEN%2CPARTIAL%2CTP1_HIT%2CPENDING%29 "HTTP/2 200 OK"
2026-08-10 00:43:32,658 | INFO | scripts.run_trade_updates | Active/pending trades count: 0
2026-08-10 00:43:32,658 | INFO | scripts.run_trade_updates | \u0644\u0627 \u062a\u0648\u062c\u062f \u0635\u0641\u0642\u0627\u062a \u0645\u0641\u062a\u0648\u062d\u0629 \u0623\u0648 \u0623\u0648\u0627\u0645\u0631 \u0645\u0639\u0644\u0642\u0629 — skipping \u062a\u062d\u062f\u064a\u062b \u0627\u0644\u0635\u0641\u0642\u0627\u062a \u0628\u062f\u0648\u0646 Telegram \u0648\u0628\u062f\u0648\u0646 \u062c\u0644\u0628 \u0633\u0639\u0631.
2026-08-10 00:48:32,667 | INFO | scripts.run_trade_updates | Starting trade updates: 2026-08-10T00:48:32.667720+00:00
2026-08-10 00:48:32,667 | INFO | scripts.run_trade_updates | \U0001f50d Session: Asia Morning | Quality: HIGH | Allowed: True
2026-08-10 00:48:32,942 | INFO | DatabaseService | Database connected: Supabase
2026-08-10 00:48:33,989 | INFO | httpx | HTTP Request: GET https://trsmuzekxmpqtvxdkxwe.supabase.co/rest/v1/trades_demo?select=%2A&status=in.%28OPEN%2CPARTIAL%2CTP1_HIT%2CPENDING%29 "HTTP/2 200 OK"
2026-08-10 00:48:33,989 | INFO | scripts.run_trade_updates | Active/pending trades count: 0
2026-08-10 00:48:33,989 | INFO | scripts.run_trade_updates | \u0644\u0627 \u062a\u0648\u062c\u062f \u0635\u0641\u0642\u0627\u062a \u0645\u0641\u062a\u0648\u062d\u0629 \u0623\u0648 \u0623\u0648\u0627\u0645\u0631 \u0645\u0639\u0644\u0642\u0629 — skipping \u062a\u062d\u062f\u064a\u062b \u0627\u0644\u0635\u0641\u0642\u0627\u062a \u0628\u062f\u0648\u0646 Telegram \u0648\u0628\u062f\u0648\u0646 \u062c\u0644\u0628 \u0633\u0639\u0631.
2026-08-10 00:53:33,995 | INFO | scripts.run_trade_updates | Starting trade updates: 2026-08-10T00:53:33.995023+00:00
2026-08-10 00:53:33,995 | INFO | scripts.run_trade_updates | \U0001f50d Session: Asia Morning | Quality: HIGH | Allowed: True
2026-08-10 00:53:34,260 | INFO | DatabaseService | Database connected: Supabase
2026-08-10 00:53:34,807 | INFO | httpx | HTTP Request: GET https://trsmuzekxmpqtvxdkxwe.supabase.co/rest/v1/trades_demo?select=%2A&status=in.%28OPEN%2CPARTIAL%2CTP1_HIT%2CPENDING%29 "HTTP/2 200 OK"
2026-08-10 00:53:34,807 | INFO | scripts.run_trade_updates | Active/pending trades count: 0
2026-08-10 00:53:34,807 | INFO | scripts.run_trade_updates | \u0644\u0627 \u062a\u0648\u062c\u062f \u0635\u0641\u0642\u0627\u062a \u0645\u0641\u062a\u0648\u062d\u0629 \u0623\u0648 \u0623\u0648\u0627\u0645\u0631 \u0645\u0639\u0644\u0642\u0629 — skipping \u062a\u062d\u062f\u064a\u062b \u0627\u0644\u0635\u0641\u0642\u0627\u062a \u0628\u062f\u0648\u0646 Telegram \u0648\u0628\u062f\u0648\u0646 \u062c\u0644\u0628 \u0633\u0639\u0631.
2026-08-10 00:58:34,814 | INFO | scripts.run_trade_updates | Starting trade updates: 2026-08-10T00:58:34.814424+00:00
2026-08-10 00:58:34,814 | INFO | scripts.run_trade_updates | \U0001f50d Session: Asia Morning | Quality: HIGH | Allowed: True
2026-08-10 00:58:35,064 | INFO | DatabaseService | Database connected: Supabase
2026-08-10 00:58:36,181 | INFO | httpx | HTTP Request: GET https://trsmuzekxmpqtvxdkxwe.supabase.co/rest/v1/trades_demo?select=%2A&status=in.%28OPEN%2CPARTIAL%2CTP1_HIT%2CPENDING%29 "HTTP/2 200 OK"
2026-08-10 00:58:36,181 | INFO | scripts.run_trade_updates | Active/pending trades count: 0
2026-08-10 00:58:36,181 | INFO | scripts.run_trade_updates | \u0644\u0627 \u062a\u0648\u062c\u062f \u0635\u0641\u0642\u0627\u062a \u0645\u0641\u062a\u0648\u062d\u0629 \u0623\u0648 \u0623\u0648\u0627\u0645\u0631 \u0645\u0639\u0644\u0642\u0629 — skipping \u062a\u062d\u062f\u064a\u062b \u0627\u0644\u0635\u0641\u0642\u0627\u062a \u0628\u062f\u0648\u0646 Telegram \u0648\u0628\u062f\u0648\u0646 \u062c\u0644\u0628 \u0633\u0639\u0631.
2026-08-10 01:03:36,189 | INFO | scripts.run_trade_updates | Starting trade updates: 2026-08-10T01:03:36.189642+00:00
2026-08-10 01:03:36,189 | INFO | scripts.run_trade_updates | \U0001f50d Session: Asia Morning | Quality: HIGH | Allowed: True
2026-08-10 01:03:36,686 | INFO | DatabaseService | Database connected: Supabase
2026-08-10 01:03:37,816 | INFO | httpx | HTTP Request: GET https://trsmuzekxmpqtvxdkxwe.supabase.co/rest/v1/trades_demo?select=%2A&status=in.%28OPEN%2CPARTIAL%2CTP1_HIT%2CPENDING%29 "HTTP/2 200 OK"
2026-08-10 01:03:37,816 | INFO | scripts.run_trade_updates | Active/pending trades count: 0
2026-08-10 01:03:37,816 | INFO | scripts.run_trade_updates | \u0644\u0627 \u062a\u0648\u062c\u062f \u0635\u0641\u0642\u0627\u062a \u0645\u0641\u062a\u0648\u062d\u0629 \u0623\u0648 \u0623\u0648\u0627\u0645\u0631 \u0645\u0639\u0644\u0642\u0629 — skipping \u062a\u062d\u062f\u064a\u062b \u0627\u0644\u0635\u0641\u0642\u0627\u062a \u0628\u062f\u0648\u0646 Telegram \u0648\u0628\u062f\u0648\u0646 \u062c\u0644\u0628 \u0633\u0639\u0631.
2026-08-10 01:08:37,827 | INFO | scripts.run_trade_updates | Starting trade updates: 2026-08-10T01:08:37.827353+00:00
2026-08-10 01:08:37,827 | INFO | scripts.run_trade_updates | \U0001f50d Session: Asia Morning | Quality: HIGH | Allowed: True
2026-08-10 01:08:38,100 | INFO | DatabaseService | Database connected: Supabase
2026-08-10 01:08:38,661 | INFO | httpx | HTTP Request: GET https://trsmuzekxmpqtvxdkxwe.supabase.co/rest/v1/trades_demo?select=%2A&status=in.%28OPEN%2CPARTIAL%2CTP1_HIT%2CPENDING%29 "HTTP/2 200 OK"
2026-08-10 01:08:38,661 | INFO | scripts.run_trade_updates | Active/pending trades count: 0
2026-08-10 01:08:38,661 | INFO | scripts.run_trade_updates | \u0644\u0627 \u062a\u0648\u062c\u062f \u0635\u0641\u0642\u0627\u062a \u0645\u0641\u062a\u0648\u062d\u0629 \u0623\u0648 \u0623\u0648\u0627\u0645\u0631 \u0645\u0639\u0644\u0642\u0629 — skipping \u062a\u062d\u062f\u064a\u062b \u0627\u0644\u0635\u0641\u0642\u0627\u062a \u0628\u062f\u0648\u0646 Telegram \u0648\u0628\u062f\u0648\u0646 \u062c\u0644\u0628 \u0633\u0639\u0631.
2026-08-10 01:13:38,668 | INFO | scripts.run_trade_updates | Starting trade updates: 2026-08-10T01:13:38.666211+00:00
2026-08-10 01:13:38,668 | INFO | scripts.run_trade_updates | \U0001f50d Session: Asia Morning | Quality: HIGH | Allowed: True
2026-08-10 01:13:38,918 | INFO | DatabaseService | Database connected: Supabase
2026-08-10 01:13:39,435 | INFO | httpx | HTTP Request: GET https://trsmuzekxmpqtvxdkxwe.supabase.co/rest/v1/trades_demo?select=%2A&status=in.%28OPEN%2CPARTIAL%2CTP1_HIT%2CPENDING%29 "HTTP/2 200 OK"
2026-08-10 01:13:39,435 | INFO | scripts.run_trade_updates | Active/pending trades count: 0
2026-08-10 01:13:39,435 | INFO | scripts.run_trade_updates | \u0644\u0627 \u062a\u0648\u062c\u062f \u0635\u0641\u0642\u0627\u062a \u0645\u0641\u062a\u0648\u062d\u0629 \u0623\u0648 \u0623\u0648\u0627\u0645\u0631 \u0645\u0639\u0644\u0642\u0629 — skipping \u062a\u062d\u062f\u064a\u062b \u0627\u0644\u0635\u0641\u0642\u0627\u062a \u0628\u062f\u0648\u0646 Telegram \u0648\u0628\u062f\u0648\u0646 \u062c\u0644\u0628 \u0633\u0639\u0631.
2026-08-10 01:18:39,444 | INFO | scripts.run_trade_updates | Starting trade updates: 2026-08-10T01:18:39.444531+00:00
2026-08-10 01:18:39,444 | INFO | scripts.run_trade_updates | \U0001f50d Session: Asia Morning | Quality: HIGH | Allowed: True
2026-08-10 01:18:39,767 | INFO | DatabaseService | Database connected: Supabase
2026-08-10 01:18:40,925 | INFO | httpx | HTTP Request: GET https://trsmuzekxmpqtvxdkxwe.supabase.co/rest/v1/trades_demo?select=%2A&status=in.%28OPEN%2CPARTIAL%2CTP1_HIT%2CPENDING%29 "HTTP/2 200 OK"
2026-08-10 01:18:40,925 | INFO | scripts.run_trade_updates | Active/pending trades count: 0
2026-08-10 01:18:40,925 | INFO | scripts.run_trade_updates | \u0644\u0627 \u062a\u0648\u062c\u062f \u0635\u0641\u0642\u0627\u062a \u0645\u0641\u062a\u0648\u062d\u0629 \u0623\u0648 \u0623\u0648\u0627\u0645\u0631 \u0645\u0639\u0644\u0642\u0629 — skipping \u062a\u062d\u062f\u064a\u062b \u0627\u0644\u0635\u0641\u0642\u0627\u062a \u0628\u062f\u0648\u0646 Telegram \u0648\u0628\u062f\u0648\u0646 \u062c\u0644\u0628 \u0633\u0639\u0631.
2026-08-10 01:23:40,936 | INFO | scripts.run_trade_updates | Starting trade updates: 2026-08-10T01:23:40.936263+00:00
2026-08-10 01:23:40,936 | INFO | scripts.run_trade_updates | \U0001f50d Session: Asia Morning | Quality: HIGH | Allowed: True
2026-08-10 01:23:41,245 | INFO | DatabaseService | Database connected: Supabase
2026-08-10 01:23:42,327 | INFO | httpx | HTTP Request: GET https://trsmuzekxmpqtvxdkxwe.supabase.co/rest/v1/trades_demo?select=%2A&status=in.%28OPEN%2CPARTIAL%2CTP1_HIT%2CPENDING%29 "HTTP/2 200 OK"
2026-08-10 01:23:42,327 | INFO | scripts.run_trade_updates | Active/pending trades count: 0
2026-08-10 01:23:42,327 | INFO | scripts.run_trade_updates | \u0644\u0627 \u062a\u0648\u062c\u062f \u0635\u0641\u0642\u0627\u062a \u0645\u0641\u062a\u0648\u062d\u0629 \u0623\u0648 \u0623\u0648\u0627\u0645\u0631 \u0645\u0639\u0644\u0642\u0629 — skipping \u062a\u062d\u062f\u064a\u062b \u0627\u0644\u0635\u0641\u0642\u0627\u062a \u0628\u062f\u0648\u0646 Telegram \u0648\u0628\u062f\u0648\u0646 \u062c\u0644\u0628 \u0633\u0639\u0631.
2026-08-10 01:28:42,332 | INFO | scripts.run_trade_updates | Starting trade updates: 2026-08-10T01:28:42.332279+00:00
2026-08-10 01:28:42,332 | INFO | scripts.run_trade_updates | \U0001f50d Session: Asia Morning | Quality: HIGH | Allowed: True
2026-08-10 01:28:42,597 | INFO | DatabaseService | Database connected: Supabase
2026-08-10 01:28:43,629 | INFO | httpx | HTTP Request: GET https://trsmuzekxmpqtvxdkxwe.supabase.co/rest/v1/trades_demo?select=%2A&status=in.%28OPEN%2CPARTIAL%2CTP1_HIT%2CPENDING%29 "HTTP/2 200 OK"
2026-08-10 01:28:43,629 | INFO | scripts.run_trade_updates | Active/pending trades count: 0
2026-08-10 01:28:43,629 | INFO | scripts.run_trade_updates | \u0644\u0627 \u062a\u0648\u062c\u062f \u0635\u0641\u0642\u0627\u062a \u0645\u0641\u062a\u0648\u062d\u0629 \u0623\u0648 \u0623\u0648\u0627\u0645\u0631 \u0645\u0639\u0644\u0642\u0629 — skipping \u062a\u062d\u062f\u064a\u062b \u0627\u0644\u0635\u0641\u0642\u0627\u062a \u0628\u062f\u0648\u0646 Telegram \u0648\u0628\u062f\u0648\u0646 \u062c\u0644\u0628 \u0633\u0639\u0631.
2026-08-10 01:33:43,638 | INFO | scripts.run_trade_updates | Starting trade updates: 2026-08-10T01:33:43.638316+00:00
2026-08-10 01:33:43,638 | INFO | scripts.run_trade_updates | \U0001f50d Session: Asia Morning | Quality: HIGH | Allowed: True
2026-08-10 01:33:43,963 | INFO | DatabaseService | Database connected: Supabase
2026-08-10 01:33:44,763 | INFO | httpx | HTTP Request: GET https://trsmuzekxmpqtvxdkxwe.supabase.co/rest/v1/trades_demo?select=%2A&status=in.%28OPEN%2CPARTIAL%2CTP1_HIT%2CPENDING%29 "HTTP/2 200 OK"
2026-08-10 01:33:44,777 | INFO | scripts.run_trade_updates | Active/pending trades count: 0
2026-08-10 01:33:44,777 | INFO | scripts.run_trade_updates | \u0644\u0627 \u062a\u0648\u062c\u062f \u0635\u0641\u0642\u0627\u062a \u0645\u0641\u062a\u0648\u062d\u0629 \u0623\u0648 \u0623\u0648\u0627\u0645\u0631 \u0645\u0639\u0644\u0642\u0629 — skipping \u062a\u062d\u062f\u064a\u062b \u0627\u0644\u0635\u0641\u0642\u0627\u062a \u0628\u062f\u0648\u0646 Telegram \u0648\u0628\u062f\u0648\u0646 \u062c\u0644\u0628 \u0633\u0639\u0631.
2026-08-10 01:38:44,780 | INFO | scripts.run_trade_updates | Starting trade updates: 2026-08-10T01:38:44.780768+00:00
2026-08-10 01:38:44,780 | INFO | scripts.run_trade_updates | \U0001f50d Session: Asia Morning | Quality: HIGH | Allowed: True
2026-08-10 01:38:45,015 | INFO | DatabaseService | Database connected: Supabase
2026-08-10 01:38:45,544 | INFO | httpx | HTTP Request: GET https://trsmuzekxmpqtvxdkxwe.supabase.co/rest/v1/trades_demo?select=%2A&status=in.%28OPEN%2CPARTIAL%2CTP1_HIT%2CPENDING%29 "HTTP/2 200 OK"
2026-08-10 01:38:45,560 | INFO | scripts.run_trade_updates | Active/pending trades count: 0
2026-08-10 01:38:45,560 | INFO | scripts.run_trade_updates | \u0644\u0627 \u062a\u0648\u062c\u062f \u0635\u0641\u0642\u0627\u062a \u0645\u0641\u062a\u0648\u062d\u0629 \u0623\u0648 \u0623\u0648\u0627\u0645\u0631 \u0645\u0639\u0644\u0642\u0629 — skipping \u062a\u062d\u062f\u064a\u062b \u0627\u0644\u0635\u0641\u0642\u0627\u062a \u0628\u062f\u0648\u0646 Telegram \u0648\u0628\u062f\u0648\u0646 \u062c\u0644\u0628 \u0633\u0639\u0631.
2026-08-10 01:43:45,562 | INFO | scripts.run_trade_updates | Starting trade updates: 2026-08-10T01:43:45.562285+00:00
2026-08-10 01:43:45,566 | INFO | scripts.run_trade_updates | \U0001f50d Session: Asia Morning | Quality: HIGH | Allowed: True
2026-08-10 01:43:45,847 | INFO | DatabaseService | Database connected: Supabase
2026-08-10 01:43:46,943 | INFO | httpx | HTTP Request: GET https://trsmuzekxmpqtvxdkxwe.supabase.co/rest/v1/trades_demo?select=%2A&status=in.%28OPEN%2CPARTIAL%2CTP1_HIT%2CPENDING%29 "HTTP/2 200 OK"
2026-08-10 01:43:46,959 | INFO | scripts.run_trade_updates | Active/pending trades count: 0
2026-08-10 01:43:46,959 | INFO | scripts.run_trade_updates | \u0644\u0627 \u062a\u0648\u062c\u062f \u0635\u0641\u0642\u0627\u062a \u0645\u0641\u062a\u0648\u062d\u0629 \u0623\u0648 \u0623\u0648\u0627\u0645\u0631 \u0645\u0639\u0644\u0642\u0629 — skipping \u062a\u062d\u062f\u064a\u062b \u0627\u0644\u0635\u0641\u0642\u0627\u062a \u0628\u062f\u0648\u0646 Telegram \u0648\u0628\u062f\u0648\u0646 \u062c\u0644\u0628 \u0633\u0639\u0631.
2026-08-10 01:48:46,976 | INFO | scripts.run_trade_updates | Starting trade updates: 2026-08-10T01:48:46.976208+00:00
2026-08-10 01:48:46,976 | INFO | scripts.run_trade_updates | \U0001f50d Session: Asia Morning | Quality: HIGH | Allowed: True
2026-08-10 01:48:47,345 | INFO | DatabaseService | Database connected: Supabase
2026-08-10 01:48:48,426 | INFO | httpx | HTTP Request: GET https://trsmuzekxmpqtvxdkxwe.supabase.co/rest/v1/trades_demo?select=%2A&status=in.%28OPEN%2CPARTIAL%2CTP1_HIT%2CPENDING%29 "HTTP/2 200 OK"
2026-08-10 01:48:48,426 | INFO | scripts.run_trade_updates | Active/pending trades count: 0
2026-08-10 01:48:48,426 | INFO | scripts.run_trade_updates | \u0644\u0627 \u062a\u0648\u062c\u062f \u0635\u0641\u0642\u0627\u062a \u0645\u0641\u062a\u0648\u062d\u0629 \u0623\u0648 \u0623\u0648\u0627\u0645\u0631 \u0645\u0639\u0644\u0642\u0629 — skipping \u062a\u062d\u062f\u064a\u062b \u0627\u0644\u0635\u0641\u0642\u0627\u062a \u0628\u062f\u0648\u0646 Telegram \u0648\u0628\u062f\u0648\u0646 \u062c\u0644\u0628 \u0633\u0639\u0631.
2026-08-10 01:53:48,455 | INFO | scripts.run_trade_updates | Starting trade updates: 2026-08-10T01:53:48.455612+00:00
2026-08-10 01:53:48,455 | INFO | scripts.run_trade_updates | \U0001f50d Session: Asia Morning | Quality: HIGH | Allowed: True
2026-08-10 01:53:48,699 | INFO | DatabaseService | Database connected: Supabase
2026-08-10 01:53:49,263 | INFO | httpx | HTTP Request: GET https://trsmuzekxmpqtvxdkxwe.supabase.co/rest/v1/trades_demo?select=%2A&status=in.%28OPEN%2CPARTIAL%2CTP1_HIT%2CPENDING%29 "HTTP/2 200 OK"
2026-08-10 01:53:49,263 | INFO | scripts.run_trade_updates | Active/pending trades count: 0
2026-08-10 01:53:49,263 | INFO | scripts.run_trade_updates | \u0644\u0627 \u062a\u0648\u062c\u062f \u0635\u0641\u0642\u0627\u062a \u0645\u0641\u062a\u0648\u062d\u0629 \u0623\u0648 \u0623\u0648\u0627\u0645\u0631 \u0645\u0639\u0644\u0642\u0629 — skipping \u062a\u062d\u062f\u064a\u062b \u0627\u0644\u0635\u0641\u0642\u0627\u062a \u0628\u062f\u0648\u0646 Telegram \u0648\u0628\u062f\u0648\u0646 \u062c\u0644\u0628 \u0633\u0639\u0631.
2026-08-10 01:58:49,280 | INFO | scripts.run_trade_updates | Starting trade updates: 2026-08-10T01:58:49.280246+00:00
2026-08-10 01:58:49,280 | INFO | scripts.run_trade_updates | \U0001f50d Session: Asia Morning | Quality: HIGH | Allowed: True
2026-08-10 01:58:49,510 | INFO | DatabaseService | Database connected: Supabase
2026-08-10 01:58:50,625 | INFO | httpx | HTTP Request: GET https://trsmuzekxmpqtvxdkxwe.supabase.co/rest/v1/trades_demo?select=%2A&status=in.%28OPEN%2CPARTIAL%2CTP1_HIT%2CPENDING%29 "HTTP/2 200 OK"
2026-08-10 01:58:50,641 | INFO | scripts.run_trade_updates | Active/pending trades count: 0
2026-08-10 01:58:50,641 | INFO | scripts.run_trade_updates | \u0644\u0627 \u062a\u0648\u062c\u062f \u0635\u0641\u0642\u0627\u062a \u0645\u0641\u062a\u0648\u062d\u0629 \u0623\u0648 \u0623\u0648\u0627\u0645\u0631 \u0645\u0639\u0644\u0642\u0629 — skipping \u062a\u062d\u062f\u064a\u062b \u0627\u0644\u0635\u0641\u0642\u0627\u062a \u0628\u062f\u0648\u0646 Telegram \u0648\u0628\u062f\u0648\u0646 \u062c\u0644\u0628 \u0633\u0639\u0631.
2026-08-10 02:03:50,645 | INFO | scripts.run_trade_updates | Starting trade updates: 2026-08-10T02:03:50.645084+00:00
2026-08-10 02:03:50,646 | INFO | scripts.run_trade_updates | \U0001f50d Session: Asia Morning | Quality: HIGH | Allowed: True
2026-08-10 02:03:50,896 | INFO | DatabaseService | Database connected: Supabase
2026-08-10 02:03:51,648 | INFO | httpx | HTTP Request: GET https://trsmuzekxmpqtvxdkxwe.supabase.co/rest/v1/trades_demo?select=%2A&status=in.%28OPEN%2CPARTIAL%2CTP1_HIT%2CPENDING%29 "HTTP/2 200 OK"
2026-08-10 02:03:51,648 | INFO | scripts.run_trade_updates | Active/pending trades count: 0
2026-08-10 02:03:51,663 | INFO | scripts.run_trade_updates | \u0644\u0627 \u062a\u0648\u062c\u062f \u0635\u0641\u0642\u0627\u062a \u0645\u0641\u062a\u0648\u062d\u0629 \u0623\u0648 \u0623\u0648\u0627\u0645\u0631 \u0645\u0639\u0644\u0642\u0629 — skipping \u062a\u062d\u062f\u064a\u062b \u0627\u0644\u0635\u0641\u0642\u0627\u062a \u0628\u062f\u0648\u0646 Telegram \u0648\u0628\u062f\u0648\u0646 \u062c\u0644\u0628 \u0633\u0639\u0631.
2026-08-10 02:08:51,669 | INFO | scripts.run_trade_updates | Starting trade updates: 2026-08-10T02:08:51.669251+00:00
2026-08-10 02:08:51,669 | INFO | scripts.run_trade_updates | \U0001f50d Session: Asia Morning | Quality: HIGH | Allowed: True
2026-08-10 02:08:51,900 | INFO | DatabaseService | Database connected: Supabase
2026-08-10 02:08:52,870 | INFO | httpx | HTTP Request: GET https://trsmuzekxmpqtvxdkxwe.supabase.co/rest/v1/trades_demo?select=%2A&status=in.%28OPEN%2CPARTIAL%2CTP1_HIT%2CPENDING%29 "HTTP/2 200 OK"
2026-08-10 02:08:52,885 | INFO | scripts.run_trade_updates | Active/pending trades count: 0
2026-08-10 02:08:52,885 | INFO | scripts.run_trade_updates | \u0644\u0627 \u062a\u0648\u062c\u062f \u0635\u0641\u0642\u0627\u062a \u0645\u0641\u062a\u0648\u062d\u0629 \u0623\u0648 \u0623\u0648\u0627\u0645\u0631 \u0645\u0639\u0644\u0642\u0629 — skipping \u062a\u062d\u062f\u064a\u062b \u0627\u0644\u0635\u0641\u0642\u0627\u062a \u0628\u062f\u0648\u0646 Telegram \u0648\u0628\u062f\u0648\u0646 \u062c\u0644\u0628 \u0633\u0639\u0631.
2026-08-10 02:13:52,887 | INFO | scripts.run_trade_updates | Starting trade updates: 2026-08-10T02:13:52.887687+00:00
2026-08-10 02:13:52,887 | INFO | scripts.run_trade_updates | \U0001f50d Session: Asia Morning | Quality: HIGH | Allowed: True
2026-08-10 02:13:53,183 | INFO | DatabaseService | Database connected: Supabase
2026-08-10 02:13:53,745 | INFO | httpx | HTTP Request: GET https://trsmuzekxmpqtvxdkxwe.supabase.co/rest/v1/trades_demo?select=%2A&status=in.%28OPEN%2CPARTIAL%2CTP1_HIT%2CPENDING%29 "HTTP/2 200 OK"
2026-08-10 02:13:53,745 | INFO | scripts.run_trade_updates | Active/pending trades count: 0
2026-08-10 02:13:53,745 | INFO | scripts.run_trade_updates | \u0644\u0627 \u062a\u0648\u062c\u062f \u0635\u0641\u0642\u0627\u062a \u0645\u0641\u062a\u0648\u062d\u0629 \u0623\u0648 \u0623\u0648\u0627\u0645\u0631 \u0645\u0639\u0644\u0642\u0629 — skipping \u062a\u062d\u062f\u064a\u062b \u0627\u0644\u0635\u0641\u0642\u0627\u062a \u0628\u062f\u0648\u0646 Telegram \u0648\u0628\u062f\u0648\u0646 \u062c\u0644\u0628 \u0633\u0639\u0631.
2026-08-10 02:18:53,756 | INFO | scripts.run_trade_updates | Starting trade updates: 2026-08-10T02:18:53.756059+00:00
2026-08-10 02:18:53,764 | INFO | scripts.run_trade_updates | \U0001f50d Session: Asia Morning | Quality: HIGH | Allowed: True
2026-08-10 02:18:54,030 | INFO | DatabaseService | Database connected: Supabase
2026-08-10 02:18:55,189 | INFO | httpx | HTTP Request: GET https://trsmuzekxmpqtvxdkxwe.supabase.co/rest/v1/trades_demo?select=%2A&status=in.%28OPEN%2CPARTIAL%2CTP1_HIT%2CPENDING%29 "HTTP/2 200 OK"
2026-08-10 02:18:55,189 | INFO | scripts.run_trade_updates | Active/pending trades count: 0
2026-08-10 02:18:55,189 | INFO | scripts.run_trade_updates | \u0644\u0627 \u062a\u0648\u062c\u062f \u0635\u0641\u0642\u0627\u062a \u0645\u0641\u062a\u0648\u062d\u0629 \u0623\u0648 \u0623\u0648\u0627\u0645\u0631 \u0645\u0639\u0644\u0642\u0629 — skipping \u062a\u062d\u062f\u064a\u062b \u0627\u0644\u0635\u0641\u0642\u0627\u062a \u0628\u062f\u0648\u0646 Telegram \u0648\u0628\u062f\u0648\u0646 \u062c\u0644\u0628 \u0633\u0639\u0631.
2026-08-10 02:23:55,207 | INFO | scripts.run_trade_updates | Starting trade updates: 2026-08-10T02:23:55.207271+00:00
2026-08-10 02:23:55,207 | INFO | scripts.run_trade_updates | \U0001f50d Session: Asia Morning | Quality: HIGH | Allowed: True
2026-08-10 02:23:55,453 | INFO | DatabaseService | Database connected: Supabase
2026-08-10 02:23:56,503 | INFO | httpx | HTTP Request: GET https://trsmuzekxmpqtvxdkxwe.supabase.co/rest/v1/trades_demo?select=%2A&status=in.%28OPEN%2CPARTIAL%2CTP1_HIT%2CPENDING%29 "HTTP/2 200 OK"
2026-08-10 02:23:56,503 | INFO | scripts.run_trade_updates | Active/pending trades count: 0
2026-08-10 02:23:56,503 | INFO | scripts.run_trade_updates | \u0644\u0627 \u062a\u0648\u062c\u062f \u0635\u0641\u0642\u0627\u062a \u0645\u0641\u062a\u0648\u062d\u0629 \u0623\u0648 \u0623\u0648\u0627\u0645\u0631 \u0645\u0639\u0644\u0642\u0629 — skipping \u062a\u062d\u062f\u064a\u062b \u0627\u0644\u0635\u0641\u0642\u0627\u062a \u0628\u062f\u0648\u0646 Telegram \u0648\u0628\u062f\u0648\u0646 \u062c\u0644\u0628 \u0633\u0639\u0631.
2026-08-10 02:28:56,507 | INFO | scripts.run_trade_updates | Starting trade updates: 2026-08-10T02:28:56.507254+00:00
2026-08-10 02:28:56,507 | INFO | scripts.run_trade_updates | \U0001f50d Session: Asia Morning | Quality: HIGH | Allowed: True
2026-08-10 02:28:56,769 | INFO | DatabaseService | Database connected: Supabase
2026-08-10 02:28:57,863 | INFO | httpx | HTTP Request: GET https://trsmuzekxmpqtvxdkxwe.supabase.co/rest/v1/trades_demo?select=%2A&status=in.%28OPEN%2CPARTIAL%2CTP1_HIT%2CPENDING%29 "HTTP/2 200 OK"
2026-08-10 02:28:57,879 | INFO | scripts.run_trade_updates | Active/pending trades count: 0
2026-08-10 02:28:57,879 | INFO | scripts.run_trade_updates | \u0644\u0627 \u062a\u0648\u062c\u062f \u0635\u0641\u0642\u0627\u062a \u0645\u0641\u062a\u0648\u062d\u0629 \u0623\u0648 \u0623\u0648\u0627\u0645\u0631 \u0645\u0639\u0644\u0642\u0629 — skipping \u062a\u062d\u062f\u064a\u062b \u0627\u0644\u0635\u0641\u0642\u0627\u062a \u0628\u062f\u0648\u0646 Telegram \u0648\u0628\u062f\u0648\u0646 \u062c\u0644\u0628 \u0633\u0639\u0631.
2026-08-10 02:33:57,885 | INFO | scripts.run_trade_updates | Starting trade updates: 2026-08-10T02:33:57.885143+00:00
2026-08-10 02:33:57,908 | INFO | scripts.run_trade_updates | \U0001f50d Session: Asia Morning | Quality: HIGH | Allowed: True
2026-08-10 02:33:58,182 | INFO | DatabaseService | Database connected: Supabase
2026-08-10 02:33:59,344 | INFO | httpx | HTTP Request: GET https://trsmuzekxmpqtvxdkxwe.supabase.co/rest/v1/trades_demo?select=%2A&status=in.%28OPEN%2CPARTIAL%2CTP1_HIT%2CPENDING%29 "HTTP/2 200 OK"
2026-08-10 02:33:59,344 | INFO | scripts.run_trade_updates | Active/pending trades count: 0
2026-08-10 02:33:59,344 | INFO | scripts.run_trade_updates | \u0644\u0627 \u062a\u0648\u062c\u062f \u0635\u0641\u0642\u0627\u062a \u0645\u0641\u062a\u0648\u062d\u0629 \u0623\u0648 \u0623\u0648\u0627\u0645\u0631 \u0645\u0639\u0644\u0642\u0629 — skipping \u062a\u062d\u062f\u064a\u062b \u0627\u0644\u0635\u0641\u0642\u0627\u062a \u0628\u062f\u0648\u0646 Telegram \u0648\u0628\u062f\u0648\u0646 \u062c\u0644\u0628 \u0633\u0639\u0631.
2026-08-10 02:38:59,347 | INFO | scripts.run_trade_updates | Starting trade updates: 2026-08-10T02:38:59.347096+00:00
2026-08-10 02:38:59,349 | INFO | scripts.run_trade_updates | \U0001f50d Session: Asia Morning | Quality: HIGH | Allowed: True
2026-08-10 02:38:59,573 | INFO | DatabaseService | Database connected: Supabase
2026-08-10 02:39:00,679 | INFO | httpx | HTTP Request: GET https://trsmuzekxmpqtvxdkxwe.supabase.co/rest/v1/trades_demo?select=%2A&status=in.%28OPEN%2CPARTIAL%2CTP1_HIT%2CPENDING%29 "HTTP/2 200 OK"
2026-08-10 02:39:00,694 | INFO | scripts.run_trade_updates | Active/pending trades count: 0
2026-08-10 02:39:00,694 | INFO | scripts.run_trade_updates | \u0644\u0627 \u062a\u0648\u062c\u062f \u0635\u0641\u0642\u0627\u062a \u0645\u0641\u062a\u0648\u062d\u0629 \u0623\u0648 \u0623\u0648\u0627\u0645\u0631 \u0645\u0639\u0644\u0642\u0629 — skipping \u062a\u062d\u062f\u064a\u062b \u0627\u0644\u0635\u0641\u0642\u0627\u062a \u0628\u062f\u0648\u0646 Telegram \u0648\u0628\u062f\u0648\u0646 \u062c\u0644\u0628 \u0633\u0639\u0631.
2026-08-10 02:44:00,697 | INFO | scripts.run_trade_updates | Starting trade updates: 2026-08-10T02:44:00.697558+00:00
2026-08-10 02:44:00,697 | INFO | scripts.run_trade_updates | \U0001f50d Session: Asia Morning | Quality: HIGH | Allowed: True
2026-08-10 02:44:00,928 | INFO | DatabaseService | Database connected: Supabase
2026-08-10 02:44:01,961 | INFO | httpx | HTTP Request: GET https://trsmuzekxmpqtvxdkxwe.supabase.co/rest/v1/trades_demo?select=%2A&status=in.%28OPEN%2CPARTIAL%2CTP1_HIT%2CPENDING%29 "HTTP/2 200 OK"
2026-08-10 02:44:01,961 | INFO | scripts.run_trade_updates | Active/pending trades count: 0
2026-08-10 02:44:01,961 | INFO | scripts.run_trade_updates | \u0644\u0627 \u062a\u0648\u062c\u062f \u0635\u0641\u0642\u0627\u062a \u0645\u0641\u062a\u0648\u062d\u0629 \u0623\u0648 \u0623\u0648\u0627\u0645\u0631 \u0645\u0639\u0644\u0642\u0629 — skipping \u062a\u062d\u062f\u064a\u062b \u0627\u0644\u0635\u0641\u0642\u0627\u062a \u0628\u062f\u0648\u0646 Telegram \u0648\u0628\u062f\u0648\u0646 \u062c\u0644\u0628 \u0633\u0639\u0631.
2026-08-10 02:49:01,972 | INFO | scripts.run_trade_updates | Starting trade updates: 2026-08-10T02:49:01.972143+00:00
2026-08-10 02:49:01,972 | INFO | scripts.run_trade_updates | \U0001f50d Session: Asia Morning | Quality: HIGH | Allowed: True
2026-08-10 02:49:02,243 | INFO | DatabaseService | Database connected: Supabase
2026-08-10 02:49:03,322 | INFO | httpx | HTTP Request: GET https://trsmuzekxmpqtvxdkxwe.supabase.co/rest/v1/trades_demo?select=%2A&status=in.%28OPEN%2CPARTIAL%2CTP1_HIT%2CPENDING%29 "HTTP/2 200 OK"
2026-08-10 02:49:03,322 | INFO | scripts.run_trade_updates | Active/pending trades count: 0
2026-08-10 02:49:03,322 | INFO | scripts.run_trade_updates | \u0644\u0627 \u062a\u0648\u062c\u062f \u0635\u0641\u0642\u0627\u062a \u0645\u0641\u062a\u0648\u062d\u0629 \u0623\u0648 \u0623\u0648\u0627\u0645\u0631 \u0645\u0639\u0644\u0642\u0629 — skipping \u062a\u062d\u062f\u064a\u062b \u0627\u0644\u0635\u0641\u0642\u0627\u062a \u0628\u062f\u0648\u0646 Telegram \u0648\u0628\u062f\u0648\u0646 \u062c\u0644\u0628 \u0633\u0639\u0631.
2026-08-10 02:54:03,335 | INFO | scripts.run_trade_updates | Starting trade updates: 2026-08-10T02:54:03.335356+00:00
2026-08-10 02:54:03,335 | INFO | scripts.run_trade_updates | \U0001f50d Session: Asia Morning | Quality: HIGH | Allowed: True
2026-08-10 02:54:03,608 | INFO | DatabaseService | Database connected: Supabase
2026-08-10 02:54:04,659 | INFO | httpx | HTTP Request: GET https://trsmuzekxmpqtvxdkxwe.supabase.co/rest/v1/trades_demo?select=%2A&status=in.%28OPEN%2CPARTIAL%2CTP1_HIT%2CPENDING%29 "HTTP/2 200 OK"
2026-08-10 02:54:04,659 | INFO | scripts.run_trade_updates | Active/pending trades count: 0
2026-08-10 02:54:04,675 | INFO | scripts.run_trade_updates | \u0644\u0627 \u062a\u0648\u062c\u062f \u0635\u0641\u0642\u0627\u062a \u0645\u0641\u062a\u0648\u062d\u0629 \u0623\u0648 \u0623\u0648\u0627\u0645\u0631 \u0645\u0639\u0644\u0642\u0629 — skipping \u062a\u062d\u062f\u064a\u062b \u0627\u0644\u0635\u0641\u0642\u0627\u062a \u0628\u062f\u0648\u0646 Telegram \u0648\u0628\u062f\u0648\u0646 \u062c\u0644\u0628 \u0633\u0639\u0631.
2026-08-10 02:59:04,676 | INFO | scripts.run_trade_updates | Starting trade updates: 2026-08-10T02:59:04.676745+00:00
2026-08-10 02:59:04,738 | INFO | scripts.run_trade_updates | \U0001f50d Session: Asia Morning | Quality: HIGH | Allowed: True
2026-08-10 02:59:05,246 | INFO | DatabaseService | Database connected: Supabase
2026-08-10 02:59:05,904 | INFO | httpx | HTTP Request: GET https://trsmuzekxmpqtvxdkxwe.supabase.co/rest/v1/trades_demo?select=%2A&status=in.%28OPEN%2CPARTIAL%2CTP1_HIT%2CPENDING%29 "HTTP/2 200 OK"
2026-08-10 02:59:05,904 | INFO | scripts.run_trade_updates | Active/pending trades count: 0
2026-08-10 02:59:05,904 | INFO | scripts.run_trade_updates | \u0644\u0627 \u062a\u0648\u062c\u062f \u0635\u0641\u0642\u0627\u062a \u0645\u0641\u062a\u0648\u062d\u0629 \u0623\u0648 \u0623\u0648\u0627\u0645\u0631 \u0645\u0639\u0644\u0642\u0629 — skipping \u062a\u062d\u062f\u064a\u062b \u0627\u0644\u0635\u0641\u0642\u0627\u062a \u0628\u062f\u0648\u0646 Telegram \u0648\u0628\u062f\u0648\u0646 \u062c\u0644\u0628 \u0633\u0639\u0631.
2026-08-10 03:04:05,912 | INFO | scripts.run_trade_updates | Starting trade updates: 2026-08-10T03:04:05.912890+00:00
2026-08-10 03:04:05,912 | INFO | scripts.run_trade_updates | \U0001f50d Session: Asia Morning | Quality: HIGH | Allowed: True
2026-08-10 03:04:06,162 | INFO | DatabaseService | Database connected: Supabase
2026-08-10 03:04:07,210 | INFO | httpx | HTTP Request: GET https://trsmuzekxmpqtvxdkxwe.supabase.co/rest/v1/trades_demo?select=%2A&status=in.%28OPEN%2CPARTIAL%2CTP1_HIT%2CPENDING%29 "HTTP/2 200 OK"
2026-08-10 03:04:07,210 | INFO | scripts.run_trade_updates | Active/pending trades count: 0
2026-08-10 03:04:07,210 | INFO | scripts.run_trade_updates | \u0644\u0627 \u062a\u0648\u062c\u062f \u0635\u0641\u0642\u0627\u062a \u0645\u0641\u062a\u0648\u062d\u0629 \u0623\u0648 \u0623\u0648\u0627\u0645\u0631 \u0645\u0639\u0644\u0642\u0629 — skipping \u062a\u062d\u062f\u064a\u062b \u0627\u0644\u0635\u0641\u0642\u0627\u062a \u0628\u062f\u0648\u0646 Telegram \u0648\u0628\u062f\u0648\u0646 \u062c\u0644\u0628 \u0633\u0639\u0631.
2026-08-10 03:09:07,217 | INFO | scripts.run_trade_updates | Starting trade updates: 2026-08-10T03:09:07.217434+00:00
2026-08-10 03:09:07,217 | INFO | scripts.run_trade_updates | \U0001f50d Session: Asia Morning | Quality: HIGH | Allowed: True
2026-08-10 03:09:07,481 | INFO | DatabaseService | Database connected: Supabase
2026-08-10 03:09:08,529 | INFO | httpx | HTTP Request: GET https://trsmuzekxmpqtvxdkxwe.supabase.co/rest/v1/trades_demo?select=%2A&status=in.%28OPEN%2CPARTIAL%2CTP1_HIT%2CPENDING%29 "HTTP/2 200 OK"
2026-08-10 03:09:08,529 | INFO | scripts.run_trade_updates | Active/pending trades count: 0
2026-08-10 03:09:08,529 | INFO | scripts.run_trade_updates | \u0644\u0627 \u062a\u0648\u062c\u062f \u0635\u0641\u0642\u0627\u062a \u0645\u0641\u062a\u0648\u062d\u0629 \u0623\u0648 \u0623\u0648\u0627\u0645\u0631 \u0645\u0639\u0644\u0642\u0629 — skipping \u062a\u062d\u062f\u064a\u062b \u0627\u0644\u0635\u0641\u0642\u0627\u062a \u0628\u062f\u0648\u0646 Telegram \u0648\u0628\u062f\u0648\u0646 \u062c\u0644\u0628 \u0633\u0639\u0631.
2026-08-10 03:14:08,539 | INFO | scripts.run_trade_updates | Starting trade updates: 2026-08-10T03:14:08.539818+00:00
2026-08-10 03:14:08,539 | INFO | scripts.run_trade_updates | \U0001f50d Session: Asia Morning | Quality: HIGH | Allowed: True
2026-08-10 03:14:08,781 | INFO | DatabaseService | Database connected: Supabase
2026-08-10 03:14:09,883 | INFO | httpx | HTTP Request: GET https://trsmuzekxmpqtvxdkxwe.supabase.co/rest/v1/trades_demo?select=%2A&status=in.%28OPEN%2CPARTIAL%2CTP1_HIT%2CPENDING%29 "HTTP/2 200 OK"
2026-08-10 03:14:09,899 | INFO | scripts.run_trade_updates | Active/pending trades count: 0
2026-08-10 03:14:09,920 | INFO | scripts.run_trade_updates | \u0644\u0627 \u062a\u0648\u062c\u062f \u0635\u0641\u0642\u0627\u062a \u0645\u0641\u062a\u0648\u062d\u0629 \u0623\u0648 \u0623\u0648\u0627\u0645\u0631 \u0645\u0639\u0644\u0642\u0629 — skipping \u062a\u062d\u062f\u064a\u062b \u0627\u0644\u0635\u0641\u0642\u0627\u062a \u0628\u062f\u0648\u0646 Telegram \u0648\u0628\u062f\u0648\u0646 \u062c\u0644\u0628 \u0633\u0639\u0631.
2026-08-10 03:19:09,933 | INFO | scripts.run_trade_updates | Starting trade updates: 2026-08-10T03:19:09.933590+00:00
2026-08-10 03:19:09,933 | INFO | scripts.run_trade_updates | \U0001f50d Session: Asia Morning | Quality: HIGH | Allowed: True
2026-08-10 03:19:10,378 | INFO | DatabaseService | Database connected: Supabase
2026-08-10 03:19:11,451 | INFO | httpx | HTTP Request: GET https://trsmuzekxmpqtvxdkxwe.supabase.co/rest/v1/trades_demo?select=%2A&status=in.%28OPEN%2CPARTIAL%2CTP1_HIT%2CPENDING%29 "HTTP/2 200 OK"
2026-08-10 03:19:11,451 | INFO | scripts.run_trade_updates | Active/pending trades count: 0
2026-08-10 03:19:11,451 | INFO | scripts.run_trade_updates | \u0644\u0627 \u062a\u0648\u062c\u062f \u0635\u0641\u0642\u0627\u062a \u0645\u0641\u062a\u0648\u062d\u0629 \u0623\u0648 \u0623\u0648\u0627\u0645\u0631 \u0645\u0639\u0644\u0642\u0629 — skipping \u062a\u062d\u062f\u064a\u062b \u0627\u0644\u0635\u0641\u0642\u0627\u062a \u0628\u062f\u0648\u0646 Telegram \u0648\u0628\u062f\u0648\u0646 \u062c\u0644\u0628 \u0633\u0639\u0631.
2026-08-10 03:24:11,457 | INFO | scripts.run_trade_updates | Starting trade updates: 2026-08-10T03:24:11.457552+00:00
2026-08-10 03:24:11,457 | INFO | scripts.run_trade_updates | \U0001f50d Session: Asia Morning | Quality: HIGH | Allowed: True
2026-08-10 03:24:11,713 | INFO | DatabaseService | Database connected: Supabase
2026-08-10 03:24:12,292 | INFO | httpx | HTTP Request: GET https://trsmuzekxmpqtvxdkxwe.supabase.co/rest/v1/trades_demo?select=%2A&status=in.%28OPEN%2CPARTIAL%2CTP1_HIT%2CPENDING%29 "HTTP/2 200 OK"
2026-08-10 03:24:12,292 | INFO | scripts.run_trade_updates | Active/pending trades count: 0
2026-08-10 03:24:12,292 | INFO | scripts.run_trade_updates | \u0644\u0627 \u062a\u0648\u062c\u062f \u0635\u0641\u0642\u0627\u062a \u0645\u0641\u062a\u0648\u062d\u0629 \u0623\u0648 \u0623\u0648\u0627\u0645\u0631 \u0645\u0639\u0644\u0642\u0629 — skipping \u062a\u062d\u062f\u064a\u062b \u0627\u0644\u0635\u0641\u0642\u0627\u062a \u0628\u062f\u0648\u0646 Telegram \u0648\u0628\u062f\u0648\u0646 \u062c\u0644\u0628 \u0633\u0639\u0631.
2026-08-10 03:29:12,313 | INFO | scripts.run_trade_updates | Starting trade updates: 2026-08-10T03:29:12.313070+00:00
2026-08-10 03:29:12,313 | INFO | scripts.run_trade_updates | \U0001f50d Session: Asia Morning | Quality: HIGH | Allowed: True
2026-08-10 03:29:12,559 | INFO | DatabaseService | Database connected: Supabase
2026-08-10 03:29:13,577 | INFO | httpx | HTTP Request: GET https://trsmuzekxmpqtvxdkxwe.supabase.co/rest/v1/trades_demo?select=%2A&status=in.%28OPEN%2CPARTIAL%2CTP1_HIT%2CPENDING%29 "HTTP/2 200 OK"
2026-08-10 03:29:13,577 | INFO | scripts.run_trade_updates | Active/pending trades count: 0
2026-08-10 03:29:13,577 | INFO | scripts.run_trade_updates | \u0644\u0627 \u062a\u0648\u062c\u062f \u0635\u0641\u0642\u0627\u062a \u0645\u0641\u062a\u0648\u062d\u0629 \u0623\u0648 \u0623\u0648\u0627\u0645\u0631 \u0645\u0639\u0644\u0642\u0629 — skipping \u062a\u062d\u062f\u064a\u062b \u0627\u0644\u0635\u0641\u0642\u0627\u062a \u0628\u062f\u0648\u0646 Telegram \u0648\u0628\u062f\u0648\u0646 \u062c\u0644\u0628 \u0633\u0639\u0631.
2026-08-10 03:34:13,586 | INFO | scripts.run_trade_updates | Starting trade updates: 2026-08-10T03:34:13.586987+00:00
2026-08-10 03:34:13,586 | INFO | scripts.run_trade_updates | \U0001f50d Session: Asia Morning | Quality: HIGH | Allowed: True
2026-08-10 03:34:13,810 | INFO | DatabaseService | Database connected: Supabase
2026-08-10 03:34:14,867 | INFO | httpx | HTTP Request: GET https://trsmuzekxmpqtvxdkxwe.supabase.co/rest/v1/trades_demo?select=%2A&status=in.%28OPEN%2CPARTIAL%2CTP1_HIT%2CPENDING%29 "HTTP/2 200 OK"
2026-08-10 03:34:14,874 | INFO | scripts.run_trade_updates | Active/pending trades count: 0
2026-08-10 03:34:14,874 | INFO | scripts.run_trade_updates | \u0644\u0627 \u062a\u0648\u062c\u062f \u0635\u0641\u0642\u0627\u062a \u0645\u0641\u062a\u0648\u062d\u0629 \u0623\u0648 \u0623\u0648\u0627\u0645\u0631 \u0645\u0639\u0644\u0642\u0629 — skipping \u062a\u062d\u062f\u064a\u062b \u0627\u0644\u0635\u0641\u0642\u0627\u062a \u0628\u062f\u0648\u0646 Telegram \u0648\u0628\u062f\u0648\u0646 \u062c\u0644\u0628 \u0633\u0639\u0631.
2026-08-10 03:39:14,875 | INFO | scripts.run_trade_updates | Starting trade updates: 2026-08-10T03:39:14.875843+00:00
2026-08-10 03:39:14,876 | INFO | scripts.run_trade_updates | \U0001f50d Session: Asia Morning | Quality: HIGH | Allowed: True
2026-08-10 03:39:15,111 | INFO | DatabaseService | Database connected: Supabase
2026-08-10 03:39:16,144 | INFO | httpx | HTTP Request: GET https://trsmuzekxmpqtvxdkxwe.supabase.co/rest/v1/trades_demo?select=%2A&status=in.%28OPEN%2CPARTIAL%2CTP1_HIT%2CPENDING%29 "HTTP/2 200 OK"
2026-08-10 03:39:16,144 | INFO | scripts.run_trade_updates | Active/pending trades count: 0
2026-08-10 03:39:16,144 | INFO | scripts.run_trade_updates | \u0644\u0627 \u062a\u0648\u062c\u062f \u0635\u0641\u0642\u0627\u062a \u0645\u0641\u062a\u0648\u062d\u0629 \u0623\u0648 \u0623\u0648\u0627\u0645\u0631 \u0645\u0639\u0644\u0642\u0629 — skipping \u062a\u062d\u062f\u064a\u062b \u0627\u0644\u0635\u0641\u0642\u0627\u062a \u0628\u062f\u0648\u0646 Telegram \u0648\u0628\u062f\u0648\u0646 \u062c\u0644\u0628 \u0633\u0639\u0631.
2026-08-10 03:44:16,153 | INFO | scripts.run_trade_updates | Starting trade updates: 2026-08-10T03:44:16.153776+00:00
2026-08-10 03:44:16,156 | INFO | scripts.run_trade_updates | \U0001f50d Session: Asia Morning | Quality: HIGH | Allowed: True
2026-08-10 03:44:16,375 | INFO | DatabaseService | Database connected: Supabase
2026-08-10 03:44:17,423 | INFO | httpx | HTTP Request: GET https://trsmuzekxmpqtvxdkxwe.supabase.co/rest/v1/trades_demo?select=%2A&status=in.%28OPEN%2CPARTIAL%2CTP1_HIT%2CPENDING%29 "HTTP/2 200 OK"
2026-08-10 03:44:17,423 | INFO | scripts.run_trade_updates | Active/pending trades count: 0
2026-08-10 03:44:17,423 | INFO | scripts.run_trade_updates | \u0644\u0627 \u062a\u0648\u062c\u062f \u0635\u0641\u0642\u0627\u062a \u0645\u0641\u062a\u0648\u062d\u0629 \u0623\u0648 \u0623\u0648\u0627\u0645\u0631 \u0645\u0639\u0644\u0642\u0629 — skipping \u062a\u062d\u062f\u064a\u062b \u0627\u0644\u0635\u0641\u0642\u0627\u062a \u0628\u062f\u0648\u0646 Telegram \u0648\u0628\u062f\u0648\u0646 \u062c\u0644\u0628 \u0633\u0639\u0631.
2026-08-10 03:49:17,435 | INFO | scripts.run_trade_updates | Starting trade updates: 2026-08-10T03:49:17.435968+00:00
2026-08-10 03:49:17,441 | INFO | scripts.run_trade_updates | \U0001f50d Session: Asia Morning | Quality: HIGH | Allowed: True
2026-08-10 03:49:17,676 | INFO | DatabaseService | Database connected: Supabase
2026-08-10 03:49:18,723 | INFO | httpx | HTTP Request: GET https://trsmuzekxmpqtvxdkxwe.supabase.co/rest/v1/trades_demo?select=%2A&status=in.%28OPEN%2CPARTIAL%2CTP1_HIT%2CPENDING%29 "HTTP/2 200 OK"
2026-08-10 03:49:18,723 | INFO | scripts.run_trade_updates | Active/pending trades count: 0
2026-08-10 03:49:18,723 | INFO | scripts.run_trade_updates | \u0644\u0627 \u062a\u0648\u062c\u062f \u0635\u0641\u0642\u0627\u062a \u0645\u0641\u062a\u0648\u062d\u0629 \u0623\u0648 \u0623\u0648\u0627\u0645\u0631 \u0645\u0639\u0644\u0642\u0629 — skipping \u062a\u062d\u062f\u064a\u062b \u0627\u0644\u0635\u0641\u0642\u0627\u062a \u0628\u062f\u0648\u0646 Telegram \u0648\u0628\u062f\u0648\u0646 \u062c\u0644\u0628 \u0633\u0639\u0631.
2026-08-10 03:54:18,733 | INFO | scripts.run_trade_updates | Starting trade updates: 2026-08-10T03:54:18.733436+00:00
2026-08-10 03:54:18,733 | INFO | scripts.run_trade_updates | \U0001f50d Session: Asia Morning | Quality: HIGH | Allowed: True
2026-08-10 03:54:18,916 | INFO | DatabaseService | Database connected: Supabase
2026-08-10 03:54:19,386 | INFO | httpx | HTTP Request: GET https://trsmuzekxmpqtvxdkxwe.supabase.co/rest/v1/trades_demo?select=%2A&status=in.%28OPEN%2CPARTIAL%2CTP1_HIT%2CPENDING%29 "HTTP/2 200 OK"
2026-08-10 03:54:19,386 | INFO | scripts.run_trade_updates | Active/pending trades count: 0
2026-08-10 03:54:19,386 | INFO | scripts.run_trade_updates | \u0644\u0627 \u062a\u0648\u062c\u062f \u0635\u0641\u0642\u0627\u062a \u0645\u0641\u062a\u0648\u062d\u0629 \u0623\u0648 \u0623\u0648\u0627\u0645\u0631 \u0645\u0639\u0644\u0642\u0629 — skipping \u062a\u062d\u062f\u064a\u062b \u0627\u0644\u0635\u0641\u0642\u0627\u062a \u0628\u062f\u0648\u0646 Telegram \u0648\u0628\u062f\u0648\u0646 \u062c\u0644\u0628 \u0633\u0639\u0631.
2026-08-10 03:59:19,401 | INFO | scripts.run_trade_updates | Starting trade updates: 2026-08-10T03:59:19.401602+00:00
2026-08-10 03:59:19,401 | INFO | scripts.run_trade_updates | \U0001f50d Session: Asia Morning | Quality: HIGH | Allowed: True
2026-08-10 03:59:19,676 | INFO | DatabaseService | Database connected: Supabase
2026-08-10 03:59:20,223 | INFO | httpx | HTTP Request: GET https://trsmuzekxmpqtvxdkxwe.supabase.co/rest/v1/trades_demo?select=%2A&status=in.%28OPEN%2CPARTIAL%2CTP1_HIT%2CPENDING%29 "HTTP/2 200 OK"
2026-08-10 03:59:20,223 | INFO | scripts.run_trade_updates | Active/pending trades count: 0
2026-08-10 03:59:20,223 | INFO | scripts.run_trade_updates | \u0644\u0627 \u062a\u0648\u062c\u062f \u0635\u0641\u0642\u0627\u062a \u0645\u0641\u062a\u0648\u062d\u0629 \u0623\u0648 \u0623\u0648\u0627\u0645\u0631 \u0645\u0639\u0644\u0642\u0629 — skipping \u062a\u062d\u062f\u064a\u062b \u0627\u0644\u0635\u0641\u0642\u0627\u062a \u0628\u062f\u0648\u0646 Telegram \u0648\u0628\u062f\u0648\u0646 \u062c\u0644\u0628 \u0633\u0639\u0631.
2026-08-10 04:04:20,232 | INFO | scripts.run_trade_updates | Starting trade updates: 2026-08-10T04:04:20.232936+00:00
2026-08-10 04:04:20,232 | INFO | scripts.run_trade_updates | \U0001f50d Session: Asia Morning | Quality: HIGH | Allowed: True
2026-08-10 04:04:20,473 | INFO | DatabaseService | Database connected: Supabase
2026-08-10 04:04:21,485 | INFO | httpx | HTTP Request: GET https://trsmuzekxmpqtvxdkxwe.supabase.co/rest/v1/trades_demo?select=%2A&status=in.%28OPEN%2CPARTIAL%2CTP1_HIT%2CPENDING%29 "HTTP/2 200 OK"
2026-08-10 04:04:21,485 | INFO | scripts.run_trade_updates | Active/pending trades count: 0
2026-08-10 04:04:21,485 | INFO | scripts.run_trade_updates | \u0644\u0627 \u062a\u0648\u062c\u062f \u0635\u0641\u0642\u0627\u062a \u0645\u0641\u062a\u0648\u062d\u0629 \u0623\u0648 \u0623\u0648\u0627\u0645\u0631 \u0645\u0639\u0644\u0642\u0629 — skipping \u062a\u062d\u062f\u064a\u062b \u0627\u0644\u0635\u0641\u0642\u0627\u062a \u0628\u062f\u0648\u0646 Telegram \u0648\u0628\u062f\u0648\u0646 \u062c\u0644\u0628 \u0633\u0639\u0631.
2026-08-10 04:09:21,498 | INFO | scripts.run_trade_updates | Starting trade updates: 2026-08-10T04:09:21.498710+00:00
2026-08-10 04:09:21,498 | INFO | scripts.run_trade_updates | \U0001f50d Session: Asia Morning | Quality: HIGH | Allowed: True
2026-08-10 04:09:21,747 | INFO | DatabaseService | Database connected: Supabase
2026-08-10 04:09:22,763 | INFO | httpx | HTTP Request: GET https://trsmuzekxmpqtvxdkxwe.supabase.co/rest/v1/trades_demo?select=%2A&status=in.%28OPEN%2CPARTIAL%2CTP1_HIT%2CPENDING%29 "HTTP/2 200 OK"
2026-08-10 04:09:22,763 | INFO | scripts.run_trade_updates | Active/pending trades count: 0
2026-08-10 04:09:22,763 | INFO | scripts.run_trade_updates | \u0644\u0627 \u062a\u0648\u062c\u062f \u0635\u0641\u0642\u0627\u062a \u0645\u0641\u062a\u0648\u062d\u0629 \u0623\u0648 \u0623\u0648\u0627\u0645\u0631 \u0645\u0639\u0644\u0642\u0629 — skipping \u062a\u062d\u062f\u064a\u062b \u0627\u0644\u0635\u0641\u0642\u0627\u062a \u0628\u062f\u0648\u0646 Telegram \u0648\u0628\u062f\u0648\u0646 \u062c\u0644\u0628 \u0633\u0639\u0631.
2026-08-10 04:14:22,772 | INFO | scripts.run_trade_updates | Starting trade updates: 2026-08-10T04:14:22.772481+00:00
2026-08-10 04:14:22,772 | INFO | scripts.run_trade_updates | \U0001f50d Session: Asia Morning | Quality: HIGH | Allowed: True
2026-08-10 04:14:23,016 | INFO | DatabaseService | Database connected: Supabase
2026-08-10 04:14:23,548 | INFO | httpx | HTTP Request: GET https://trsmuzekxmpqtvxdkxwe.supabase.co/rest/v1/trades_demo?select=%2A&status=in.%28OPEN%2CPARTIAL%2CTP1_HIT%2CPENDING%29 "HTTP/2 200 OK"
2026-08-10 04:14:23,564 | INFO | scripts.run_trade_updates | Active/pending trades count: 0
2026-08-10 04:14:23,564 | INFO | scripts.run_trade_updates | \u0644\u0627 \u062a\u0648\u062c\u062f \u0635\u0641\u0642\u0627\u062a \u0645\u0641\u062a\u0648\u062d\u0629 \u0623\u0648 \u0623\u0648\u0627\u0645\u0631 \u0645\u0639\u0644\u0642\u0629 — skipping \u062a\u062d\u062f\u064a\u062b \u0627\u0644\u0635\u0641\u0642\u0627\u062a \u0628\u062f\u0648\u0646 Telegram \u0648\u0628\u062f\u0648\u0646 \u062c\u0644\u0628 \u0633\u0639\u0631.
2026-08-10 04:19:23,570 | INFO | scripts.run_trade_updates | Starting trade updates: 2026-08-10T04:19:23.570827+00:00
2026-08-10 04:19:23,570 | INFO | scripts.run_trade_updates | \U0001f50d Session: Asia Morning | Quality: HIGH | Allowed: True
2026-08-10 04:19:23,816 | INFO | DatabaseService | Database connected: Supabase
2026-08-10 04:19:24,348 | INFO | httpx | HTTP Request: GET https://trsmuzekxmpqtvxdkxwe.supabase.co/rest/v1/trades_demo?select=%2A&status=in.%28OPEN%2CPARTIAL%2CTP1_HIT%2CPENDING%29 "HTTP/2 200 OK"
2026-08-10 04:19:24,348 | INFO | scripts.run_trade_updates | Active/pending trades count: 0
2026-08-10 04:19:24,348 | INFO | scripts.run_trade_updates | \u0644\u0627 \u062a\u0648\u062c\u062f \u0635\u0641\u0642\u0627\u062a \u0645\u0641\u062a\u0648\u062d\u0629 \u0623\u0648 \u0623\u0648\u0627\u0645\u0631 \u0645\u0639\u0644\u0642\u0629 — skipping \u062a\u062d\u062f\u064a\u062b \u0627\u0644\u0635\u0641\u0642\u0627\u062a \u0628\u062f\u0648\u0646 Telegram \u0648\u0628\u062f\u0648\u0646 \u062c\u0644\u0628 \u0633\u0639\u0631.
2026-08-10 04:24:24,356 | INFO | scripts.run_trade_updates | Starting trade updates: 2026-08-10T04:24:24.356526+00:00
2026-08-10 04:24:24,356 | INFO | scripts.run_trade_updates | \U0001f50d Session: Asia Morning | Quality: HIGH | Allowed: True
2026-08-10 04:24:24,588 | INFO | DatabaseService | Database connected: Supabase
2026-08-10 04:24:25,573 | INFO | httpx | HTTP Request: GET https://trsmuzekxmpqtvxdkxwe.supabase.co/rest/v1/trades_demo?select=%2A&status=in.%28OPEN%2CPARTIAL%2CTP1_HIT%2CPENDING%29 "HTTP/2 200 OK"
2026-08-10 04:24:25,589 | INFO | scripts.run_trade_updates | Active/pending trades count: 0
2026-08-10 04:24:25,589 | INFO | scripts.run_trade_updates | \u0644\u0627 \u062a\u0648\u062c\u062f \u0635\u0641\u0642\u0627\u062a \u0645\u0641\u062a\u0648\u062d\u0629 \u0623\u0648 \u0623\u0648\u0627\u0645\u0631 \u0645\u0639\u0644\u0642\u0629 — skipping \u062a\u062d\u062f\u064a\u062b \u0627\u0644\u0635\u0641\u0642\u0627\u062a \u0628\u062f\u0648\u0646 Telegram \u0648\u0628\u062f\u0648\u0646 \u062c\u0644\u0628 \u0633\u0639\u0631.
2026-08-10 04:29:25,591 | INFO | scripts.run_trade_updates | Starting trade updates: 2026-08-10T04:29:25.591470+00:00
2026-08-10 04:29:25,595 | INFO | scripts.run_trade_updates | \U0001f50d Session: Asia Morning | Quality: HIGH | Allowed: True
2026-08-10 04:29:25,860 | INFO | DatabaseService | Database connected: Supabase
2026-08-10 04:29:26,408 | INFO | httpx | HTTP Request: GET https://trsmuzekxmpqtvxdkxwe.supabase.co/rest/v1/trades_demo?select=%2A&status=in.%28OPEN%2CPARTIAL%2CTP1_HIT%2CPENDING%29 "HTTP/2 200 OK"
2026-08-10 04:29:26,408 | INFO | scripts.run_trade_updates | Active/pending trades count: 0
2026-08-10 04:29:26,408 | INFO | scripts.run_trade_updates | \u0644\u0627 \u062a\u0648\u062c\u062f \u0635\u0641\u0642\u0627\u062a \u0645\u0641\u062a\u0648\u062d\u0629 \u0623\u0648 \u0623\u0648\u0627\u0645\u0631 \u0645\u0639\u0644\u0642\u0629 — skipping \u062a\u062d\u062f\u064a\u062b \u0627\u0644\u0635\u0641\u0642\u0627\u062a \u0628\u062f\u0648\u0646 Telegram \u0648\u0628\u062f\u0648\u0646 \u062c\u0644\u0628 \u0633\u0639\u0631.
2026-08-10 04:34:26,423 | INFO | scripts.run_trade_updates | Starting trade updates: 2026-08-10T04:34:26.423414+00:00
2026-08-10 04:34:26,423 | INFO | scripts.run_trade_updates | \U0001f50d Session: Asia Morning | Quality: HIGH | Allowed: True
2026-08-10 04:34:26,684 | INFO | DatabaseService | Database connected: Supabase
2026-08-10 04:34:27,730 | INFO | httpx | HTTP Request: GET https://trsmuzekxmpqtvxdkxwe.supabase.co/rest/v1/trades_demo?select=%2A&status=in.%28OPEN%2CPARTIAL%2CTP1_HIT%2CPENDING%29 "HTTP/2 200 OK"
2026-08-10 04:34:27,730 | INFO | scripts.run_trade_updates | Active/pending trades count: 0
2026-08-10 04:34:27,730 | INFO | scripts.run_trade_updates | \u0644\u0627 \u062a\u0648\u062c\u062f \u0635\u0641\u0642\u0627\u062a \u0645\u0641\u062a\u0648\u062d\u0629 \u0623\u0648 \u0623\u0648\u0627\u0645\u0631 \u0645\u0639\u0644\u0642\u0629 — skipping \u062a\u062d\u062f\u064a\u062b \u0627\u0644\u0635\u0641\u0642\u0627\u062a \u0628\u062f\u0648\u0646 Telegram \u0648\u0628\u062f\u0648\u0646 \u062c\u0644\u0628 \u0633\u0639\u0631.
2026-08-10 04:39:27,745 | INFO | scripts.run_trade_updates | Starting trade updates: 2026-08-10T04:39:27.745649+00:00
2026-08-10 04:39:27,749 | INFO | scripts.run_trade_updates | \U0001f50d Session: Asia Morning | Quality: HIGH | Allowed: True
2026-08-10 04:39:28,015 | INFO | DatabaseService | Database connected: Supabase
2026-08-10 04:39:29,017 | INFO | httpx | HTTP Request: GET https://trsmuzekxmpqtvxdkxwe.supabase.co/rest/v1/trades_demo?select=%2A&status=in.%28OPEN%2CPARTIAL%2CTP1_HIT%2CPENDING%29 "HTTP/2 200 OK"
2026-08-10 04:39:29,017 | INFO | scripts.run_trade_updates | Active/pending trades count: 0
2026-08-10 04:39:29,017 | INFO | scripts.run_trade_updates | \u0644\u0627 \u062a\u0648\u062c\u062f \u0635\u0641\u0642\u0627\u062a \u0645\u0641\u062a\u0648\u062d\u0629 \u0623\u0648 \u0623\u0648\u0627\u0645\u0631 \u0645\u0639\u0644\u0642\u0629 — skipping \u062a\u062d\u062f\u064a\u062b \u0627\u0644\u0635\u0641\u0642\u0627\u062a \u0628\u062f\u0648\u0646 Telegram \u0648\u0628\u062f\u0648\u0646 \u062c\u0644\u0628 \u0633\u0639\u0631.
2026-08-10 04:44:29,028 | INFO | scripts.run_trade_updates | Starting trade updates: 2026-08-10T04:44:29.028531+00:00
2026-08-10 04:44:29,028 | INFO | scripts.run_trade_updates | \U0001f50d Session: Asia Morning | Quality: HIGH | Allowed: True
2026-08-10 04:44:29,273 | INFO | DatabaseService | Database connected: Supabase
2026-08-10 04:44:29,820 | INFO | httpx | HTTP Request: GET https://trsmuzekxmpqtvxdkxwe.supabase.co/rest/v1/trades_demo?select=%2A&status=in.%28OPEN%2CPARTIAL%2CTP1_HIT%2CPENDING%29 "HTTP/2 200 OK"
2026-08-10 04:44:29,820 | INFO | scripts.run_trade_updates | Active/pending trades count: 0
2026-08-10 04:44:29,820 | INFO | scripts.run_trade_updates | \u0644\u0627 \u062a\u0648\u062c\u062f \u0635\u0641\u0642\u0627\u062a \u0645\u0641\u062a\u0648\u062d\u0629 \u0623\u0648 \u0623\u0648\u0627\u0645\u0631 \u0645\u0639\u0644\u0642\u0629 — skipping \u062a\u062d\u062f\u064a\u062b \u0627\u0644\u0635\u0641\u0642\u0627\u062a \u0628\u062f\u0648\u0646 Telegram \u0648\u0628\u062f\u0648\u0646 \u062c\u0644\u0628 \u0633\u0639\u0631.
2026-08-10 04:49:29,828 | INFO | scripts.run_trade_updates | Starting trade updates: 2026-08-10T04:49:29.828681+00:00
2026-08-10 04:49:29,832 | INFO | scripts.run_trade_updates | \U0001f50d Session: Asia Morning | Quality: HIGH | Allowed: True
2026-08-10 04:49:30,099 | INFO | DatabaseService | Database connected: Supabase
2026-08-10 04:49:31,252 | INFO | httpx | HTTP Request: GET https://trsmuzekxmpqtvxdkxwe.supabase.co/rest/v1/trades_demo?select=%2A&status=in.%28OPEN%2CPARTIAL%2CTP1_HIT%2CPENDING%29 "HTTP/2 200 OK"
2026-08-10 04:49:31,252 | INFO | scripts.run_trade_updates | Active/pending trades count: 0
2026-08-10 04:49:31,252 | INFO | scripts.run_trade_updates | \u0644\u0627 \u062a\u0648\u062c\u062f \u0635\u0641\u0642\u0627\u062a \u0645\u0641\u062a\u0648\u062d\u0629 \u0623\u0648 \u0623\u0648\u0627\u0645\u0631 \u0645\u0639\u0644\u0642\u0629 — skipping \u062a\u062d\u062f\u064a\u062b \u0627\u0644\u0635\u0641\u0642\u0627\u062a \u0628\u062f\u0648\u0646 Telegram \u0648\u0628\u062f\u0648\u0646 \u062c\u0644\u0628 \u0633\u0639\u0631.
2026-08-10 04:54:31,265 | INFO | scripts.run_trade_updates | Starting trade updates: 2026-08-10T04:54:31.265492+00:00
2026-08-10 04:54:31,265 | INFO | scripts.run_trade_updates | \U0001f50d Session: Asia Morning | Quality: HIGH | Allowed: True
2026-08-10 04:54:31,508 | INFO | DatabaseService | Database connected: Supabase
2026-08-10 04:54:32,573 | INFO | httpx | HTTP Request: GET https://trsmuzekxmpqtvxdkxwe.supabase.co/rest/v1/trades_demo?select=%2A&status=in.%28OPEN%2CPARTIAL%2CTP1_HIT%2CPENDING%29 "HTTP/2 200 OK"
2026-08-10 04:54:32,573 | INFO | scripts.run_trade_updates | Active/pending trades count: 0
2026-08-10 04:54:32,573 | INFO | scripts.run_trade_updates | \u0644\u0627 \u062a\u0648\u062c\u062f \u0635\u0641\u0642\u0627\u062a \u0645\u0641\u062a\u0648\u062d\u0629 \u0623\u0648 \u0623\u0648\u0627\u0645\u0631 \u0645\u0639\u0644\u0642\u0629 — skipping \u062a\u062d\u062f\u064a\u062b \u0627\u0644\u0635\u0641\u0642\u0627\u062a \u0628\u062f\u0648\u0646 Telegram \u0648\u0628\u062f\u0648\u0646 \u062c\u0644\u0628 \u0633\u0639\u0631.
2026-08-10 04:59:32,587 | INFO | scripts.run_trade_updates | Starting trade updates: 2026-08-10T04:59:32.587932+00:00
2026-08-10 04:59:32,587 | INFO | scripts.run_trade_updates | \U0001f50d Session: Asia Morning | Quality: HIGH | Allowed: True
2026-08-10 04:59:32,835 | INFO | DatabaseService | Database connected: Supabase
2026-08-10 04:59:33,398 | INFO | httpx | HTTP Request: GET https://trsmuzekxmpqtvxdkxwe.supabase.co/rest/v1/trades_demo?select=%2A&status=in.%28OPEN%2CPARTIAL%2CTP1_HIT%2CPENDING%29 "HTTP/2 200 OK"
2026-08-10 04:59:33,398 | INFO | scripts.run_trade_updates | Active/pending trades count: 0
2026-08-10 04:59:33,398 | INFO | scripts.run_trade_updates | \u0644\u0627 \u062a\u0648\u062c\u062f \u0635\u0641\u0642\u0627\u062a \u0645\u0641\u062a\u0648\u062d\u0629 \u0623\u0648 \u0623\u0648\u0627\u0645\u0631 \u0645\u0639\u0644\u0642\u0629 — skipping \u062a\u062d\u062f\u064a\u062b \u0627\u0644\u0635\u0641\u0642\u0627\u062a \u0628\u062f\u0648\u0646 Telegram \u0648\u0628\u062f\u0648\u0646 \u062c\u0644\u0628 \u0633\u0639\u0631.
2026-08-10 05:04:33,413 | INFO | scripts.run_trade_updates | Starting trade updates: 2026-08-10T05:04:33.413082+00:00
2026-08-10 05:04:33,413 | INFO | scripts.run_trade_updates | \U0001f50d Session: Asia Morning | Quality: HIGH | Allowed: True
2026-08-10 05:04:33,673 | INFO | DatabaseService | Database connected: Supabase
2026-08-10 05:04:34,799 | INFO | httpx | HTTP Request: GET https://trsmuzekxmpqtvxdkxwe.supabase.co/rest/v1/trades_demo?select=%2A&status=in.%28OPEN%2CPARTIAL%2CTP1_HIT%2CPENDING%29 "HTTP/2 200 OK"
2026-08-10 05:04:34,799 | INFO | scripts.run_trade_updates | Active/pending trades count: 0
2026-08-10 05:04:34,799 | INFO | scripts.run_trade_updates | \u0644\u0627 \u062a\u0648\u062c\u062f \u0635\u0641\u0642\u0627\u062a \u0645\u0641\u062a\u0648\u062d\u0629 \u0623\u0648 \u0623\u0648\u0627\u0645\u0631 \u0645\u0639\u0644\u0642\u0629 — skipping \u062a\u062d\u062f\u064a\u062b \u0627\u0644\u0635\u0641\u0642\u0627\u062a \u0628\u062f\u0648\u0646 Telegram \u0648\u0628\u062f\u0648\u0646 \u062c\u0644\u0628 \u0633\u0639\u0631.
2026-08-10 05:09:34,802 | INFO | scripts.run_trade_updates | Starting trade updates: 2026-08-10T05:09:34.802980+00:00
2026-08-10 05:09:34,802 | INFO | scripts.run_trade_updates | \U0001f50d Session: Asia Morning | Quality: HIGH | Allowed: True
2026-08-10 05:09:35,053 | INFO | DatabaseService | Database connected: Supabase
2026-08-10 05:09:35,647 | INFO | httpx | HTTP Request: GET https://trsmuzekxmpqtvxdkxwe.supabase.co/rest/v1/trades_demo?select=%2A&status=in.%28OPEN%2CPARTIAL%2CTP1_HIT%2CPENDING%29 "HTTP/2 200 OK"
2026-08-10 05:09:35,647 | INFO | scripts.run_trade_updates | Active/pending trades count: 0
2026-08-10 05:09:35,647 | INFO | scripts.run_trade_updates | \u0644\u0627 \u062a\u0648\u062c\u062f \u0635\u0641\u0642\u0627\u062a \u0645\u0641\u062a\u0648\u062d\u0629 \u0623\u0648 \u0623\u0648\u0627\u0645\u0631 \u0645\u0639\u0644\u0642\u0629 — skipping \u062a\u062d\u062f\u064a\u062b \u0627\u0644\u0635\u0641\u0642\u0627\u062a \u0628\u062f\u0648\u0646 Telegram \u0648\u0628\u062f\u0648\u0646 \u062c\u0644\u0628 \u0633\u0639\u0631.
2026-08-10 05:14:35,666 | INFO | scripts.run_trade_updates | Starting trade updates: 2026-08-10T05:14:35.662316+00:00
2026-08-10 05:14:35,671 | INFO | scripts.run_trade_updates | \U0001f50d Session: Asia Morning | Quality: HIGH | Allowed: True
2026-08-10 05:14:35,983 | INFO | DatabaseService | Database connected: Supabase
2026-08-10 05:14:36,547 | INFO | httpx | HTTP Request: GET https://trsmuzekxmpqtvxdkxwe.supabase.co/rest/v1/trades_demo?select=%2A&status=in.%28OPEN%2CPARTIAL%2CTP1_HIT%2CPENDING%29 "HTTP/2 200 OK"
2026-08-10 05:14:36,547 | INFO | scripts.run_trade_updates | Active/pending trades count: 0
2026-08-10 05:14:36,547 | INFO | scripts.run_trade_updates | \u0644\u0627 \u062a\u0648\u062c\u062f \u0635\u0641\u0642\u0627\u062a \u0645\u0641\u062a\u0648\u062d\u0629 \u0623\u0648 \u0623\u0648\u0627\u0645\u0631 \u0645\u0639\u0644\u0642\u0629 — skipping \u062a\u062d\u062f\u064a\u062b \u0627\u0644\u0635\u0641\u0642\u0627\u062a \u0628\u062f\u0648\u0646 Telegram \u0648\u0628\u062f\u0648\u0646 \u062c\u0644\u0628 \u0633\u0639\u0631.
2026-08-10 05:19:36,550 | INFO | scripts.run_trade_updates | Starting trade updates: 2026-08-10T05:19:36.550796+00:00
2026-08-10 05:19:36,550 | INFO | scripts.run_trade_updates | \U0001f50d Session: Asia Morning | Quality: HIGH | Allowed: True
2026-08-10 05:19:36,846 | INFO | DatabaseService | Database connected: Supabase
2026-08-10 05:19:38,004 | INFO | httpx | HTTP Request: GET https://trsmuzekxmpqtvxdkxwe.supabase.co/rest/v1/trades_demo?select=%2A&status=in.%28OPEN%2CPARTIAL%2CTP1_HIT%2CPENDING%29 "HTTP/2 200 OK"
2026-08-10 05:19:38,019 | INFO | scripts.run_trade_updates | Active/pending trades count: 0
2026-08-10 05:19:38,019 | INFO | scripts.run_trade_updates | \u0644\u0627 \u062a\u0648\u062c\u062f \u0635\u0641\u0642\u0627\u062a \u0645\u0641\u062a\u0648\u062d\u0629 \u0623\u0648 \u0623\u0648\u0627\u0645\u0631 \u0645\u0639\u0644\u0642\u0629 — skipping \u062a\u062d\u062f\u064a\u062b \u0627\u0644\u0635\u0641\u0642\u0627\u062a \u0628\u062f\u0648\u0646 Telegram \u0648\u0628\u062f\u0648\u0646 \u062c\u0644\u0628 \u0633\u0639\u0631.
2026-08-10 05:24:38,022 | INFO | scripts.run_trade_updates | Starting trade updates: 2026-08-10T05:24:38.022279+00:00
2026-08-10 05:24:38,022 | INFO | scripts.run_trade_updates | \U0001f50d Session: Asia Morning | Quality: HIGH | Allowed: True
2026-08-10 05:24:38,255 | INFO | DatabaseService | Database connected: Supabase
2026-08-10 05:24:39,319 | INFO | httpx | HTTP Request: GET https://trsmuzekxmpqtvxdkxwe.supabase.co/rest/v1/trades_demo?select=%2A&status=in.%28OPEN%2CPARTIAL%2CTP1_HIT%2CPENDING%29 "HTTP/2 200 OK"
2026-08-10 05:24:39,319 | INFO | scripts.run_trade_updates | Active/pending trades count: 0
2026-08-10 05:24:39,319 | INFO | scripts.run_trade_updates | \u0644\u0627 \u062a\u0648\u062c\u062f \u0635\u0641\u0642\u0627\u062a \u0645\u0641\u062a\u0648\u062d\u0629 \u0623\u0648 \u0623\u0648\u0627\u0645\u0631 \u0645\u0639\u0644\u0642\u0629 — skipping \u062a\u062d\u062f\u064a\u062b \u0627\u0644\u0635\u0641\u0642\u0627\u062a \u0628\u062f\u0648\u0646 Telegram \u0648\u0628\u062f\u0648\u0646 \u062c\u0644\u0628 \u0633\u0639\u0631.
2026-08-10 05:29:39,337 | INFO | scripts.run_trade_updates | Starting trade updates: 2026-08-10T05:29:39.337191+00:00
2026-08-10 05:29:39,337 | INFO | scripts.run_trade_updates | \U0001f50d Session: Asia Morning | Quality: HIGH | Allowed: True
2026-08-10 05:29:39,556 | INFO | DatabaseService | Database connected: Supabase
2026-08-10 05:29:40,604 | INFO | httpx | HTTP Request: GET https://trsmuzekxmpqtvxdkxwe.supabase.co/rest/v1/trades_demo?select=%2A&status=in.%28OPEN%2CPARTIAL%2CTP1_HIT%2CPENDING%29 "HTTP/2 200 OK"
2026-08-10 05:29:40,604 | INFO | scripts.run_trade_updates | Active/pending trades count: 0
2026-08-10 05:29:40,604 | INFO | scripts.run_trade_updates | \u0644\u0627 \u062a\u0648\u062c\u062f \u0635\u0641\u0642\u0627\u062a \u0645\u0641\u062a\u0648\u062d\u0629 \u0623\u0648 \u0623\u0648\u0627\u0645\u0631 \u0645\u0639\u0644\u0642\u0629 — skipping \u062a\u062d\u062f\u064a\u062b \u0627\u0644\u0635\u0641\u0642\u0627\u062a \u0628\u062f\u0648\u0646 Telegram \u0648\u0628\u062f\u0648\u0646 \u062c\u0644\u0628 \u0633\u0639\u0631.
2026-08-10 05:34:40,616 | INFO | scripts.run_trade_updates | Starting trade updates: 2026-08-10T05:34:40.616488+00:00
2026-08-10 05:34:40,619 | INFO | scripts.run_trade_updates | \U0001f50d Session: Asia Morning | Quality: HIGH | Allowed: True
2026-08-10 05:34:40,870 | INFO | DatabaseService | Database connected: Supabase
2026-08-10 05:34:41,433 | INFO | httpx | HTTP Request: GET https://trsmuzekxmpqtvxdkxwe.supabase.co/rest/v1/trades_demo?select=%2A&status=in.%28OPEN%2CPARTIAL%2CTP1_HIT%2CPENDING%29 "HTTP/2 200 OK"
2026-08-10 05:34:41,433 | INFO | scripts.run_trade_updates | Active/pending trades count: 0
2026-08-10 05:34:41,433 | INFO | scripts.run_trade_updates | \u0644\u0627 \u062a\u0648\u062c\u062f \u0635\u0641\u0642\u0627\u062a \u0645\u0641\u062a\u0648\u062d\u0629 \u0623\u0648 \u0623\u0648\u0627\u0645\u0631 \u0645\u0639\u0644\u0642\u0629 — skipping \u062a\u062d\u062f\u064a\u062b \u0627\u0644\u0635\u0641\u0642\u0627\u062a \u0628\u062f\u0648\u0646 Telegram \u0648\u0628\u062f\u0648\u0646 \u062c\u0644\u0628 \u0633\u0639\u0631.
2026-08-10 05:39:41,442 | INFO | scripts.run_trade_updates | Starting trade updates: 2026-08-10T05:39:41.442283+00:00
2026-08-10 05:39:41,442 | INFO | scripts.run_trade_updates | \U0001f50d Session: Asia Morning | Quality: HIGH | Allowed: True
2026-08-10 05:39:41,728 | INFO | DatabaseService | Database connected: Supabase
2026-08-10 05:39:42,354 | INFO | httpx | HTTP Request: GET https://trsmuzekxmpqtvxdkxwe.supabase.co/rest/v1/trades_demo?select=%2A&status=in.%28OPEN%2CPARTIAL%2CTP1_HIT%2CPENDING%29 "HTTP/2 200 OK"
2026-08-10 05:39:42,354 | INFO | scripts.run_trade_updates | Active/pending trades count: 0
2026-08-10 05:39:42,354 | INFO | scripts.run_trade_updates | \u0644\u0627 \u062a\u0648\u062c\u062f \u0635\u0641\u0642\u0627\u062a \u0645\u0641\u062a\u0648\u062d\u0629 \u0623\u0648 \u0623\u0648\u0627\u0645\u0631 \u0645\u0639\u0644\u0642\u0629 — skipping \u062a\u062d\u062f\u064a\u062b \u0627\u0644\u0635\u0641\u0642\u0627\u062a \u0628\u062f\u0648\u0646 Telegram \u0648\u0628\u062f\u0648\u0646 \u062c\u0644\u0628 \u0633\u0639\u0631.
2026-08-10 05:44:42,371 | INFO | scripts.run_trade_updates | Starting trade updates: 2026-08-10T05:44:42.371789+00:00
2026-08-10 05:44:42,371 | INFO | scripts.run_trade_updates | \U0001f50d Session: Asia Morning | Quality: HIGH | Allowed: True
2026-08-10 05:44:42,604 | INFO | DatabaseService | Database connected: Supabase
2026-08-10 05:44:43,637 | INFO | httpx | HTTP Request: GET https://trsmuzekxmpqtvxdkxwe.supabase.co/rest/v1/trades_demo?select=%2A&status=in.%28OPEN%2CPARTIAL%2CTP1_HIT%2CPENDING%29 "HTTP/2 200 OK"
2026-08-10 05:44:43,637 | INFO | scripts.run_trade_updates | Active/pending trades count: 0
2026-08-10 05:44:43,637 | INFO | scripts.run_trade_updates | \u0644\u0627 \u062a\u0648\u062c\u062f \u0635\u0641\u0642\u0627\u062a \u0645\u0641\u062a\u0648\u062d\u0629 \u0623\u0648 \u0623\u0648\u0627\u0645\u0631 \u0645\u0639\u0644\u0642\u0629 — skipping \u062a\u062d\u062f\u064a\u062b \u0627\u0644\u0635\u0641\u0642\u0627\u062a \u0628\u062f\u0648\u0646 Telegram \u0648\u0628\u062f\u0648\u0646 \u062c\u0644\u0628 \u0633\u0639\u0631.
2026-08-10 05:49:43,649 | INFO | scripts.run_trade_updates | Starting trade updates: 2026-08-10T05:49:43.649511+00:00
2026-08-10 05:49:43,652 | INFO | scripts.run_trade_updates | \U0001f50d Session: Asia Morning | Quality: HIGH | Allowed: True
2026-08-10 05:49:43,887 | INFO | DatabaseService | Database connected: Supabase
2026-08-10 05:49:44,919 | INFO | httpx | HTTP Request: GET https://trsmuzekxmpqtvxdkxwe.supabase.co/rest/v1/trades_demo?select=%2A&status=in.%28OPEN%2CPARTIAL%2CTP1_HIT%2CPENDING%29 "HTTP/2 200 OK"
2026-08-10 05:49:44,919 | INFO | scripts.run_trade_updates | Active/pending trades count: 0
2026-08-10 05:49:44,919 | INFO | scripts.run_trade_updates | \u0644\u0627 \u062a\u0648\u062c\u062f \u0635\u0641\u0642\u0627\u062a \u0645\u0641\u062a\u0648\u062d\u0629 \u0623\u0648 \u0623\u0648\u0627\u0645\u0631 \u0645\u0639\u0644\u0642\u0629 — skipping \u062a\u062d\u062f\u064a\u062b \u0627\u0644\u0635\u0641\u0642\u0627\u062a \u0628\u062f\u0648\u0646 Telegram \u0648\u0628\u062f\u0648\u0646 \u062c\u0644\u0628 \u0633\u0639\u0631.
2026-08-10 05:54:44,926 | INFO | scripts.run_trade_updates | Starting trade updates: 2026-08-10T05:54:44.925828+00:00
2026-08-10 05:54:44,930 | INFO | scripts.run_trade_updates | \U0001f50d Session: Asia Morning | Quality: HIGH | Allowed: True
2026-08-10 05:54:45,207 | INFO | DatabaseService | Database connected: Supabase
2026-08-10 05:54:46,358 | INFO | httpx | HTTP Request: GET https://trsmuzekxmpqtvxdkxwe.supabase.co/rest/v1/trades_demo?select=%2A&status=in.%28OPEN%2CPARTIAL%2CTP1_HIT%2CPENDING%29 "HTTP/2 200 OK"
2026-08-10 05:54:46,363 | INFO | scripts.run_trade_updates | Active/pending trades count: 0
2026-08-10 05:54:46,363 | INFO | scripts.run_trade_updates | \u0644\u0627 \u062a\u0648\u062c\u062f \u0635\u0641\u0642\u0627\u062a \u0645\u0641\u062a\u0648\u062d\u0629 \u0623\u0648 \u0623\u0648\u0627\u0645\u0631 \u0645\u0639\u0644\u0642\u0629 — skipping \u062a\u062d\u062f\u064a\u062b \u0627\u0644\u0635\u0641\u0642\u0627\u062a \u0628\u062f\u0648\u0646 Telegram \u0648\u0628\u062f\u0648\u0646 \u062c\u0644\u0628 \u0633\u0639\u0631.
2026-08-10 05:59:46,367 | INFO | scripts.run_trade_updates | Starting trade updates: 2026-08-10T05:59:46.367401+00:00
2026-08-10 05:59:46,370 | INFO | scripts.run_trade_updates | \U0001f50d Session: Asia Morning | Quality: HIGH | Allowed: True
2026-08-10 05:59:46,695 | INFO | DatabaseService | Database connected: Supabase
2026-08-10 05:59:47,778 | INFO | httpx | HTTP Request: GET https://trsmuzekxmpqtvxdkxwe.supabase.co/rest/v1/trades_demo?select=%2A&status=in.%28OPEN%2CPARTIAL%2CTP1_HIT%2CPENDING%29 "HTTP/2 200 OK"
2026-08-10 05:59:47,780 | INFO | scripts.run_trade_updates | Active/pending trades count: 0
2026-08-10 05:59:47,780 | INFO | scripts.run_trade_updates | \u0644\u0627 \u062a\u0648\u062c\u062f \u0635\u0641\u0642\u0627\u062a \u0645\u0641\u062a\u0648\u062d\u0629 \u0623\u0648 \u0623\u0648\u0627\u0645\u0631 \u0645\u0639\u0644\u0642\u0629 — skipping \u062a\u062d\u062f\u064a\u062b \u0627\u0644\u0635\u0641\u0642\u0627\u062a \u0628\u062f\u0648\u0646 Telegram \u0648\u0628\u062f\u0648\u0646 \u062c\u0644\u0628 \u0633\u0639\u0631.
2026-08-10 06:04:47,784 | INFO | scripts.run_trade_updates | Starting trade updates: 2026-08-10T06:04:47.782246+00:00
2026-08-10 06:04:47,820 | INFO | scripts.run_trade_updates | \U0001f50d Session: Asia Morning | Quality: HIGH | Allowed: True
2026-08-10 06:04:48,236 | INFO | DatabaseService | Database connected: Supabase
2026-08-10 06:04:48,949 | INFO | httpx | HTTP Request: GET https://trsmuzekxmpqtvxdkxwe.supabase.co/rest/v1/trades_demo?select=%2A&status=in.%28OPEN%2CPARTIAL%2CTP1_HIT%2CPENDING%29 "HTTP/2 200 OK"
2026-08-10 06:04:48,956 | INFO | scripts.run_trade_updates | Active/pending trades count: 0
2026-08-10 06:04:48,956 | INFO | scripts.run_trade_updates | \u0644\u0627 \u062a\u0648\u062c\u062f \u0635\u0641\u0642\u0627\u062a \u0645\u0641\u062a\u0648\u062d\u0629 \u0623\u0648 \u0623\u0648\u0627\u0645\u0631 \u0645\u0639\u0644\u0642\u0629 — skipping \u062a\u062d\u062f\u064a\u062b \u0627\u0644\u0635\u0641\u0642\u0627\u062a \u0628\u062f\u0648\u0646 Telegram \u0648\u0628\u062f\u0648\u0646 \u062c\u0644\u0628 \u0633\u0639\u0631.
2026-08-10 06:09:48,959 | INFO | scripts.run_trade_updates | Starting trade updates: 2026-08-10T06:09:48.959307+00:00
2026-08-10 06:09:48,963 | INFO | scripts.run_trade_updates | \U0001f50d Session: Asia Morning | Quality: HIGH | Allowed: True
2026-08-10 06:09:49,264 | INFO | DatabaseService | Database connected: Supabase
2026-08-10 06:09:49,835 | INFO | httpx | HTTP Request: GET https://trsmuzekxmpqtvxdkxwe.supabase.co/rest/v1/trades_demo?select=%2A&status=in.%28OPEN%2CPARTIAL%2CTP1_HIT%2CPENDING%29 "HTTP/2 200 OK"
2026-08-10 06:09:49,845 | INFO | scripts.run_trade_updates | Active/pending trades count: 0
2026-08-10 06:09:49,845 | INFO | scripts.run_trade_updates | \u0644\u0627 \u062a\u0648\u062c\u062f \u0635\u0641\u0642\u0627\u062a \u0645\u0641\u062a\u0648\u062d\u0629 \u0623\u0648 \u0623\u0648\u0627\u0645\u0631 \u0645\u0639\u0644\u0642\u0629 — skipping \u062a\u062d\u062f\u064a\u062b \u0627\u0644\u0635\u0641\u0642\u0627\u062a \u0628\u062f\u0648\u0646 Telegram \u0648\u0628\u062f\u0648\u0646 \u062c\u0644\u0628 \u0633\u0639\u0631.
2026-08-10 06:14:49,878 | INFO | scripts.run_trade_updates | Starting trade updates: 2026-08-10T06:14:49.878983+00:00
2026-08-10 06:14:49,885 | INFO | scripts.run_trade_updates | \U0001f50d Session: Asia Morning | Quality: HIGH | Allowed: True
2026-08-10 06:14:50,200 | INFO | DatabaseService | Database connected: Supabase
2026-08-10 06:14:50,842 | INFO | httpx | HTTP Request: GET https://trsmuzekxmpqtvxdkxwe.supabase.co/rest/v1/trades_demo?select=%2A&status=in.%28OPEN%2CPARTIAL%2CTP1_HIT%2CPENDING%29 "HTTP/2 200 OK"
2026-08-10 06:14:50,844 | INFO | scripts.run_trade_updates | Active/pending trades count: 0
2026-08-10 06:14:50,844 | INFO | scripts.run_trade_updates | \u0644\u0627 \u062a\u0648\u062c\u062f \u0635\u0641\u0642\u0627\u062a \u0645\u0641\u062a\u0648\u062d\u0629 \u0623\u0648 \u0623\u0648\u0627\u0645\u0631 \u0645\u0639\u0644\u0642\u0629 — skipping \u062a\u062d\u062f\u064a\u062b \u0627\u0644\u0635\u0641\u0642\u0627\u062a \u0628\u062f\u0648\u0646 Telegram \u0648\u0628\u062f\u0648\u0646 \u062c\u0644\u0628 \u0633\u0639\u0631.
2026-08-10 06:19:50,850 | INFO | scripts.run_trade_updates | Starting trade updates: 2026-08-10T06:19:50.849718+00:00
2026-08-10 06:19:50,854 | INFO | scripts.run_trade_updates | \U0001f50d Session: Asia Morning | Quality: HIGH | Allowed: True
2026-08-10 06:19:51,206 | INFO | DatabaseService | Database connected: Supabase
2026-08-10 06:19:52,512 | INFO | httpx | HTTP Request: GET https://trsmuzekxmpqtvxdkxwe.supabase.co/rest/v1/trades_demo?select=%2A&status=in.%28OPEN%2CPARTIAL%2CTP1_HIT%2CPENDING%29 "HTTP/2 200 OK"
2026-08-10 06:19:52,515 | INFO | scripts.run_trade_updates | Active/pending trades count: 0
2026-08-10 06:19:52,515 | INFO | scripts.run_trade_updates | \u0644\u0627 \u062a\u0648\u062c\u062f \u0635\u0641\u0642\u0627\u062a \u0645\u0641\u062a\u0648\u062d\u0629 \u0623\u0648 \u0623\u0648\u0627\u0645\u0631 \u0645\u0639\u0644\u0642\u0629 — skipping \u062a\u062d\u062f\u064a\u062b \u0627\u0644\u0635\u0641\u0642\u0627\u062a \u0628\u062f\u0648\u0646 Telegram \u0648\u0628\u062f\u0648\u0646 \u062c\u0644\u0628 \u0633\u0639\u0631.
2026-08-10 06:24:52,535 | INFO | scripts.run_trade_updates | Starting trade updates: 2026-08-10T06:24:52.527655+00:00
2026-08-10 06:24:52,614 | INFO | scripts.run_trade_updates | \U0001f50d Session: Asia Morning | Quality: HIGH | Allowed: True
2026-08-10 06:24:53,071 | INFO | DatabaseService | Database connected: Supabase
2026-08-10 06:24:53,809 | INFO | httpx | HTTP Request: GET https://trsmuzekxmpqtvxdkxwe.supabase.co/rest/v1/trades_demo?select=%2A&status=in.%28OPEN%2CPARTIAL%2CTP1_HIT%2CPENDING%29 "HTTP/2 200 OK"
2026-08-10 06:24:53,816 | INFO | scripts.run_trade_updates | Active/pending trades count: 0
2026-08-10 06:24:53,816 | INFO | scripts.run_trade_updates | \u0644\u0627 \u062a\u0648\u062c\u062f \u0635\u0641\u0642\u0627\u062a \u0645\u0641\u062a\u0648\u062d\u0629 \u0623\u0648 \u0623\u0648\u0627\u0645\u0631 \u0645\u0639\u0644\u0642\u0629 — skipping \u062a\u062d\u062f\u064a\u062b \u0627\u0644\u0635\u0641\u0642\u0627\u062a \u0628\u062f\u0648\u0646 Telegram \u0648\u0628\u062f\u0648\u0646 \u062c\u0644\u0628 \u0633\u0639\u0631.
2026-08-10 06:29:53,831 | INFO | scripts.run_trade_updates | Starting trade updates: 2026-08-10T06:29:53.829849+00:00
2026-08-10 06:29:53,835 | INFO | scripts.run_trade_updates | \U0001f50d Session: Asia Morning | Quality: HIGH | Allowed: True
2026-08-10 06:29:54,226 | INFO | DatabaseService | Database connected: Supabase
2026-08-10 06:29:55,566 | INFO | httpx | HTTP Request: GET https://trsmuzekxmpqtvxdkxwe.supabase.co/rest/v1/trades_demo?select=%2A&status=in.%28OPEN%2CPARTIAL%2CTP1_HIT%2CPENDING%29 "HTTP/2 200 OK"
2026-08-10 06:29:55,570 | INFO | scripts.run_trade_updates | Active/pending trades count: 0
2026-08-10 06:29:55,570 | INFO | scripts.run_trade_updates | \u0644\u0627 \u062a\u0648\u062c\u062f \u0635\u0641\u0642\u0627\u062a \u0645\u0641\u062a\u0648\u062d\u0629 \u0623\u0648 \u0623\u0648\u0627\u0645\u0631 \u0645\u0639\u0644\u0642\u0629 — skipping \u062a\u062d\u062f\u064a\u062b \u0627\u0644\u0635\u0641\u0642\u0627\u062a \u0628\u062f\u0648\u0646 Telegram \u0648\u0628\u062f\u0648\u0646 \u062c\u0644\u0628 \u0633\u0639\u0631.
2026-08-10 06:34:55,573 | INFO | scripts.run_trade_updates | Starting trade updates: 2026-08-10T06:34:55.573610+00:00
2026-08-10 06:34:55,573 | INFO | scripts.run_trade_updates | \U0001f50d Session: Asia Morning | Quality: HIGH | Allowed: True
2026-08-10 06:34:56,046 | INFO | DatabaseService | Database connected: Supabase
2026-08-10 06:34:56,877 | INFO | httpx | HTTP Request: GET https://trsmuzekxmpqtvxdkxwe.supabase.co/rest/v1/trades_demo?select=%2A&status=in.%28OPEN%2CPARTIAL%2CTP1_HIT%2CPENDING%29 "HTTP/2 200 OK"
2026-08-10 06:34:56,878 | INFO | scripts.run_trade_updates | Active/pending trades count: 0
2026-08-10 06:34:56,879 | INFO | scripts.run_trade_updates | \u0644\u0627 \u062a\u0648\u062c\u062f \u0635\u0641\u0642\u0627\u062a \u0645\u0641\u062a\u0648\u062d\u0629 \u0623\u0648 \u0623\u0648\u0627\u0645\u0631 \u0645\u0639\u0644\u0642\u0629 — skipping \u062a\u062d\u062f\u064a\u062b \u0627\u0644\u0635\u0641\u0642\u0627\u062a \u0628\u062f\u0648\u0646 Telegram \u0648\u0628\u062f\u0648\u0646 \u062c\u0644\u0628 \u0633\u0639\u0631.
2026-08-10 06:39:56,880 | INFO | scripts.run_trade_updates | Starting trade updates: 2026-08-10T06:39:56.880249+00:00
2026-08-10 06:39:56,888 | INFO | scripts.run_trade_updates | \U0001f50d Session: Asia Morning | Quality: HIGH | Allowed: True
2026-08-10 06:39:57,273 | INFO | DatabaseService | Database connected: Supabase
2026-08-10 06:39:58,348 | INFO | httpx | HTTP Request: GET https://trsmuzekxmpqtvxdkxwe.supabase.co/rest/v1/trades_demo?select=%2A&status=in.%28OPEN%2CPARTIAL%2CTP1_HIT%2CPENDING%29 "HTTP/2 200 OK"
2026-08-10 06:39:58,350 | INFO | scripts.run_trade_updates | Active/pending trades count: 0
2026-08-10 06:39:58,350 | INFO | scripts.run_trade_updates | \u0644\u0627 \u062a\u0648\u062c\u062f \u0635\u0641\u0642\u0627\u062a \u0645\u0641\u062a\u0648\u062d\u0629 \u0623\u0648 \u0623\u0648\u0627\u0645\u0631 \u0645\u0639\u0644\u0642\u0629 — skipping \u062a\u062d\u062f\u064a\u062b \u0627\u0644\u0635\u0641\u0642\u0627\u062a \u0628\u062f\u0648\u0646 Telegram \u0648\u0628\u062f\u0648\u0646 \u062c\u0644\u0628 \u0633\u0639\u0631.
2026-08-10 06:44:58,352 | INFO | scripts.run_trade_updates | Starting trade updates: 2026-08-10T06:44:58.352174+00:00
2026-08-10 06:44:58,352 | INFO | scripts.run_trade_updates | \U0001f50d Session: Asia Morning | Quality: HIGH | Allowed: True
2026-08-10 06:44:58,727 | INFO | DatabaseService | Database connected: Supabase
2026-08-10 06:44:59,852 | INFO | httpx | HTTP Request: GET https://trsmuzekxmpqtvxdkxwe.supabase.co/rest/v1/trades_demo?select=%2A&status=in.%28OPEN%2CPARTIAL%2CTP1_HIT%2CPENDING%29 "HTTP/2 200 OK"
2026-08-10 06:44:59,852 | INFO | scripts.run_trade_updates | Active/pending trades count: 0
2026-08-10 06:44:59,852 | INFO | scripts.run_trade_updates | \u0644\u0627 \u062a\u0648\u062c\u062f \u0635\u0641\u0642\u0627\u062a \u0645\u0641\u062a\u0648\u062d\u0629 \u0623\u0648 \u0623\u0648\u0627\u0645\u0631 \u0645\u0639\u0644\u0642\u0629 — skipping \u062a\u062d\u062f\u064a\u062b \u0627\u0644\u0635\u0641\u0642\u0627\u062a \u0628\u062f\u0648\u0646 Telegram \u0648\u0628\u062f\u0648\u0646 \u062c\u0644\u0628 \u0633\u0639\u0631.
2026-08-10 06:49:59,866 | INFO | scripts.run_trade_updates | Starting trade updates: 2026-08-10T06:49:59.865849+00:00
2026-08-10 06:49:59,869 | INFO | scripts.run_trade_updates | \U0001f50d Session: Asia Morning | Quality: HIGH | Allowed: True
2026-08-10 06:50:00,723 | INFO | DatabaseService | Database connected: Supabase
2026-08-10 06:50:02,381 | INFO | httpx | HTTP Request: GET https://trsmuzekxmpqtvxdkxwe.supabase.co/rest/v1/trades_demo?select=%2A&status=in.%28OPEN%2CPARTIAL%2CTP1_HIT%2CPENDING%29 "HTTP/2 200 OK"
2026-08-10 06:50:02,385 | INFO | scripts.run_trade_updates | Active/pending trades count: 0
2026-08-10 06:50:02,388 | INFO | scripts.run_trade_updates | \u0644\u0627 \u062a\u0648\u062c\u062f \u0635\u0641\u0642\u0627\u062a \u0645\u0641\u062a\u0648\u062d\u0629 \u0623\u0648 \u0623\u0648\u0627\u0645\u0631 \u0645\u0639\u0644\u0642\u0629 — skipping \u062a\u062d\u062f\u064a\u062b \u0627\u0644\u0635\u0641\u0642\u0627\u062a \u0628\u062f\u0648\u0646 Telegram \u0648\u0628\u062f\u0648\u0646 \u062c\u0644\u0628 \u0633\u0639\u0631.
2026-08-10 06:55:02,398 | INFO | scripts.run_trade_updates | Starting trade updates: 2026-08-10T06:55:02.396276+00:00
2026-08-10 06:55:02,452 | INFO | scripts.run_trade_updates | \U0001f50d Session: Asia Morning | Quality: HIGH | Allowed: True
2026-08-10 06:55:02,933 | INFO | DatabaseService | Database connected: Supabase
2026-08-10 06:55:03,803 | INFO | httpx | HTTP Request: GET https://trsmuzekxmpqtvxdkxwe.supabase.co/rest/v1/trades_demo?select=%2A&status=in.%28OPEN%2CPARTIAL%2CTP1_HIT%2CPENDING%29 "HTTP/2 200 OK"
2026-08-10 06:55:03,803 | INFO | scripts.run_trade_updates | Active/pending trades count: 0
2026-08-10 06:55:03,803 | INFO | scripts.run_trade_updates | \u0644\u0627 \u062a\u0648\u062c\u062f \u0635\u0641\u0642\u0627\u062a \u0645\u0641\u062a\u0648\u062d\u0629 \u0623\u0648 \u0623\u0648\u0627\u0645\u0631 \u0645\u0639\u0644\u0642\u0629 — skipping \u062a\u062d\u062f\u064a\u062b \u0627\u0644\u0635\u0641\u0642\u0627\u062a \u0628\u062f\u0648\u0646 Telegram \u0648\u0628\u062f\u0648\u0646 \u062c\u0644\u0628 \u0633\u0639\u0631.
2026-08-10 07:00:03,818 | INFO | scripts.run_trade_updates | Starting trade updates: 2026-08-10T07:00:03.818508+00:00
2026-08-10 07:00:03,824 | INFO | scripts.run_trade_updates | \U0001f50d Session: London / Europe Midday | Quality: HIGH | Allowed: True
2026-08-10 07:00:04,380 | INFO | DatabaseService | Database connected: Supabase
2026-08-10 07:00:06,268 | INFO | httpx | HTTP Request: GET https://trsmuzekxmpqtvxdkxwe.supabase.co/rest/v1/trades_demo?select=%2A&status=in.%28OPEN%2CPARTIAL%2CTP1_HIT%2CPENDING%29 "HTTP/2 200 OK"
2026-08-10 07:00:06,268 | INFO | scripts.run_trade_updates | Active/pending trades count: 0
2026-08-10 07:00:06,268 | INFO | scripts.run_trade_updates | \u0644\u0627 \u062a\u0648\u062c\u062f \u0635\u0641\u0642\u0627\u062a \u0645\u0641\u062a\u0648\u062d\u0629 \u0623\u0648 \u0623\u0648\u0627\u0645\u0631 \u0645\u0639\u0644\u0642\u0629 — skipping \u062a\u062d\u062f\u064a\u062b \u0627\u0644\u0635\u0641\u0642\u0627\u062a \u0628\u062f\u0648\u0646 Telegram \u0648\u0628\u062f\u0648\u0646 \u062c\u0644\u0628 \u0633\u0639\u0631.
2026-08-10 07:05:06,356 | INFO | scripts.run_trade_updates | Starting trade updates: 2026-08-10T07:05:06.356534+00:00
2026-08-10 07:05:06,373 | INFO | scripts.run_trade_updates | \U0001f50d Session: London / Europe Midday | Quality: HIGH | Allowed: True
2026-08-10 07:05:06,927 | INFO | DatabaseService | Database connected: Supabase
2026-08-10 07:05:07,734 | INFO | httpx | HTTP Request: GET https://trsmuzekxmpqtvxdkxwe.supabase.co/rest/v1/trades_demo?select=%2A&status=in.%28OPEN%2CPARTIAL%2CTP1_HIT%2CPENDING%29 "HTTP/2 200 OK"
2026-08-10 07:05:07,735 | INFO | scripts.run_trade_updates | Active/pending trades count: 0
2026-08-10 07:05:07,735 | INFO | scripts.run_trade_updates | \u0644\u0627 \u062a\u0648\u062c\u062f \u0635\u0641\u0642\u0627\u062a \u0645\u0641\u062a\u0648\u062d\u0629 \u0623\u0648 \u0623\u0648\u0627\u0645\u0631 \u0645\u0639\u0644\u0642\u0629 — skipping \u062a\u062d\u062f\u064a\u062b \u0627\u0644\u0635\u0641\u0642\u0627\u062a \u0628\u062f\u0648\u0646 Telegram \u0648\u0628\u062f\u0648\u0646 \u062c\u0644\u0628 \u0633\u0639\u0631.
2026-08-10 07:10:07,737 | INFO | scripts.run_trade_updates | Starting trade updates: 2026-08-10T07:10:07.737478+00:00
2026-08-10 07:10:07,742 | INFO | scripts.run_trade_updates | \U0001f50d Session: London / Europe Midday | Quality: HIGH | Allowed: True
2026-08-10 07:10:08,133 | INFO | DatabaseService | Database connected: Supabase
2026-08-10 07:10:08,802 | INFO | httpx | HTTP Request: GET https://trsmuzekxmpqtvxdkxwe.supabase.co/rest/v1/trades_demo?select=%2A&status=in.%28OPEN%2CPARTIAL%2CTP1_HIT%2CPENDING%29 "HTTP/2 200 OK"
2026-08-10 07:10:08,803 | INFO | scripts.run_trade_updates | Active/pending trades count: 0
2026-08-10 07:10:08,803 | INFO | scripts.run_trade_updates | \u0644\u0627 \u062a\u0648\u062c\u062f \u0635\u0641\u0642\u0627\u062a \u0645\u0641\u062a\u0648\u062d\u0629 \u0623\u0648 \u0623\u0648\u0627\u0645\u0631 \u0645\u0639\u0644\u0642\u0629 — skipping \u062a\u062d\u062f\u064a\u062b \u0627\u0644\u0635\u0641\u0642\u0627\u062a \u0628\u062f\u0648\u0646 Telegram \u0648\u0628\u062f\u0648\u0646 \u062c\u0644\u0628 \u0633\u0639\u0631.
2026-08-10 07:15:08,805 | INFO | scripts.run_trade_updates | Starting trade updates: 2026-08-10T07:15:08.805680+00:00
2026-08-10 07:15:08,808 | INFO | scripts.run_trade_updates | \U0001f50d Session: London / Europe Midday | Quality: HIGH | Allowed: True
2026-08-10 07:15:09,058 | INFO | DatabaseService | Database connected: Supabase
2026-08-10 07:15:10,174 | INFO | httpx | HTTP Request: GET https://trsmuzekxmpqtvxdkxwe.supabase.co/rest/v1/trades_demo?select=%2A&status=in.%28OPEN%2CPARTIAL%2CTP1_HIT%2CPENDING%29 "HTTP/2 200 OK"
2026-08-10 07:15:10,175 | INFO | scripts.run_trade_updates | Active/pending trades count: 0
2026-08-10 07:15:10,175 | INFO | scripts.run_trade_updates | \u0644\u0627 \u062a\u0648\u062c\u062f \u0635\u0641\u0642\u0627\u062a \u0645\u0641\u062a\u0648\u062d\u0629 \u0623\u0648 \u0623\u0648\u0627\u0645\u0631 \u0645\u0639\u0644\u0642\u0629 — skipping \u062a\u062d\u062f\u064a\u062b \u0627\u0644\u0635\u0641\u0642\u0627\u062a \u0628\u062f\u0648\u0646 Telegram \u0648\u0628\u062f\u0648\u0646 \u062c\u0644\u0628 \u0633\u0639\u0631.
2026-08-10 07:20:10,177 | INFO | scripts.run_trade_updates | Starting trade updates: 2026-08-10T07:20:10.177114+00:00
2026-08-10 07:20:10,185 | INFO | scripts.run_trade_updates | \U0001f50d Session: London / Europe Midday | Quality: HIGH | Allowed: True
2026-08-10 07:20:10,644 | INFO | DatabaseService | Database connected: Supabase
2026-08-10 07:20:12,149 | INFO | httpx | HTTP Request: GET https://trsmuzekxmpqtvxdkxwe.supabase.co/rest/v1/trades_demo?select=%2A&status=in.%28OPEN%2CPARTIAL%2CTP1_HIT%2CPENDING%29 "HTTP/2 200 OK"
2026-08-10 07:20:12,150 | INFO | scripts.run_trade_updates | Active/pending trades count: 0
2026-08-10 07:20:12,150 | INFO | scripts.run_trade_updates | \u0644\u0627 \u062a\u0648\u062c\u062f \u0635\u0641\u0642\u0627\u062a \u0645\u0641\u062a\u0648\u062d\u0629 \u0623\u0648 \u0623\u0648\u0627\u0645\u0631 \u0645\u0639\u0644\u0642\u0629 — skipping \u062a\u062d\u062f\u064a\u062b \u0627\u0644\u0635\u0641\u0642\u0627\u062a \u0628\u062f\u0648\u0646 Telegram \u0648\u0628\u062f\u0648\u0646 \u062c\u0644\u0628 \u0633\u0639\u0631.
2026-08-10 07:25:12,153 | INFO | scripts.run_trade_updates | Starting trade updates: 2026-08-10T07:25:12.153573+00:00
2026-08-10 07:25:12,164 | INFO | scripts.run_trade_updates | \U0001f50d Session: London / Europe Midday | Quality: HIGH | Allowed: True
2026-08-10 07:25:12,423 | INFO | DatabaseService | Database connected: Supabase
2026-08-10 07:32:45,619 | INFO | scripts.run_trade_updates | Starting trade updates: 2026-08-10T07:32:45.619829+00:00
2026-08-10 07:32:45,636 | INFO | scripts.run_trade_updates | \U0001f50d Session: London / Europe Midday | Quality: HIGH | Allowed: True
2026-08-10 07:32:46,011 | INFO | DatabaseService | Database connected: Supabase
2026-08-10 07:32:47,841 | INFO | httpx | HTTP Request: GET https://trsmuzekxmpqtvxdkxwe.supabase.co/rest/v1/trades_demo?select=%2A&status=in.%28OPEN%2CPARTIAL%2CTP1_HIT%2CPENDING%29 "HTTP/2 200 OK"
2026-08-10 07:32:47,842 | INFO | scripts.run_trade_updates | Active/pending trades count: 0
2026-08-10 07:32:47,842 | INFO | scripts.run_trade_updates | \u0644\u0627 \u062a\u0648\u062c\u062f \u0635\u0641\u0642\u0627\u062a \u0645\u0641\u062a\u0648\u062d\u0629 \u0623\u0648 \u0623\u0648\u0627\u0645\u0631 \u0645\u0639\u0644\u0642\u0629 — skipping \u062a\u062d\u062f\u064a\u062b \u0627\u0644\u0635\u0641\u0642\u0627\u062a \u0628\u062f\u0648\u0646 Telegram \u0648\u0628\u062f\u0648\u0646 \u062c\u0644\u0628 \u0633\u0639\u0631.
2026-08-10 07:39:42,905 | INFO | scripts.run_trade_updates | Starting trade updates: 2026-08-10T07:39:42.905404+00:00
2026-08-10 07:39:43,882 | INFO | scripts.run_trade_updates | \U0001f50d Session: London / Europe Midday | Quality: HIGH | Allowed: True
2026-08-10 07:39:45,067 | INFO | DatabaseService | Database connected: Supabase
2026-08-10 07:39:46,099 | INFO | httpx | HTTP Request: GET https://trsmuzekxmpqtvxdkxwe.supabase.co/rest/v1/trades_demo?select=%2A&status=in.%28OPEN%2CPARTIAL%2CTP1_HIT%2CPENDING%29 "HTTP/2 200 OK"
2026-08-10 07:39:46,100 | INFO | scripts.run_trade_updates | Active/pending trades count: 0
2026-08-10 07:39:46,101 | INFO | scripts.run_trade_updates | \u0644\u0627 \u062a\u0648\u062c\u062f \u0635\u0641\u0642\u0627\u062a \u0645\u0641\u062a\u0648\u062d\u0629 \u0623\u0648 \u0623\u0648\u0627\u0645\u0631 \u0645\u0639\u0644\u0642\u0629 — skipping \u062a\u062d\u062f\u064a\u062b \u0627\u0644\u0635\u0641\u0642\u0627\u062a \u0628\u062f\u0648\u0646 Telegram \u0648\u0628\u062f\u0648\u0646 \u062c\u0644\u0628 \u0633\u0639\u0631.
2026-08-10 07:44:46,518 | INFO | scripts.run_trade_updates | Starting trade updates: 2026-08-10T07:44:46.517930+00:00
2026-08-10 07:44:46,524 | INFO | scripts.run_trade_updates | \U0001f50d Session: London / Europe Midday | Quality: HIGH | Allowed: True
2026-08-10 07:44:46,894 | INFO | DatabaseService | Database connected: Supabase
2026-08-10 07:44:47,553 | INFO | httpx | HTTP Request: GET https://trsmuzekxmpqtvxdkxwe.supabase.co/rest/v1/trades_demo?select=%2A&status=in.%28OPEN%2CPARTIAL%2CTP1_HIT%2CPENDING%29 "HTTP/2 200 OK"
2026-08-10 07:44:47,553 | INFO | scripts.run_trade_updates | Active/pending trades count: 0
2026-08-10 07:44:47,553 | INFO | scripts.run_trade_updates | \u0644\u0627 \u062a\u0648\u062c\u062f \u0635\u0641\u0642\u0627\u062a \u0645\u0641\u062a\u0648\u062d\u0629 \u0623\u0648 \u0623\u0648\u0627\u0645\u0631 \u0645\u0639\u0644\u0642\u0629 — skipping \u062a\u062d\u062f\u064a\u062b \u0627\u0644\u0635\u0641\u0642\u0627\u062a \u0628\u062f\u0648\u0646 Telegram \u0648\u0628\u062f\u0648\u0646 \u062c\u0644\u0628 \u0633\u0639\u0631.
2026-08-10 07:47:48,489 | INFO | scripts.run_trade_updates | Starting trade updates: 2026-08-10T07:47:48.489615+00:00
2026-08-10 07:47:48,518 | INFO | scripts.run_trade_updates | \U0001f50d Session: London / Europe Midday | Quality: HIGH | Allowed: True
2026-08-10 07:47:48,934 | INFO | DatabaseService | Database connected: Supabase
2026-08-10 07:47:50,201 | INFO | httpx | HTTP Request: GET https://trsmuzekxmpqtvxdkxwe.supabase.co/rest/v1/trades_demo?select=%2A&status=in.%28OPEN%2CPARTIAL%2CTP1_HIT%2CPENDING%29 "HTTP/2 200 OK"
2026-08-10 07:47:50,237 | INFO | scripts.run_trade_updates | Active/pending trades count: 0
2026-08-10 07:47:50,237 | INFO | scripts.run_trade_updates | \u0644\u0627 \u062a\u0648\u062c\u062f \u0635\u0641\u0642\u0627\u062a \u0645\u0641\u062a\u0648\u062d\u0629 \u0623\u0648 \u0623\u0648\u0627\u0645\u0631 \u0645\u0639\u0644\u0642\u0629 — skipping \u062a\u062d\u062f\u064a\u062b \u0627\u0644\u0635\u0641\u0642\u0627\u062a \u0628\u062f\u0648\u0646 Telegram \u0648\u0628\u062f\u0648\u0646 \u062c\u0644\u0628 \u0633\u0639\u0631.
2026-08-10 07:52:50,334 | INFO | scripts.run_trade_updates | Starting trade updates: 2026-08-10T07:52:50.334369+00:00
2026-08-10 07:52:50,338 | INFO | scripts.run_trade_updates | \U0001f50d Session: London / Europe Midday | Quality: HIGH | Allowed: True
2026-08-10 07:52:50,696 | INFO | DatabaseService | Database connected: Supabase
2026-08-10 07:52:52,083 | INFO | httpx | HTTP Request: GET https://trsmuzekxmpqtvxdkxwe.supabase.co/rest/v1/trades_demo?select=%2A&status=in.%28OPEN%2CPARTIAL%2CTP1_HIT%2CPENDING%29 "HTTP/2 200 OK"
2026-08-10 07:52:52,084 | INFO | scripts.run_trade_updates | Active/pending trades count: 0
2026-08-10 07:52:52,085 | INFO | scripts.run_trade_updates | \u0644\u0627 \u062a\u0648\u062c\u062f \u0635\u0641\u0642\u0627\u062a \u0645\u0641\u062a\u0648\u062d\u0629 \u0623\u0648 \u0623\u0648\u0627\u0645\u0631 \u0645\u0639\u0644\u0642\u0629 — skipping \u062a\u062d\u062f\u064a\u062b \u0627\u0644\u0635\u0641\u0642\u0627\u062a \u0628\u062f\u0648\u0646 Telegram \u0648\u0628\u062f\u0648\u0646 \u062c\u0644\u0628 \u0633\u0639\u0631.
2026-08-10 07:57:31,797 | INFO | scripts.run_trade_updates | Starting trade updates: 2026-08-10T07:57:31.797699+00:00
2026-08-10 07:57:31,808 | INFO | scripts.run_trade_updates | \U0001f50d Session: London / Europe Midday | Quality: HIGH | Allowed: True
2026-08-10 07:57:32,130 | INFO | DatabaseService | Database connected: Supabase
2026-08-10 07:57:33,248 | INFO | httpx | HTTP Request: GET https://trsmuzekxmpqtvxdkxwe.supabase.co/rest/v1/trades_demo?select=%2A&status=in.%28OPEN%2CPARTIAL%2CTP1_HIT%2CPENDING%29 "HTTP/2 200 OK"
2026-08-10 07:57:33,251 | INFO | scripts.run_trade_updates | Active/pending trades count: 0
2026-08-10 07:57:33,251 | INFO | scripts.run_trade_updates | \u0644\u0627 \u062a\u0648\u062c\u062f \u0635\u0641\u0642\u0627\u062a \u0645\u0641\u062a\u0648\u062d\u0629 \u0623\u0648 \u0623\u0648\u0627\u0645\u0631 \u0645\u0639\u0644\u0642\u0629 — skipping \u062a\u062d\u062f\u064a\u062b \u0627\u0644\u0635\u0641\u0642\u0627\u062a \u0628\u062f\u0648\u0646 Telegram \u0648\u0628\u062f\u0648\u0646 \u062c\u0644\u0628 \u0633\u0639\u0631.
2026-08-10 08:02:33,255 | INFO | scripts.run_trade_updates | Starting trade updates: 2026-08-10T08:02:33.254092+00:00
2026-08-10 08:02:33,258 | INFO | scripts.run_trade_updates | \U0001f50d Session: London / Europe Midday | Quality: HIGH | Allowed: True
2026-08-10 08:02:33,555 | INFO | DatabaseService | Database connected: Supabase
2026-08-10 08:02:34,567 | INFO | httpx | HTTP Request: GET https://trsmuzekxmpqtvxdkxwe.supabase.co/rest/v1/trades_demo?select=%2A&status=in.%28OPEN%2CPARTIAL%2CTP1_HIT%2CPENDING%29 "HTTP/2 200 OK"
2026-08-10 08:02:34,569 | INFO | scripts.run_trade_updates | Active/pending trades count: 0
2026-08-10 08:02:34,569 | INFO | scripts.run_trade_updates | \u0644\u0627 \u062a\u0648\u062c\u062f \u0635\u0641\u0642\u0627\u062a \u0645\u0641\u062a\u0648\u062d\u0629 \u0623\u0648 \u0623\u0648\u0627\u0645\u0631 \u0645\u0639\u0644\u0642\u0629 — skipping \u062a\u062d\u062f\u064a\u062b \u0627\u0644\u0635\u0641\u0642\u0627\u062a \u0628\u062f\u0648\u0646 Telegram \u0648\u0628\u062f\u0648\u0646 \u062c\u0644\u0628 \u0633\u0639\u0631.
2026-08-10 08:07:34,570 | INFO | scripts.run_trade_updates | Starting trade updates: 2026-08-10T08:07:34.570774+00:00
2026-08-10 08:07:34,583 | INFO | scripts.run_trade_updates | \U0001f50d Session: London / Europe Midday | Quality: HIGH | Allowed: True
2026-08-10 08:07:34,905 | INFO | DatabaseService | Database connected: Supabase
2026-08-10 08:07:35,959 | INFO | httpx | HTTP Request: GET https://trsmuzekxmpqtvxdkxwe.supabase.co/rest/v1/trades_demo?select=%2A&status=in.%28OPEN%2CPARTIAL%2CTP1_HIT%2CPENDING%29 "HTTP/2 200 OK"
2026-08-10 08:07:35,960 | INFO | scripts.run_trade_updates | Active/pending trades count: 0
2026-08-10 08:07:35,960 | INFO | scripts.run_trade_updates | \u0644\u0627 \u062a\u0648\u062c\u062f \u0635\u0641\u0642\u0627\u062a \u0645\u0641\u062a\u0648\u062d\u0629 \u0623\u0648 \u0623\u0648\u0627\u0645\u0631 \u0645\u0639\u0644\u0642\u0629 — skipping \u062a\u062d\u062f\u064a\u062b \u0627\u0644\u0635\u0641\u0642\u0627\u062a \u0628\u062f\u0648\u0646 Telegram \u0648\u0628\u062f\u0648\u0646 \u062c\u0644\u0628 \u0633\u0639\u0631.
2026-08-10 08:12:35,963 | INFO | scripts.run_trade_updates | Starting trade updates: 2026-08-10T08:12:35.963902+00:00
2026-08-10 08:12:35,967 | INFO | scripts.run_trade_updates | \U0001f50d Session: London / Europe Midday | Quality: HIGH | Allowed: True
2026-08-10 08:12:36,431 | INFO | DatabaseService | Database connected: Supabase
2026-08-10 08:12:37,014 | INFO | httpx | HTTP Request: GET https://trsmuzekxmpqtvxdkxwe.supabase.co/rest/v1/trades_demo?select=%2A&status=in.%28OPEN%2CPARTIAL%2CTP1_HIT%2CPENDING%29 "HTTP/2 200 OK"
2026-08-10 08:12:37,038 | INFO | scripts.run_trade_updates | Active/pending trades count: 1
2026-08-10 08:12:37,038 | INFO | scripts.run_trade_updates | Tick manager owns MT5 execution; the 5m cycle keeps bookkeeping/reporting only.
2026-08-10 08:12:37,039 | INFO | scripts.run_trade_updates | Trade update completed (events=0, open=1)
2026-08-10 08:15:46,226 | INFO | scripts.run_trade_updates | Starting trade updates: 2026-08-10T08:15:46.226238+00:00
2026-08-10 08:15:46,233 | INFO | scripts.run_trade_updates | \U0001f50d Session: London / Europe Midday | Quality: HIGH | Allowed: True
2026-08-10 08:15:46,234 | WARNING | DatabaseService | Supabase credentials missing, using local fallback JSON
2026-08-10 08:15:46,236 | INFO | scripts.run_trade_updates | Active/pending trades count: 1
2026-08-10 08:15:46,236 | INFO | scripts.run_trade_updates | Tick manager owns MT5 execution; the 5m cycle keeps bookkeeping/reporting only.
2026-08-10 08:15:46,236 | INFO | scripts.run_trade_updates | Trade update completed (events=0, open=1)
2026-08-10 08:18:51,984 | INFO | scripts.run_trade_updates | Starting trade updates: 2026-08-10T08:18:51.984745+00:00
2026-08-10 08:18:51,994 | INFO | scripts.run_trade_updates | \U0001f50d Session: London / Europe Midday | Quality: HIGH | Allowed: True
2026-08-10 08:18:51,998 | WARNING | DatabaseService | Supabase credentials missing, using local fallback JSON
2026-08-10 08:18:52,000 | INFO | scripts.run_trade_updates | Active/pending trades count: 1
2026-08-10 08:18:52,001 | INFO | scripts.run_trade_updates | Tick manager owns MT5 execution; the 5m cycle keeps bookkeeping/reporting only.
2026-08-10 08:18:52,001 | INFO | scripts.run_trade_updates | Trade update completed (events=0, open=1)
2026-08-10 08:23:52,003 | INFO | scripts.run_trade_updates | Starting trade updates: 2026-08-10T08:23:52.003461+00:00
2026-08-10 08:23:52,006 | INFO | scripts.run_trade_updates | \U0001f50d Session: London / Europe Midday | Quality: HIGH | Allowed: True
2026-08-10 08:23:52,008 | WARNING | DatabaseService | Supabase credentials missing, using local fallback JSON
2026-08-10 08:23:52,010 | INFO | scripts.run_trade_updates | Active/pending trades count: 1
2026-08-10 08:23:52,011 | INFO | scripts.run_trade_updates | Tick manager owns MT5 execution; the 5m cycle keeps bookkeeping/reporting only.
2026-08-10 08:23:52,011 | INFO | scripts.run_trade_updates | Trade update completed (events=0, open=1)
2026-08-10 08:28:52,013 | INFO | scripts.run_trade_updates | Starting trade updates: 2026-08-10T08:28:52.013876+00:00
2026-08-10 08:28:52,014 | INFO | scripts.run_trade_updates | \U0001f50d Session: London / Europe Midday | Quality: HIGH | Allowed: True
2026-08-10 08:28:52,015 | WARNING | DatabaseService | Supabase credentials missing, using local fallback JSON
2026-08-10 08:28:52,018 | INFO | scripts.run_trade_updates | Active/pending trades count: 1
2026-08-10 08:28:52,018 | INFO | scripts.run_trade_updates | Tick manager owns MT5 execution; the 5m cycle keeps bookkeeping/reporting only.
2026-08-10 08:28:52,018 | INFO | scripts.run_trade_updates | Trade update completed (events=0, open=1)
2026-08-10 08:33:52,022 | INFO | scripts.run_trade_updates | Starting trade updates: 2026-08-10T08:33:52.022925+00:00
2026-08-10 08:33:52,024 | INFO | scripts.run_trade_updates | \U0001f50d Session: London / Europe Midday | Quality: HIGH | Allowed: True
2026-08-10 08:33:52,025 | WARNING | DatabaseService | Supabase credentials missing, using local fallback JSON
2026-08-10 08:33:52,027 | INFO | scripts.run_trade_updates | Active/pending trades count: 1
2026-08-10 08:33:52,027 | INFO | scripts.run_trade_updates | Tick manager owns MT5 execution; the 5m cycle keeps bookkeeping/reporting only.
2026-08-10 08:33:52,027 | INFO | scripts.run_trade_updates | Trade update completed (events=0, open=1)
2026-08-10 08:38:52,039 | INFO | scripts.run_trade_updates | Starting trade updates: 2026-08-10T08:38:52.039726+00:00
2026-08-10 08:38:52,041 | INFO | scripts.run_trade_updates | \U0001f50d Session: London / Europe Midday | Quality: HIGH | Allowed: True
2026-08-10 08:38:52,042 | WARNING | DatabaseService | Supabase credentials missing, using local fallback JSON
2026-08-10 08:38:52,044 | INFO | scripts.run_trade_updates | Active/pending trades count: 1
2026-08-10 08:38:52,044 | INFO | scripts.run_trade_updates | Tick manager owns MT5 execution; the 5m cycle keeps bookkeeping/reporting only.
2026-08-10 08:38:52,044 | INFO | scripts.run_trade_updates | Trade update completed (events=0, open=1)
2026-08-10 08:43:52,046 | INFO | scripts.run_trade_updates | Starting trade updates: 2026-08-10T08:43:52.046404+00:00
2026-08-10 08:43:52,046 | INFO | scripts.run_trade_updates | \U0001f50d Session: London / Europe Midday | Quality: HIGH | Allowed: True
2026-08-10 08:43:52,048 | WARNING | DatabaseService | Supabase credentials missing, using local fallback JSON
2026-08-10 08:43:52,048 | INFO | scripts.run_trade_updates | Active/pending trades count: 1
2026-08-10 08:43:52,048 | INFO | scripts.run_trade_updates | Tick manager owns MT5 execution; the 5m cycle keeps bookkeeping/reporting only.
2026-08-10 08:43:52,048 | INFO | scripts.run_trade_updates | Trade update completed (events=0, open=1)
2026-08-10 08:48:26,601 | INFO | scripts.run_trade_updates | Starting trade updates: 2026-08-10T08:48:26.601595+00:00
2026-08-10 08:48:26,610 | INFO | scripts.run_trade_updates | \U0001f50d Session: London / Europe Midday | Quality: HIGH | Allowed: True
2026-08-10 08:48:26,611 | WARNING | DatabaseService | Supabase credentials missing, using local fallback JSON
2026-08-10 08:48:26,835 | INFO | scripts.run_trade_updates | Active/pending trades count: 2
2026-08-10 08:48:26,835 | INFO | scripts.run_trade_updates | Tick manager owns MT5 execution; the 5m cycle keeps bookkeeping/reporting only.
2026-08-10 08:48:26,835 | INFO | scripts.run_trade_updates | Trade update completed (events=0, open=2)
2026-08-10 08:53:26,844 | INFO | scripts.run_trade_updates | Starting trade updates: 2026-08-10T08:53:26.842968+00:00
2026-08-10 08:53:26,869 | INFO | scripts.run_trade_updates | \U0001f50d Session: London / Europe Midday | Quality: HIGH | Allowed: True
2026-08-10 08:53:26,879 | WARNING | DatabaseService | Supabase credentials missing, using local fallback JSON
2026-08-10 08:53:27,167 | INFO | scripts.run_trade_updates | Active/pending trades count: 2
2026-08-10 08:53:27,167 | INFO | scripts.run_trade_updates | Tick manager owns MT5 execution; the 5m cycle keeps bookkeeping/reporting only.
2026-08-10 08:53:27,167 | INFO | scripts.run_trade_updates | Trade update completed (events=0, open=2)
2026-08-10 08:59:57,632 | INFO | scripts.run_trade_updates | Starting trade updates: 2026-08-10T08:59:57.632729+00:00
2026-08-10 08:59:57,824 | INFO | scripts.run_trade_updates | \U0001f50d Session: London / Europe Midday | Quality: HIGH | Allowed: True
2026-08-10 08:59:57,825 | WARNING | DatabaseService | Supabase credentials missing, using local fallback JSON
2026-08-10 08:59:58,035 | INFO | scripts.run_trade_updates | Active/pending trades count: 2
2026-08-10 08:59:58,035 | INFO | scripts.run_trade_updates | Tick manager owns MT5 execution; the 5m cycle keeps bookkeeping/reporting only.
2026-08-10 08:59:58,035 | INFO | scripts.run_trade_updates | Trade update completed (events=0, open=2)
2026-08-10 09:04:58,036 | INFO | scripts.run_trade_updates | Starting trade updates: 2026-08-10T09:04:58.036386+00:00
2026-08-10 09:04:58,052 | INFO | scripts.run_trade_updates | \U0001f50d Session: London / Europe Midday | Quality: HIGH | Allowed: True
2026-08-10 09:04:58,054 | WARNING | DatabaseService | Supabase credentials missing, using local fallback JSON
2026-08-10 09:04:59,096 | INFO | scripts.run_trade_updates | Active/pending trades count: 2
2026-08-10 09:04:59,097 | INFO | scripts.run_trade_updates | Tick manager owns MT5 execution; the 5m cycle keeps bookkeeping/reporting only.
2026-08-10 09:04:59,097 | INFO | scripts.run_trade_updates | Trade update completed (events=0, open=2)
2026-08-10 09:15:56,129 | INFO | scripts.run_trade_updates | Starting trade updates: 2026-08-10T09:15:56.129992+00:00
2026-08-10 09:15:56,137 | INFO | scripts.run_trade_updates | \U0001f50d Session: London / Europe Midday | Quality: HIGH | Allowed: True
2026-08-10 09:15:56,139 | WARNING | DatabaseService | Supabase credentials missing, using local fallback JSON
2026-08-10 09:15:56,324 | INFO | scripts.run_trade_updates | Active/pending trades count: 2
2026-08-10 09:15:56,325 | INFO | scripts.run_trade_updates | Tick manager owns MT5 execution; the 5m cycle keeps bookkeeping/reporting only.
2026-08-10 09:15:56,325 | INFO | scripts.run_trade_updates | Trade update completed (events=0, open=2)
2026-08-10 09:22:53,568 | INFO | scripts.run_trade_updates | Starting trade updates: 2026-08-10T09:22:53.568072+00:00
2026-08-10 09:22:53,579 | INFO | scripts.run_trade_updates | \U0001f50d Session: London / Europe Midday | Quality: HIGH | Allowed: True
2026-08-10 09:22:53,580 | WARNING | DatabaseService | Supabase credentials missing, using local fallback JSON
2026-08-10 09:22:53,842 | INFO | scripts.run_trade_updates | Active/pending trades count: 2
2026-08-10 09:22:53,842 | INFO | scripts.run_trade_updates | Tick manager owns MT5 execution; the 5m cycle keeps bookkeeping/reporting only.
2026-08-10 09:22:53,843 | INFO | scripts.run_trade_updates | Trade update completed (events=0, open=2)
2026-08-10 10:13:18,150 | INFO | scripts.run_trade_updates | Starting trade updates: 2026-08-10T10:13:18.150596+00:00
2026-08-10 10:13:18,163 | INFO | scripts.run_trade_updates | \U0001f50d Session: London / Europe Midday | Quality: HIGH | Allowed: True
2026-08-10 10:13:18,164 | WARNING | DatabaseService | Supabase credentials missing, using local fallback JSON
2026-08-10 10:13:18,330 | INFO | scripts.run_trade_updates | Active/pending trades count: 1
2026-08-10 10:13:18,331 | INFO | scripts.run_trade_updates | Tick manager owns MT5 execution; the 5m cycle keeps bookkeeping/reporting only.
2026-08-10 10:13:18,331 | INFO | scripts.run_trade_updates | Trade update completed (events=0, open=1)
2026-08-10 10:18:18,335 | INFO | scripts.run_trade_updates | Starting trade updates: 2026-08-10T10:18:18.335097+00:00
2026-08-10 10:18:18,337 | INFO | scripts.run_trade_updates | \U0001f50d Session: London / Europe Midday | Quality: HIGH | Allowed: True
2026-08-10 10:18:18,340 | WARNING | DatabaseService | Supabase credentials missing, using local fallback JSON
2026-08-10 10:18:18,637 | INFO | scripts.run_trade_updates | Active/pending trades count: 1
2026-08-10 10:18:18,638 | INFO | scripts.run_trade_updates | Tick manager owns MT5 execution; the 5m cycle keeps bookkeeping/reporting only.
2026-08-10 10:18:18,638 | INFO | scripts.run_trade_updates | Trade update completed (events=0, open=1)
2026-08-10 10:23:18,642 | INFO | scripts.run_trade_updates | Starting trade updates: 2026-08-10T10:23:18.642650+00:00
2026-08-10 10:23:18,650 | INFO | scripts.run_trade_updates | \U0001f50d Session: London / Europe Midday | Quality: HIGH | Allowed: True
2026-08-10 10:23:18,653 | WARNING | DatabaseService | Supabase credentials missing, using local fallback JSON
2026-08-10 10:23:18,849 | INFO | scripts.run_trade_updates | Active/pending trades count: 1
2026-08-10 10:23:18,849 | INFO | scripts.run_trade_updates | Tick manager owns MT5 execution; the 5m cycle keeps bookkeeping/reporting only.
2026-08-10 10:23:18,850 | INFO | scripts.run_trade_updates | Trade update completed (events=0, open=1)
2026-08-10 10:30:41,086 | INFO | scripts.run_trade_updates | Starting trade updates: 2026-08-10T10:30:41.086360+00:00
2026-08-10 10:30:41,098 | INFO | scripts.run_trade_updates | \U0001f50d Session: London / Europe Midday | Quality: HIGH | Allowed: True
2026-08-10 10:30:41,099 | WARNING | DatabaseService | Supabase credentials missing, using local fallback JSON
2026-08-10 10:30:41,269 | INFO | scripts.run_trade_updates | Active/pending trades count: 1
2026-08-10 10:30:41,269 | INFO | scripts.run_trade_updates | Tick manager owns MT5 execution; the 5m cycle keeps bookkeeping/reporting only.
2026-08-10 10:30:41,269 | INFO | scripts.run_trade_updates | Trade update completed (events=0, open=1)
2026-08-10 10:33:25,511 | INFO | scripts.run_trade_updates | Starting trade updates: 2026-08-10T10:33:25.511987+00:00
2026-08-10 10:33:25,604 | INFO | scripts.run_trade_updates | \U0001f50d Session: London / Europe Midday | Quality: HIGH | Allowed: True
2026-08-10 10:33:25,604 | WARNING | DatabaseService | Supabase credentials missing, using local fallback JSON
2026-08-10 10:33:25,898 | INFO | scripts.run_trade_updates | Active/pending trades count: 1
2026-08-10 10:33:25,899 | INFO | scripts.run_trade_updates | Tick manager owns MT5 execution; the 5m cycle keeps bookkeeping/reporting only.
2026-08-10 10:33:25,899 | INFO | scripts.run_trade_updates | Trade update completed (events=0, open=1)
2026-08-10 10:38:25,901 | INFO | scripts.run_trade_updates | Starting trade updates: 2026-08-10T10:38:25.901561+00:00
2026-08-10 10:38:25,901 | INFO | scripts.run_trade_updates | \U0001f50d Session: London / Europe Midday | Quality: HIGH | Allowed: True
2026-08-10 10:38:25,901 | WARNING | DatabaseService | Supabase credentials missing, using local fallback JSON
2026-08-10 10:38:26,122 | INFO | scripts.run_trade_updates | Active/pending trades count: 1
2026-08-10 10:38:26,122 | INFO | scripts.run_trade_updates | Tick manager owns MT5 execution; the 5m cycle keeps bookkeeping/reporting only.
2026-08-10 10:38:26,122 | INFO | scripts.run_trade_updates | Trade update completed (events=0, open=1)
2026-08-10 10:43:26,142 | INFO | scripts.run_trade_updates | Starting trade updates: 2026-08-10T10:43:26.142732+00:00
2026-08-10 10:43:26,148 | INFO | scripts.run_trade_updates | \U0001f50d Session: London / Europe Midday | Quality: HIGH | Allowed: True
2026-08-10 10:43:26,164 | WARNING | DatabaseService | Supabase credentials missing, using local fallback JSON
2026-08-10 10:43:26,323 | INFO | scripts.run_trade_updates | Active/pending trades count: 1
2026-08-10 10:43:26,345 | INFO | scripts.run_trade_updates | Tick manager owns MT5 execution; the 5m cycle keeps bookkeeping/reporting only.
2026-08-10 10:43:26,345 | INFO | scripts.run_trade_updates | Trade update completed (events=0, open=1)
2026-08-10 10:48:26,361 | INFO | scripts.run_trade_updates | Starting trade updates: 2026-08-10T10:48:26.361653+00:00
2026-08-10 10:48:26,362 | INFO | scripts.run_trade_updates | \U0001f50d Session: London / Europe Midday | Quality: HIGH | Allowed: True
2026-08-10 10:48:26,362 | WARNING | DatabaseService | Supabase credentials missing, using local fallback JSON
2026-08-10 10:48:26,614 | INFO | scripts.run_trade_updates | Active/pending trades count: 1
2026-08-10 10:48:26,614 | INFO | scripts.run_trade_updates | Tick manager owns MT5 execution; the 5m cycle keeps bookkeeping/reporting only.
2026-08-10 10:48:26,614 | INFO | scripts.run_trade_updates | Trade update completed (events=0, open=1)
2026-08-10 10:53:26,630 | INFO | scripts.run_trade_updates | Starting trade updates: 2026-08-10T10:53:26.630943+00:00
2026-08-10 10:53:26,635 | INFO | scripts.run_trade_updates | \U0001f50d Session: London / Europe Midday | Quality: HIGH | Allowed: True
2026-08-10 10:53:26,635 | WARNING | DatabaseService | Supabase credentials missing, using local fallback JSON
2026-08-10 10:53:26,792 | INFO | scripts.run_trade_updates | Active/pending trades count: 1
2026-08-10 10:53:26,792 | INFO | scripts.run_trade_updates | Tick manager owns MT5 execution; the 5m cycle keeps bookkeeping/reporting only.
2026-08-10 10:53:26,792 | INFO | scripts.run_trade_updates | Trade update completed (events=0, open=1)
2026-08-10 10:58:26,803 | INFO | scripts.run_trade_updates | Starting trade updates: 2026-08-10T10:58:26.803226+00:00
2026-08-10 10:58:26,803 | INFO | scripts.run_trade_updates | \U0001f50d Session: London / Europe Midday | Quality: HIGH | Allowed: True
2026-08-10 10:58:26,803 | WARNING | DatabaseService | Supabase credentials missing, using local fallback JSON
2026-08-10 10:58:27,001 | INFO | scripts.run_trade_updates | Active/pending trades count: 1
2026-08-10 10:58:27,001 | INFO | scripts.run_trade_updates | Tick manager owns MT5 execution; the 5m cycle keeps bookkeeping/reporting only.
2026-08-10 10:58:27,001 | INFO | scripts.run_trade_updates | Trade update completed (events=0, open=1)
2026-08-10 11:03:27,014 | INFO | scripts.run_trade_updates | Starting trade updates: 2026-08-10T11:03:27.014679+00:00
2026-08-10 11:03:27,019 | INFO | scripts.run_trade_updates | \U0001f50d Session: London / Europe Midday | Quality: HIGH | Allowed: True
2026-08-10 11:03:27,019 | WARNING | DatabaseService | Supabase credentials missing, using local fallback JSON
2026-08-10 11:03:27,160 | INFO | scripts.run_trade_updates | Active/pending trades count: 1
2026-08-10 11:03:27,160 | INFO | scripts.run_trade_updates | Tick manager owns MT5 execution; the 5m cycle keeps bookkeeping/reporting only.
2026-08-10 11:03:27,160 | INFO | scripts.run_trade_updates | Trade update completed (events=0, open=1)
2026-08-10 11:08:27,178 | INFO | scripts.run_trade_updates | Starting trade updates: 2026-08-10T11:08:27.178239+00:00
2026-08-10 11:08:27,178 | INFO | scripts.run_trade_updates | \U0001f50d Session: London / Europe Midday | Quality: HIGH | Allowed: True
2026-08-10 11:08:27,178 | WARNING | DatabaseService | Supabase credentials missing, using local fallback JSON
2026-08-10 11:08:27,396 | INFO | scripts.run_trade_updates | Active/pending trades count: 1
2026-08-10 11:08:27,396 | INFO | scripts.run_trade_updates | Tick manager owns MT5 execution; the 5m cycle keeps bookkeeping/reporting only.
2026-08-10 11:08:27,396 | INFO | scripts.run_trade_updates | Trade update completed (events=0, open=1)
2026-08-10 11:13:27,413 | INFO | scripts.run_trade_updates | Starting trade updates: 2026-08-10T11:13:27.413098+00:00
2026-08-10 11:13:27,413 | INFO | scripts.run_trade_updates | \U0001f50d Session: London / Europe Midday | Quality: HIGH | Allowed: True
2026-08-10 11:13:27,413 | WARNING | DatabaseService | Supabase credentials missing, using local fallback JSON
2026-08-10 11:13:27,564 | INFO | scripts.run_trade_updates | Active/pending trades count: 1
2026-08-10 11:13:27,564 | INFO | scripts.run_trade_updates | Tick manager owns MT5 execution; the 5m cycle keeps bookkeeping/reporting only.
2026-08-10 11:13:27,564 | INFO | scripts.run_trade_updates | Trade update completed (events=0, open=1)
2026-08-10 11:18:27,577 | INFO | scripts.run_trade_updates | Starting trade updates: 2026-08-10T11:18:27.577576+00:00
2026-08-10 11:18:27,577 | INFO | scripts.run_trade_updates | \U0001f50d Session: London / Europe Midday | Quality: HIGH | Allowed: True
2026-08-10 11:18:27,577 | WARNING | DatabaseService | Supabase credentials missing, using local fallback JSON
2026-08-10 11:18:27,770 | INFO | scripts.run_trade_updates | Active/pending trades count: 1
2026-08-10 11:18:27,770 | INFO | scripts.run_trade_updates | Tick manager owns MT5 execution; the 5m cycle keeps bookkeeping/reporting only.
2026-08-10 11:18:27,770 | INFO | scripts.run_trade_updates | Trade update completed (events=0, open=1)
2026-08-10 11:23:27,790 | INFO | scripts.run_trade_updates | Starting trade updates: 2026-08-10T11:23:27.790495+00:00
2026-08-10 11:23:27,793 | INFO | scripts.run_trade_updates | \U0001f50d Session: London / Europe Midday | Quality: HIGH | Allowed: True
2026-08-10 11:23:27,793 | WARNING | DatabaseService | Supabase credentials missing, using local fallback JSON
2026-08-10 11:23:28,057 | INFO | scripts.run_trade_updates | Active/pending trades count: 1
2026-08-10 11:23:28,057 | INFO | scripts.run_trade_updates | Tick manager owns MT5 execution; the 5m cycle keeps bookkeeping/reporting only.
2026-08-10 11:23:28,057 | INFO | scripts.run_trade_updates | Trade update completed (events=0, open=1)
2026-08-10 11:28:28,061 | INFO | scripts.run_trade_updates | Starting trade updates: 2026-08-10T11:28:28.061705+00:00
2026-08-10 11:28:28,061 | INFO | scripts.run_trade_updates | \U0001f50d Session: London / Europe Midday | Quality: HIGH | Allowed: True
2026-08-10 11:28:28,064 | WARNING | DatabaseService | Supabase credentials missing, using local fallback JSON
2026-08-10 11:28:28,267 | INFO | scripts.run_trade_updates | Active/pending trades count: 1
2026-08-10 11:28:28,267 | INFO | scripts.run_trade_updates | Tick manager owns MT5 execution; the 5m cycle keeps bookkeeping/reporting only.
2026-08-10 11:28:28,267 | INFO | scripts.run_trade_updates | Trade update completed (events=0, open=1)
2026-08-10 11:33:28,283 | INFO | scripts.run_trade_updates | Starting trade updates: 2026-08-10T11:33:28.280858+00:00
2026-08-10 11:33:28,283 | INFO | scripts.run_trade_updates | \U0001f50d Session: London / Europe Midday | Quality: HIGH | Allowed: True
2026-08-10 11:33:28,283 | WARNING | DatabaseService | Supabase credentials missing, using local fallback JSON
2026-08-10 11:33:28,443 | INFO | scripts.run_trade_updates | Active/pending trades count: 1
2026-08-10 11:33:28,443 | INFO | scripts.run_trade_updates | Tick manager owns MT5 execution; the 5m cycle keeps bookkeeping/reporting only.
2026-08-10 11:33:28,443 | INFO | scripts.run_trade_updates | Trade update completed (events=0, open=1)
2026-08-10 11:38:28,453 | INFO | scripts.run_trade_updates | Starting trade updates: 2026-08-10T11:38:28.453950+00:00
2026-08-10 11:38:28,453 | INFO | scripts.run_trade_updates | \U0001f50d Session: London / Europe Midday | Quality: HIGH | Allowed: True
2026-08-10 11:38:28,453 | WARNING | DatabaseService | Supabase credentials missing, using local fallback JSON
2026-08-10 11:38:28,662 | INFO | scripts.run_trade_updates | Active/pending trades count: 1
2026-08-10 11:38:28,662 | INFO | scripts.run_trade_updates | Tick manager owns MT5 execution; the 5m cycle keeps bookkeeping/reporting only.
2026-08-10 11:38:28,662 | INFO | scripts.run_trade_updates | Trade update completed (events=0, open=1)
2026-08-10 11:43:28,669 | INFO | scripts.run_trade_updates | Starting trade updates: 2026-08-10T11:43:28.669145+00:00
2026-08-10 11:43:28,669 | INFO | scripts.run_trade_updates | \U0001f50d Session: London / Europe Midday | Quality: HIGH | Allowed: True
2026-08-10 11:43:28,669 | WARNING | DatabaseService | Supabase credentials missing, using local fallback JSON
2026-08-10 11:43:28,838 | INFO | scripts.run_trade_updates | Active/pending trades count: 1
2026-08-10 11:43:28,838 | INFO | scripts.run_trade_updates | Tick manager owns MT5 execution; the 5m cycle keeps bookkeeping/reporting only.
2026-08-10 11:43:28,838 | INFO | scripts.run_trade_updates | Trade update completed (events=0, open=1)
2026-08-10 11:48:28,848 | INFO | scripts.run_trade_updates | Starting trade updates: 2026-08-10T11:48:28.848776+00:00
2026-08-10 11:48:28,848 | INFO | scripts.run_trade_updates | \U0001f50d Session: London / Europe Midday | Quality: HIGH | Allowed: True
2026-08-10 11:48:28,848 | WARNING | DatabaseService | Supabase credentials missing, using local fallback JSON
2026-08-10 11:48:29,087 | INFO | scripts.run_trade_updates | Active/pending trades count: 1
2026-08-10 11:48:29,087 | INFO | scripts.run_trade_updates | Tick manager owns MT5 execution; the 5m cycle keeps bookkeeping/reporting only.
2026-08-10 11:48:29,087 | INFO | scripts.run_trade_updates | Trade update completed (events=0, open=1)
2026-08-10 11:53:29,093 | INFO | scripts.run_trade_updates | Starting trade updates: 2026-08-10T11:53:29.093192+00:00
2026-08-10 11:53:29,093 | INFO | scripts.run_trade_updates | \U0001f50d Session: London / Europe Midday | Quality: HIGH | Allowed: True
2026-08-10 11:53:29,093 | WARNING | DatabaseService | Supabase credentials missing, using local fallback JSON
2026-08-10 11:53:29,246 | INFO | scripts.run_trade_updates | Active/pending trades count: 1
2026-08-10 11:53:29,246 | INFO | scripts.run_trade_updates | Tick manager owns MT5 execution; the 5m cycle keeps bookkeeping/reporting only.
2026-08-10 11:53:29,246 | INFO | scripts.run_trade_updates | Trade update completed (events=0, open=1)
2026-08-10 11:58:29,274 | INFO | scripts.run_trade_updates | Starting trade updates: 2026-08-10T11:58:29.257334+00:00
2026-08-10 11:58:29,305 | INFO | scripts.run_trade_updates | \U0001f50d Session: London / Europe Midday | Quality: HIGH | Allowed: True
2026-08-10 11:58:29,312 | WARNING | DatabaseService | Supabase credentials missing, using local fallback JSON
2026-08-10 11:58:29,692 | INFO | scripts.run_trade_updates | Active/pending trades count: 1
2026-08-10 11:58:29,692 | INFO | scripts.run_trade_updates | Tick manager owns MT5 execution; the 5m cycle keeps bookkeeping/reporting only.
2026-08-10 11:58:29,692 | INFO | scripts.run_trade_updates | Trade update completed (events=0, open=1)
2026-08-10 12:03:29,700 | INFO | scripts.run_trade_updates | Starting trade updates: 2026-08-10T12:03:29.699765+00:00
2026-08-10 12:03:29,703 | INFO | scripts.run_trade_updates | \U0001f50d Session: London + New York Afternoon | Quality: HIGH | Allowed: True
2026-08-10 12:03:29,706 | WARNING | DatabaseService | Supabase credentials missing, using local fallback JSON
2026-08-10 12:03:29,930 | INFO | scripts.run_trade_updates | Active/pending trades count: 1
2026-08-10 12:03:29,930 | INFO | scripts.run_trade_updates | Tick manager owns MT5 execution; the 5m cycle keeps bookkeeping/reporting only.
2026-08-10 12:03:29,930 | INFO | scripts.run_trade_updates | Trade update completed (events=0, open=1)
2026-08-10 12:08:29,933 | INFO | scripts.run_trade_updates | Starting trade updates: 2026-08-10T12:08:29.933825+00:00
2026-08-10 12:08:29,933 | INFO | scripts.run_trade_updates | \U0001f50d Session: London + New York Afternoon | Quality: HIGH | Allowed: True
2026-08-10 12:08:29,933 | WARNING | DatabaseService | Supabase credentials missing, using local fallback JSON
2026-08-10 12:08:30,188 | INFO | scripts.run_trade_updates | Active/pending trades count: 1
2026-08-10 12:08:30,188 | INFO | scripts.run_trade_updates | Tick manager owns MT5 execution; the 5m cycle keeps bookkeeping/reporting only.
2026-08-10 12:08:30,188 | INFO | scripts.run_trade_updates | Trade update completed (events=0, open=1)
2026-08-10 12:13:30,204 | INFO | scripts.run_trade_updates | Starting trade updates: 2026-08-10T12:13:30.203442+00:00
2026-08-10 12:13:30,206 | INFO | scripts.run_trade_updates | \U0001f50d Session: London + New York Afternoon | Quality: HIGH | Allowed: True
2026-08-10 12:13:30,208 | WARNING | DatabaseService | Supabase credentials missing, using local fallback JSON
2026-08-10 12:13:30,355 | INFO | scripts.run_trade_updates | Active/pending trades count: 1
2026-08-10 12:13:30,355 | INFO | scripts.run_trade_updates | Tick manager owns MT5 execution; the 5m cycle keeps bookkeeping/reporting only.
2026-08-10 12:13:30,355 | INFO | scripts.run_trade_updates | Trade update completed (events=0, open=1)
2026-08-10 12:18:30,358 | INFO | scripts.run_trade_updates | Starting trade updates: 2026-08-10T12:18:30.358939+00:00
2026-08-10 12:18:30,361 | INFO | scripts.run_trade_updates | \U0001f50d Session: London + New York Afternoon | Quality: HIGH | Allowed: True
2026-08-10 12:18:30,363 | WARNING | DatabaseService | Supabase credentials missing, using local fallback JSON
2026-08-10 12:18:30,606 | INFO | scripts.run_trade_updates | Active/pending trades count: 1
2026-08-10 12:18:30,606 | INFO | scripts.run_trade_updates | Tick manager owns MT5 execution; the 5m cycle keeps bookkeeping/reporting only.
2026-08-10 12:18:30,606 | INFO | scripts.run_trade_updates | Trade update completed (events=0, open=1)
2026-08-10 12:23:30,636 | INFO | scripts.run_trade_updates | Starting trade updates: 2026-08-10T12:23:30.636780+00:00
2026-08-10 12:23:30,639 | INFO | scripts.run_trade_updates | \U0001f50d Session: London + New York Afternoon | Quality: HIGH | Allowed: True
2026-08-10 12:23:30,641 | WARNING | DatabaseService | Supabase credentials missing, using local fallback JSON
2026-08-10 12:23:31,074 | INFO | scripts.run_trade_updates | Active/pending trades count: 1
2026-08-10 12:23:31,074 | INFO | scripts.run_trade_updates | Tick manager owns MT5 execution; the 5m cycle keeps bookkeeping/reporting only.
2026-08-10 12:23:31,074 | INFO | scripts.run_trade_updates | Trade update completed (events=0, open=1)
2026-08-10 12:28:31,081 | INFO | scripts.run_trade_updates | Starting trade updates: 2026-08-10T12:28:31.081420+00:00
2026-08-10 12:28:31,085 | INFO | scripts.run_trade_updates | \U0001f50d Session: London + New York Afternoon | Quality: HIGH | Allowed: True
2026-08-10 12:28:31,086 | WARNING | DatabaseService | Supabase credentials missing, using local fallback JSON
2026-08-10 12:28:31,506 | INFO | scripts.run_trade_updates | Active/pending trades count: 0
2026-08-10 12:28:31,506 | INFO | scripts.run_trade_updates | \u0644\u0627 \u062a\u0648\u062c\u062f \u0635\u0641\u0642\u0627\u062a \u0645\u0641\u062a\u0648\u062d\u0629 \u0623\u0648 \u0623\u0648\u0627\u0645\u0631 \u0645\u0639\u0644\u0642\u0629 — skipping \u062a\u062d\u062f\u064a\u062b \u0627\u0644\u0635\u0641\u0642\u0627\u062a \u0628\u062f\u0648\u0646 Telegram \u0648\u0628\u062f\u0648\u0646 \u062c\u0644\u0628 \u0633\u0639\u0631.
2026-08-10 12:32:42,770 | INFO | scripts.run_trade_updates | Starting trade updates: 2026-08-10T12:32:42.770109+00:00
2026-08-10 12:32:42,806 | INFO | scripts.run_trade_updates | \U0001f50d Session: London + New York Afternoon | Quality: HIGH | Allowed: True
2026-08-10 12:32:42,806 | WARNING | DatabaseService | Supabase credentials missing, using local fallback JSON
2026-08-10 12:32:42,994 | INFO | scripts.run_trade_updates | Active/pending trades count: 0
2026-08-10 12:32:42,994 | INFO | scripts.run_trade_updates | \u0644\u0627 \u062a\u0648\u062c\u062f \u0635\u0641\u0642\u0627\u062a \u0645\u0641\u062a\u0648\u062d\u0629 \u0623\u0648 \u0623\u0648\u0627\u0645\u0631 \u0645\u0639\u0644\u0642\u0629 — skipping \u062a\u062d\u062f\u064a\u062b \u0627\u0644\u0635\u0641\u0642\u0627\u062a \u0628\u062f\u0648\u0646 Telegram \u0648\u0628\u062f\u0648\u0646 \u062c\u0644\u0628 \u0633\u0639\u0631.
2026-08-10 12:37:43,002 | INFO | scripts.run_trade_updates | Starting trade updates: 2026-08-10T12:37:43.002398+00:00
2026-08-10 12:37:43,005 | INFO | scripts.run_trade_updates | \U0001f50d Session: London + New York Afternoon | Quality: HIGH | Allowed: True
2026-08-10 12:37:43,007 | WARNING | DatabaseService | Supabase credentials missing, using local fallback JSON
2026-08-10 12:37:43,249 | INFO | scripts.run_trade_updates | Active/pending trades count: 1
2026-08-10 12:37:43,250 | INFO | scripts.run_trade_updates | Tick manager owns MT5 execution; the 5m cycle keeps bookkeeping/reporting only.
2026-08-10 12:37:43,250 | INFO | scripts.run_trade_updates | Trade update completed (events=0, open=1)
2026-08-10 12:42:43,256 | INFO | scripts.run_trade_updates | Starting trade updates: 2026-08-10T12:42:43.256447+00:00
2026-08-10 12:42:43,259 | INFO | scripts.run_trade_updates | \U0001f50d Session: London + New York Afternoon | Quality: HIGH | Allowed: True
2026-08-10 12:42:43,261 | WARNING | DatabaseService | Supabase credentials missing, using local fallback JSON
2026-08-10 12:42:43,472 | INFO | scripts.run_trade_updates | Active/pending trades count: 1
2026-08-10 12:42:43,473 | INFO | scripts.run_trade_updates | Tick manager owns MT5 execution; the 5m cycle keeps bookkeeping/reporting only.
2026-08-10 12:42:43,473 | INFO | scripts.run_trade_updates | Trade update completed (events=0, open=1)
2026-08-10 12:47:43,477 | INFO | scripts.run_trade_updates | Starting trade updates: 2026-08-10T12:47:43.477385+00:00
2026-08-10 12:47:43,481 | INFO | scripts.run_trade_updates | \U0001f50d Session: London + New York Afternoon | Quality: HIGH | Allowed: True
2026-08-10 12:47:43,484 | WARNING | DatabaseService | Supabase credentials missing, using local fallback JSON
2026-08-10 12:47:44,019 | INFO | scripts.run_trade_updates | Active/pending trades count: 1
2026-08-10 12:47:44,019 | INFO | scripts.run_trade_updates | Tick manager owns MT5 execution; the 5m cycle keeps bookkeeping/reporting only.
2026-08-10 12:47:44,019 | INFO | scripts.run_trade_updates | Trade update completed (events=0, open=1)
2026-08-10 12:52:44,032 | INFO | scripts.run_trade_updates | Starting trade updates: 2026-08-10T12:52:44.031597+00:00
2026-08-10 12:52:44,035 | INFO | scripts.run_trade_updates | \U0001f50d Session: London + New York Afternoon | Quality: HIGH | Allowed: True
2026-08-10 12:52:44,036 | WARNING | DatabaseService | Supabase credentials missing, using local fallback JSON
2026-08-10 12:52:44,626 | INFO | scripts.run_trade_updates | Active/pending trades count: 1
2026-08-10 12:52:44,626 | INFO | scripts.run_trade_updates | Tick manager owns MT5 execution; the 5m cycle keeps bookkeeping/reporting only.
2026-08-10 12:52:44,626 | INFO | scripts.run_trade_updates | Trade update completed (events=0, open=1)
2026-08-10 12:57:44,632 | INFO | scripts.run_trade_updates | Starting trade updates: 2026-08-10T12:57:44.632212+00:00
2026-08-10 12:57:44,634 | INFO | scripts.run_trade_updates | \U0001f50d Session: London + New York Afternoon | Quality: HIGH | Allowed: True
2026-08-10 12:57:44,636 | WARNING | DatabaseService | Supabase credentials missing, using local fallback JSON
2026-08-10 12:57:44,860 | INFO | scripts.run_trade_updates | Active/pending trades count: 1
2026-08-10 12:57:44,860 | INFO | scripts.run_trade_updates | Tick manager owns MT5 execution; the 5m cycle keeps bookkeeping/reporting only.
2026-08-10 12:57:44,860 | INFO | scripts.run_trade_updates | Trade update completed (events=0, open=1)
2026-08-10 13:02:44,866 | INFO | scripts.run_trade_updates | Starting trade updates: 2026-08-10T13:02:44.866106+00:00
2026-08-10 13:02:44,869 | INFO | scripts.run_trade_updates | \U0001f50d Session: London + New York Afternoon | Quality: HIGH | Allowed: True
2026-08-10 13:02:44,870 | WARNING | DatabaseService | Supabase credentials missing, using local fallback JSON
2026-08-10 13:02:45,047 | INFO | scripts.run_trade_updates | Active/pending trades count: 1
2026-08-10 13:02:45,047 | INFO | scripts.run_trade_updates | Tick manager owns MT5 execution; the 5m cycle keeps bookkeeping/reporting only.
2026-08-10 13:02:45,049 | INFO | scripts.run_trade_updates | Trade update completed (events=0, open=1)
2026-08-10 13:07:45,054 | INFO | scripts.run_trade_updates | Starting trade updates: 2026-08-10T13:07:45.053387+00:00
2026-08-10 13:07:45,068 | INFO | scripts.run_trade_updates | \U0001f50d Session: London + New York Afternoon | Quality: HIGH | Allowed: True
2026-08-10 13:07:45,072 | WARNING | DatabaseService | Supabase credentials missing, using local fallback JSON
2026-08-10 13:07:45,356 | INFO | scripts.run_trade_updates | Active/pending trades count: 1
2026-08-10 13:07:45,357 | INFO | scripts.run_trade_updates | Tick manager owns MT5 execution; the 5m cycle keeps bookkeeping/reporting only.
2026-08-10 13:07:45,357 | INFO | scripts.run_trade_updates | Trade update completed (events=0, open=1)
2026-08-10 13:12:45,362 | INFO | scripts.run_trade_updates | Starting trade updates: 2026-08-10T13:12:45.361910+00:00
2026-08-10 13:12:45,366 | INFO | scripts.run_trade_updates | \U0001f50d Session: London + New York Afternoon | Quality: HIGH | Allowed: True
2026-08-10 13:12:45,371 | WARNING | DatabaseService | Supabase credentials missing, using local fallback JSON
2026-08-10 13:12:46,097 | INFO | scripts.run_trade_updates | Active/pending trades count: 1
2026-08-10 13:12:46,097 | INFO | scripts.run_trade_updates | Tick manager owns MT5 execution; the 5m cycle keeps bookkeeping/reporting only.
2026-08-10 13:12:46,097 | INFO | scripts.run_trade_updates | Trade update completed (events=0, open=1)
2026-08-10 13:17:46,104 | INFO | scripts.run_trade_updates | Starting trade updates: 2026-08-10T13:17:46.104219+00:00
2026-08-10 13:17:46,106 | INFO | scripts.run_trade_updates | \U0001f50d Session: London + New York Afternoon | Quality: HIGH | Allowed: True
2026-08-10 13:17:46,109 | WARNING | DatabaseService | Supabase credentials missing, using local fallback JSON
2026-08-10 13:17:46,564 | INFO | scripts.run_trade_updates | Active/pending trades count: 1
2026-08-10 13:17:46,564 | INFO | scripts.run_trade_updates | Tick manager owns MT5 execution; the 5m cycle keeps bookkeeping/reporting only.
2026-08-10 13:17:46,564 | INFO | scripts.run_trade_updates | Trade update completed (events=0, open=1)
2026-08-10 13:22:46,571 | INFO | scripts.run_trade_updates | Starting trade updates: 2026-08-10T13:22:46.570324+00:00
2026-08-10 13:22:46,574 | INFO | scripts.run_trade_updates | \U0001f50d Session: London + New York Afternoon | Quality: HIGH | Allowed: True
2026-08-10 13:22:46,575 | WARNING | DatabaseService | Supabase credentials missing, using local fallback JSON
2026-08-10 13:22:46,764 | INFO | scripts.run_trade_updates | Active/pending trades count: 1
2026-08-10 13:22:46,765 | INFO | scripts.run_trade_updates | Tick manager owns MT5 execution; the 5m cycle keeps bookkeeping/reporting only.
2026-08-10 13:22:46,765 | INFO | scripts.run_trade_updates | Trade update completed (events=0, open=1)
2026-08-10 13:27:46,768 | INFO | scripts.run_trade_updates | Starting trade updates: 2026-08-10T13:27:46.768666+00:00
2026-08-10 13:27:46,771 | INFO | scripts.run_trade_updates | \U0001f50d Session: London + New York Afternoon | Quality: HIGH | Allowed: True
2026-08-10 13:27:46,773 | WARNING | DatabaseService | Supabase credentials missing, using local fallback JSON
2026-08-10 13:27:47,029 | INFO | scripts.run_trade_updates | Active/pending trades count: 1
2026-08-10 13:27:47,029 | INFO | scripts.run_trade_updates | Tick manager owns MT5 execution; the 5m cycle keeps bookkeeping/reporting only.
2026-08-10 13:27:47,029 | INFO | scripts.run_trade_updates | Trade update completed (events=0, open=1)
2026-08-10 13:32:47,035 | INFO | scripts.run_trade_updates | Starting trade updates: 2026-08-10T13:32:47.033995+00:00
2026-08-10 13:32:47,037 | INFO | scripts.run_trade_updates | \U0001f50d Session: London + New York Afternoon | Quality: HIGH | Allowed: True
2026-08-10 13:32:47,038 | WARNING | DatabaseService | Supabase credentials missing, using local fallback JSON
2026-08-10 13:32:47,229 | INFO | scripts.run_trade_updates | Active/pending trades count: 1
2026-08-10 13:32:47,229 | INFO | scripts.run_trade_updates | Tick manager owns MT5 execution; the 5m cycle keeps bookkeeping/reporting only.
2026-08-10 13:32:47,230 | INFO | scripts.run_trade_updates | Trade update completed (events=0, open=1)
2026-08-10 13:37:47,235 | INFO | scripts.run_trade_updates | Starting trade updates: 2026-08-10T13:37:47.235410+00:00
2026-08-10 13:37:47,247 | INFO | scripts.run_trade_updates | \U0001f50d Session: London + New York Afternoon | Quality: HIGH | Allowed: True
2026-08-10 13:37:47,263 | WARNING | DatabaseService | Supabase credentials missing, using local fallback JSON
2026-08-10 13:37:47,634 | INFO | scripts.run_trade_updates | Active/pending trades count: 1
2026-08-10 13:37:47,634 | INFO | scripts.run_trade_updates | Tick manager owns MT5 execution; the 5m cycle keeps bookkeeping/reporting only.
2026-08-10 13:37:47,634 | INFO | scripts.run_trade_updates | Trade update completed (events=0, open=1)
2026-08-10 13:42:47,642 | INFO | scripts.run_trade_updates | Starting trade updates: 2026-08-10T13:42:47.642078+00:00
2026-08-10 13:42:47,642 | INFO | scripts.run_trade_updates | \U0001f50d Session: London + New York Afternoon | Quality: HIGH | Allowed: True
2026-08-10 13:42:47,649 | WARNING | DatabaseService | Supabase credentials missing, using local fallback JSON
2026-08-10 13:42:47,867 | INFO | scripts.run_trade_updates | Active/pending trades count: 1
2026-08-10 13:42:47,867 | INFO | scripts.run_trade_updates | Tick manager owns MT5 execution; the 5m cycle keeps bookkeeping/reporting only.
2026-08-10 13:42:47,867 | INFO | scripts.run_trade_updates | Trade update completed (events=0, open=1)
2026-08-10 13:47:47,883 | INFO | scripts.run_trade_updates | Starting trade updates: 2026-08-10T13:47:47.883931+00:00
2026-08-10 13:47:47,888 | INFO | scripts.run_trade_updates | \U0001f50d Session: London + New York Afternoon | Quality: HIGH | Allowed: True
2026-08-10 13:47:47,889 | WARNING | DatabaseService | Supabase credentials missing, using local fallback JSON
2026-08-10 13:47:48,334 | INFO | scripts.run_trade_updates | Active/pending trades count: 1
2026-08-10 13:47:48,335 | INFO | scripts.run_trade_updates | Tick manager owns MT5 execution; the 5m cycle keeps bookkeeping/reporting only.
2026-08-10 13:47:48,335 | INFO | scripts.run_trade_updates | Trade update completed (events=0, open=1)
2026-08-10 13:52:48,339 | INFO | scripts.run_trade_updates | Starting trade updates: 2026-08-10T13:52:48.339255+00:00
2026-08-10 13:52:48,339 | INFO | scripts.run_trade_updates | \U0001f50d Session: London + New York Afternoon | Quality: HIGH | Allowed: True
2026-08-10 13:52:48,339 | WARNING | DatabaseService | Supabase credentials missing, using local fallback JSON
2026-08-10 13:52:48,502 | INFO | scripts.run_trade_updates | Active/pending trades count: 1
2026-08-10 13:52:48,502 | INFO | scripts.run_trade_updates | Tick manager owns MT5 execution; the 5m cycle keeps bookkeeping/reporting only.
2026-08-10 13:52:48,502 | INFO | scripts.run_trade_updates | Trade update completed (events=0, open=1)
2026-08-10 13:57:48,517 | INFO | scripts.run_trade_updates | Starting trade updates: 2026-08-10T13:57:48.517876+00:00
2026-08-10 13:57:48,517 | INFO | scripts.run_trade_updates | \U0001f50d Session: London + New York Afternoon | Quality: HIGH | Allowed: True
2026-08-10 13:57:48,517 | WARNING | DatabaseService | Supabase credentials missing, using local fallback JSON
2026-08-10 13:57:48,733 | INFO | scripts.run_trade_updates | Active/pending trades count: 1
2026-08-10 13:57:48,733 | INFO | scripts.run_trade_updates | Tick manager owns MT5 execution; the 5m cycle keeps bookkeeping/reporting only.
2026-08-10 13:57:48,733 | INFO | scripts.run_trade_updates | Trade update completed (events=0, open=1)
2026-08-10 14:02:48,743 | INFO | scripts.run_trade_updates | Starting trade updates: 2026-08-10T14:02:48.743295+00:00
2026-08-10 14:02:48,743 | INFO | scripts.run_trade_updates | \U0001f50d Session: London + New York Afternoon | Quality: HIGH | Allowed: True
2026-08-10 14:02:48,743 | WARNING | DatabaseService | Supabase credentials missing, using local fallback JSON
2026-08-10 14:02:48,997 | INFO | scripts.run_trade_updates | Active/pending trades count: 1
2026-08-10 14:02:49,013 | INFO | scripts.run_trade_updates | Tick manager owns MT5 execution; the 5m cycle keeps bookkeeping/reporting only.
2026-08-10 14:02:49,013 | INFO | scripts.run_trade_updates | Trade update completed (events=0, open=1)
2026-08-10 14:07:49,018 | INFO | scripts.run_trade_updates | Starting trade updates: 2026-08-10T14:07:49.018992+00:00
2026-08-10 14:07:49,018 | INFO | scripts.run_trade_updates | \U0001f50d Session: London + New York Afternoon | Quality: HIGH | Allowed: True
2026-08-10 14:07:49,024 | WARNING | DatabaseService | Supabase credentials missing, using local fallback JSON
2026-08-10 14:07:49,260 | INFO | scripts.run_trade_updates | Active/pending trades count: 1
2026-08-10 14:07:49,260 | INFO | scripts.run_trade_updates | Tick manager owns MT5 execution; the 5m cycle keeps bookkeeping/reporting only.
2026-08-10 14:07:49,260 | INFO | scripts.run_trade_updates | Trade update completed (events=0, open=1)
2026-08-10 14:12:49,274 | INFO | scripts.run_trade_updates | Starting trade updates: 2026-08-10T14:12:49.274583+00:00
2026-08-10 14:12:49,274 | INFO | scripts.run_trade_updates | \U0001f50d Session: London + New York Afternoon | Quality: HIGH | Allowed: True
2026-08-10 14:12:49,274 | WARNING | DatabaseService | Supabase credentials missing, using local fallback JSON
2026-08-10 14:12:49,423 | INFO | scripts.run_trade_updates | Active/pending trades count: 1
2026-08-10 14:12:49,423 | INFO | scripts.run_trade_updates | Tick manager owns MT5 execution; the 5m cycle keeps bookkeeping/reporting only.
2026-08-10 14:12:49,423 | INFO | scripts.run_trade_updates | Trade update completed (events=0, open=1)
2026-08-10 14:17:49,442 | INFO | scripts.run_trade_updates | Starting trade updates: 2026-08-10T14:17:49.442842+00:00
2026-08-10 14:17:49,442 | INFO | scripts.run_trade_updates | \U0001f50d Session: London + New York Afternoon | Quality: HIGH | Allowed: True
2026-08-10 14:17:49,442 | WARNING | DatabaseService | Supabase credentials missing, using local fallback JSON
2026-08-10 14:17:49,771 | INFO | scripts.run_trade_updates | Active/pending trades count: 1
2026-08-10 14:17:49,771 | INFO | scripts.run_trade_updates | Tick manager owns MT5 execution; the 5m cycle keeps bookkeeping/reporting only.
2026-08-10 14:17:49,771 | INFO | scripts.run_trade_updates | Trade update completed (events=0, open=1)
2026-08-10 14:22:49,787 | INFO | scripts.run_trade_updates | Starting trade updates: 2026-08-10T14:22:49.787474+00:00
2026-08-10 14:22:49,787 | INFO | scripts.run_trade_updates | \U0001f50d Session: London + New York Afternoon | Quality: HIGH | Allowed: True
2026-08-10 14:22:49,787 | WARNING | DatabaseService | Supabase credentials missing, using local fallback JSON
2026-08-10 14:22:49,976 | INFO | scripts.run_trade_updates | Active/pending trades count: 1
2026-08-10 14:22:49,976 | INFO | scripts.run_trade_updates | Tick manager owns MT5 execution; the 5m cycle keeps bookkeeping/reporting only.
2026-08-10 14:22:49,976 | INFO | scripts.run_trade_updates | Trade update completed (events=0, open=1)
2026-08-10 14:27:49,988 | INFO | scripts.run_trade_updates | Starting trade updates: 2026-08-10T14:27:49.988089+00:00
2026-08-10 14:27:49,988 | INFO | scripts.run_trade_updates | \U0001f50d Session: London + New York Afternoon | Quality: HIGH | Allowed: True
2026-08-10 14:27:49,988 | WARNING | DatabaseService | Supabase credentials missing, using local fallback JSON
2026-08-10 14:27:50,217 | INFO | scripts.run_trade_updates | Active/pending trades count: 1
2026-08-10 14:27:50,217 | INFO | scripts.run_trade_updates | Tick manager owns MT5 execution; the 5m cycle keeps bookkeeping/reporting only.
2026-08-10 14:27:50,217 | INFO | scripts.run_trade_updates | Trade update completed (events=0, open=1)
2026-08-10 14:32:50,235 | INFO | scripts.run_trade_updates | Starting trade updates: 2026-08-10T14:32:50.230451+00:00
2026-08-10 14:32:50,235 | INFO | scripts.run_trade_updates | \U0001f50d Session: London + New York Afternoon | Quality: HIGH | Allowed: True
2026-08-10 14:32:50,235 | WARNING | DatabaseService | Supabase credentials missing, using local fallback JSON
2026-08-10 14:32:50,424 | INFO | scripts.run_trade_updates | Active/pending trades count: 1
2026-08-10 14:32:50,424 | INFO | scripts.run_trade_updates | Tick manager owns MT5 execution; the 5m cycle keeps bookkeeping/reporting only.
2026-08-10 14:32:50,424 | INFO | scripts.run_trade_updates | Trade update completed (events=0, open=1)
2026-08-10 14:37:50,429 | INFO | scripts.run_trade_updates | Starting trade updates: 2026-08-10T14:37:50.429390+00:00
2026-08-10 14:37:50,429 | INFO | scripts.run_trade_updates | \U0001f50d Session: London + New York Afternoon | Quality: HIGH | Allowed: True
2026-08-10 14:37:50,437 | WARNING | DatabaseService | Supabase credentials missing, using local fallback JSON
2026-08-10 14:37:50,641 | INFO | scripts.run_trade_updates | Active/pending trades count: 1
2026-08-10 14:37:50,641 | INFO | scripts.run_trade_updates | Tick manager owns MT5 execution; the 5m cycle keeps bookkeeping/reporting only.
2026-08-10 14:37:50,641 | INFO | scripts.run_trade_updates | Trade update completed (events=0, open=1)
2026-08-10 14:42:50,659 | INFO | scripts.run_trade_updates | Starting trade updates: 2026-08-10T14:42:50.659738+00:00
2026-08-10 14:42:50,662 | INFO | scripts.run_trade_updates | \U0001f50d Session: London + New York Afternoon | Quality: HIGH | Allowed: True
2026-08-10 14:42:50,662 | WARNING | DatabaseService | Supabase credentials missing, using local fallback JSON
2026-08-10 14:42:50,835 | INFO | scripts.run_trade_updates | Active/pending trades count: 1
2026-08-10 14:42:50,835 | INFO | scripts.run_trade_updates | Tick manager owns MT5 execution; the 5m cycle keeps bookkeeping/reporting only.
2026-08-10 14:42:50,835 | INFO | scripts.run_trade_updates | Trade update completed (events=0, open=1)
2026-08-10 14:47:50,853 | INFO | scripts.run_trade_updates | Starting trade updates: 2026-08-10T14:47:50.853690+00:00
2026-08-10 14:47:50,859 | INFO | scripts.run_trade_updates | \U0001f50d Session: London + New York Afternoon | Quality: HIGH | Allowed: True
2026-08-10 14:47:50,859 | WARNING | DatabaseService | Supabase credentials missing, using local fallback JSON
2026-08-10 14:47:51,172 | INFO | scripts.run_trade_updates | Active/pending trades count: 1
2026-08-10 14:47:51,172 | INFO | scripts.run_trade_updates | Tick manager owns MT5 execution; the 5m cycle keeps bookkeeping/reporting only.
2026-08-10 14:47:51,172 | INFO | scripts.run_trade_updates | Trade update completed (events=0, open=1)
2026-08-10 14:52:51,177 | INFO | scripts.run_trade_updates | Starting trade updates: 2026-08-10T14:52:51.177054+00:00
2026-08-10 14:52:51,177 | INFO | scripts.run_trade_updates | \U0001f50d Session: London + New York Afternoon | Quality: HIGH | Allowed: True
2026-08-10 14:52:51,177 | WARNING | DatabaseService | Supabase credentials missing, using local fallback JSON
2026-08-10 14:52:51,327 | INFO | scripts.run_trade_updates | Active/pending trades count: 1
2026-08-10 14:52:51,327 | INFO | scripts.run_trade_updates | Tick manager owns MT5 execution; the 5m cycle keeps bookkeeping/reporting only.
2026-08-10 14:52:51,327 | INFO | scripts.run_trade_updates | Trade update completed (events=0, open=1)
2026-08-10 14:57:51,340 | INFO | scripts.run_trade_updates | Starting trade updates: 2026-08-10T14:57:51.340252+00:00
2026-08-10 14:57:51,342 | INFO | scripts.run_trade_updates | \U0001f50d Session: London + New York Afternoon | Quality: HIGH | Allowed: True
2026-08-10 14:57:51,343 | WARNING | DatabaseService | Supabase credentials missing, using local fallback JSON
2026-08-10 14:57:51,577 | INFO | scripts.run_trade_updates | Active/pending trades count: 1
2026-08-10 14:57:51,577 | INFO | scripts.run_trade_updates | Tick manager owns MT5 execution; the 5m cycle keeps bookkeeping/reporting only.
2026-08-10 14:57:51,577 | INFO | scripts.run_trade_updates | Trade update completed (events=0, open=1)
2026-08-10 15:02:51,585 | INFO | scripts.run_trade_updates | Starting trade updates: 2026-08-10T15:02:51.583580+00:00
2026-08-10 15:02:51,592 | INFO | scripts.run_trade_updates | \U0001f50d Session: London + New York Afternoon | Quality: HIGH | Allowed: True
2026-08-10 15:02:51,594 | WARNING | DatabaseService | Supabase credentials missing, using local fallback JSON
2026-08-10 15:02:51,795 | INFO | scripts.run_trade_updates | Active/pending trades count: 1
2026-08-10 15:02:51,795 | INFO | scripts.run_trade_updates | Tick manager owns MT5 execution; the 5m cycle keeps bookkeeping/reporting only.
2026-08-10 15:02:51,795 | INFO | scripts.run_trade_updates | Trade update completed (events=0, open=1)
2026-08-10 15:07:51,801 | INFO | scripts.run_trade_updates | Starting trade updates: 2026-08-10T15:07:51.800526+00:00
2026-08-10 15:07:51,805 | INFO | scripts.run_trade_updates | \U0001f50d Session: London + New York Afternoon | Quality: HIGH | Allowed: True
2026-08-10 15:07:51,806 | WARNING | DatabaseService | Supabase credentials missing, using local fallback JSON
2026-08-10 15:07:52,076 | INFO | scripts.run_trade_updates | Active/pending trades count: 1
2026-08-10 15:07:52,076 | INFO | scripts.run_trade_updates | Tick manager owns MT5 execution; the 5m cycle keeps bookkeeping/reporting only.
2026-08-10 15:07:52,077 | INFO | scripts.run_trade_updates | Trade update completed (events=0, open=1)
2026-08-10 15:12:52,756 | INFO | scripts.run_trade_updates | Starting trade updates: 2026-08-10T15:12:52.501922+00:00
2026-08-10 15:12:53,141 | INFO | scripts.run_trade_updates | \U0001f50d Session: London + New York Afternoon | Quality: HIGH | Allowed: True
2026-08-10 15:12:53,346 | WARNING | DatabaseService | Supabase credentials missing, using local fallback JSON
2026-08-10 15:12:53,629 | INFO | scripts.run_trade_updates | Active/pending trades count: 1
2026-08-10 15:12:53,655 | INFO | scripts.run_trade_updates | Tick manager owns MT5 execution; the 5m cycle keeps bookkeeping/reporting only.
2026-08-10 15:12:53,655 | INFO | scripts.run_trade_updates | Trade update completed (events=0, open=1)
2026-08-10 15:17:53,682 | INFO | scripts.run_trade_updates | Starting trade updates: 2026-08-10T15:17:53.679555+00:00
2026-08-10 15:17:53,700 | INFO | scripts.run_trade_updates | \U0001f50d Session: London + New York Afternoon | Quality: HIGH | Allowed: True
2026-08-10 15:17:53,707 | WARNING | DatabaseService | Supabase credentials missing, using local fallback JSON
2026-08-10 15:17:55,514 | INFO | scripts.run_trade_updates | Active/pending trades count: 1
2026-08-10 15:17:55,514 | INFO | scripts.run_trade_updates | Tick manager owns MT5 execution; the 5m cycle keeps bookkeeping/reporting only.
2026-08-10 15:17:55,514 | INFO | scripts.run_trade_updates | Trade update completed (events=0, open=1)
2026-08-10 15:22:55,519 | INFO | scripts.run_trade_updates | Starting trade updates: 2026-08-10T15:22:55.519500+00:00
2026-08-10 15:22:55,534 | INFO | scripts.run_trade_updates | \U0001f50d Session: London + New York Afternoon | Quality: HIGH | Allowed: True
2026-08-10 15:22:55,545 | WARNING | DatabaseService | Supabase credentials missing, using local fallback JSON
2026-08-10 15:22:55,790 | INFO | scripts.run_trade_updates | Active/pending trades count: 1
2026-08-10 15:22:55,790 | INFO | scripts.run_trade_updates | Tick manager owns MT5 execution; the 5m cycle keeps bookkeeping/reporting only.
2026-08-10 15:22:55,790 | INFO | scripts.run_trade_updates | Trade update completed (events=0, open=1)
2026-08-10 15:27:55,794 | INFO | scripts.run_trade_updates | Starting trade updates: 2026-08-10T15:27:55.794658+00:00
2026-08-10 15:27:55,794 | INFO | scripts.run_trade_updates | \U0001f50d Session: London + New York Afternoon | Quality: HIGH | Allowed: True
2026-08-10 15:27:55,804 | WARNING | DatabaseService | Supabase credentials missing, using local fallback JSON
2026-08-10 15:27:56,026 | INFO | scripts.run_trade_updates | Active/pending trades count: 1
2026-08-10 15:27:56,026 | INFO | scripts.run_trade_updates | Tick manager owns MT5 execution; the 5m cycle keeps bookkeeping/reporting only.
2026-08-10 15:27:56,026 | INFO | scripts.run_trade_updates | Trade update completed (events=0, open=1)
2026-08-10 15:32:56,039 | INFO | scripts.run_trade_updates | Starting trade updates: 2026-08-10T15:32:56.039347+00:00
2026-08-10 15:32:56,042 | INFO | scripts.run_trade_updates | \U0001f50d Session: London + New York Afternoon | Quality: HIGH | Allowed: True
2026-08-10 15:32:56,044 | WARNING | DatabaseService | Supabase credentials missing, using local fallback JSON
2026-08-10 15:32:56,209 | INFO | scripts.run_trade_updates | Active/pending trades count: 1
2026-08-10 15:32:56,209 | INFO | scripts.run_trade_updates | Tick manager owns MT5 execution; the 5m cycle keeps bookkeeping/reporting only.
2026-08-10 15:32:56,209 | INFO | scripts.run_trade_updates | Trade update completed (events=0, open=1)
2026-08-10 15:36:59,727 | INFO | scripts.run_trade_updates | Starting trade updates: 2026-08-10T15:36:59.727833+00:00
2026-08-10 15:36:59,743 | INFO | scripts.run_trade_updates | \U0001f50d Session: London + New York Afternoon | Quality: HIGH | Allowed: True
2026-08-10 15:36:59,744 | WARNING | DatabaseService | Supabase credentials missing, using local fallback JSON
2026-08-10 15:36:59,931 | INFO | scripts.run_trade_updates | Active/pending trades count: 1
2026-08-10 15:36:59,931 | INFO | scripts.run_trade_updates | Tick manager owns MT5 execution; the 5m cycle keeps bookkeeping/reporting only.
2026-08-10 15:36:59,931 | INFO | scripts.run_trade_updates | Trade update completed (events=0, open=1)
2026-08-10 15:41:59,926 | INFO | scripts.run_trade_updates | Starting trade updates: 2026-08-10T15:41:59.926839+00:00
2026-08-10 15:41:59,930 | INFO | scripts.run_trade_updates | \U0001f50d Session: London + New York Afternoon | Quality: HIGH | Allowed: True
2026-08-10 15:41:59,931 | WARNING | DatabaseService | Supabase credentials missing, using local fallback JSON
2026-08-10 15:42:00,287 | INFO | scripts.run_trade_updates | Active/pending trades count: 1
2026-08-10 15:42:00,288 | INFO | scripts.run_trade_updates | Tick manager owns MT5 execution; the 5m cycle keeps bookkeeping/reporting only.
2026-08-10 15:42:00,288 | INFO | scripts.run_trade_updates | Trade update completed (events=0, open=1)
2026-08-10 15:47:00,294 | INFO | scripts.run_trade_updates | Starting trade updates: 2026-08-10T15:47:00.294504+00:00
2026-08-10 15:47:00,310 | INFO | scripts.run_trade_updates | \U0001f50d Session: London + New York Afternoon | Quality: HIGH | Allowed: True
2026-08-10 15:47:00,328 | WARNING | DatabaseService | Supabase credentials missing, using local fallback JSON
2026-08-10 15:47:00,583 | INFO | scripts.run_trade_updates | Active/pending trades count: 1
2026-08-10 15:47:00,583 | INFO | scripts.run_trade_updates | Tick manager owns MT5 execution; the 5m cycle keeps bookkeeping/reporting only.
2026-08-10 15:47:00,583 | INFO | scripts.run_trade_updates | Trade update completed (events=0, open=1)
2026-08-10 15:52:00,594 | INFO | scripts.run_trade_updates | Starting trade updates: 2026-08-10T15:52:00.594437+00:00
2026-08-10 15:52:00,594 | INFO | scripts.run_trade_updates | \U0001f50d Session: London + New York Afternoon | Quality: HIGH | Allowed: True
2026-08-10 15:52:00,627 | WARNING | DatabaseService | Supabase credentials missing, using local fallback JSON
2026-08-10 15:52:01,032 | INFO | scripts.run_trade_updates | Active/pending trades count: 1
2026-08-10 15:52:01,032 | INFO | scripts.run_trade_updates | Tick manager owns MT5 execution; the 5m cycle keeps bookkeeping/reporting only.
2026-08-10 15:52:01,032 | INFO | scripts.run_trade_updates | Trade update completed (events=0, open=1)
2026-08-10 15:57:01,038 | INFO | scripts.run_trade_updates | Starting trade updates: 2026-08-10T15:57:01.038394+00:00
2026-08-10 15:57:01,044 | INFO | scripts.run_trade_updates | \U0001f50d Session: London + New York Afternoon | Quality: HIGH | Allowed: True
2026-08-10 15:57:01,047 | WARNING | DatabaseService | Supabase credentials missing, using local fallback JSON
2026-08-10 15:57:01,211 | INFO | scripts.run_trade_updates | Active/pending trades count: 1
2026-08-10 15:57:01,211 | INFO | scripts.run_trade_updates | Tick manager owns MT5 execution; the 5m cycle keeps bookkeeping/reporting only.
2026-08-10 15:57:01,211 | INFO | scripts.run_trade_updates | Trade update completed (events=0, open=1)
2026-08-10 16:02:01,515 | INFO | scripts.run_trade_updates | Starting trade updates: 2026-08-10T16:02:01.515423+00:00
2026-08-10 16:02:01,515 | INFO | scripts.run_trade_updates | \U0001f50d Session: New York Evening | Quality: HIGH | Allowed: True
2026-08-10 16:02:01,526 | WARNING | DatabaseService | Supabase credentials missing, using local fallback JSON
2026-08-10 16:02:02,058 | INFO | scripts.run_trade_updates | Active/pending trades count: 1
2026-08-10 16:02:02,059 | INFO | scripts.run_trade_updates | Tick manager owns MT5 execution; the 5m cycle keeps bookkeeping/reporting only.
2026-08-10 16:02:02,060 | INFO | scripts.run_trade_updates | Trade update completed (events=0, open=1)
2026-08-10 16:07:02,066 | INFO | scripts.run_trade_updates | Starting trade updates: 2026-08-10T16:07:02.066418+00:00
2026-08-10 16:07:02,072 | INFO | scripts.run_trade_updates | \U0001f50d Session: New York Evening | Quality: HIGH | Allowed: True
2026-08-10 16:07:02,075 | WARNING | DatabaseService | Supabase credentials missing, using local fallback JSON
2026-08-10 16:07:02,275 | INFO | scripts.run_trade_updates | Active/pending trades count: 1
2026-08-10 16:07:02,275 | INFO | scripts.run_trade_updates | Tick manager owns MT5 execution; the 5m cycle keeps bookkeeping/reporting only.
2026-08-10 16:07:02,275 | INFO | scripts.run_trade_updates | Trade update completed (events=0, open=1)
2026-08-10 16:12:02,278 | INFO | scripts.run_trade_updates | Starting trade updates: 2026-08-10T16:12:02.278400+00:00
2026-08-10 16:12:02,281 | INFO | scripts.run_trade_updates | \U0001f50d Session: New York Evening | Quality: HIGH | Allowed: True
2026-08-10 16:12:02,281 | WARNING | DatabaseService | Supabase credentials missing, using local fallback JSON
2026-08-10 16:12:02,527 | INFO | scripts.run_trade_updates | Active/pending trades count: 1
2026-08-10 16:12:02,527 | INFO | scripts.run_trade_updates | Tick manager owns MT5 execution; the 5m cycle keeps bookkeeping/reporting only.
2026-08-10 16:12:02,527 | INFO | scripts.run_trade_updates | Trade update completed (events=0, open=1)
2026-08-10 16:17:02,534 | INFO | scripts.run_trade_updates | Starting trade updates: 2026-08-10T16:17:02.534783+00:00
2026-08-10 16:17:02,550 | INFO | scripts.run_trade_updates | \U0001f50d Session: New York Evening | Quality: HIGH | Allowed: True
2026-08-10 16:17:02,551 | WARNING | DatabaseService | Supabase credentials missing, using local fallback JSON
2026-08-10 16:17:02,773 | INFO | scripts.run_trade_updates | Active/pending trades count: 1
2026-08-10 16:17:02,774 | INFO | scripts.run_trade_updates | Tick manager owns MT5 execution; the 5m cycle keeps bookkeeping/reporting only.
2026-08-10 16:17:02,774 | INFO | scripts.run_trade_updates | Trade update completed (events=0, open=1)
2026-08-10 16:22:02,778 | INFO | scripts.run_trade_updates | Starting trade updates: 2026-08-10T16:22:02.778002+00:00
2026-08-10 16:22:02,780 | INFO | scripts.run_trade_updates | \U0001f50d Session: New York Evening | Quality: HIGH | Allowed: True
2026-08-10 16:22:02,781 | WARNING | DatabaseService | Supabase credentials missing, using local fallback JSON
2026-08-10 16:22:03,049 | INFO | scripts.run_trade_updates | Active/pending trades count: 1
2026-08-10 16:22:03,049 | INFO | scripts.run_trade_updates | Tick manager owns MT5 execution; the 5m cycle keeps bookkeeping/reporting only.
2026-08-10 16:22:03,049 | INFO | scripts.run_trade_updates | Trade update completed (events=0, open=1)
2026-08-10 16:27:03,054 | INFO | scripts.run_trade_updates | Starting trade updates: 2026-08-10T16:27:03.053658+00:00
2026-08-10 16:27:03,059 | INFO | scripts.run_trade_updates | \U0001f50d Session: New York Evening | Quality: HIGH | Allowed: True
2026-08-10 16:27:03,061 | WARNING | DatabaseService | Supabase credentials missing, using local fallback JSON
2026-08-10 16:27:03,216 | INFO | scripts.run_trade_updates | Active/pending trades count: 1
2026-08-10 16:27:03,216 | INFO | scripts.run_trade_updates | Tick manager owns MT5 execution; the 5m cycle keeps bookkeeping/reporting only.
2026-08-10 16:27:03,216 | INFO | scripts.run_trade_updates | Trade update completed (events=0, open=1)
2026-08-10 16:32:03,221 | INFO | scripts.run_trade_updates | Starting trade updates: 2026-08-10T16:32:03.221128+00:00
2026-08-10 16:32:03,226 | INFO | scripts.run_trade_updates | \U0001f50d Session: New York Evening | Quality: HIGH | Allowed: True
2026-08-10 16:32:03,227 | WARNING | DatabaseService | Supabase credentials missing, using local fallback JSON
2026-08-10 16:32:03,598 | INFO | scripts.run_trade_updates | Active/pending trades count: 1
2026-08-10 16:32:03,598 | INFO | scripts.run_trade_updates | Tick manager owns MT5 execution; the 5m cycle keeps bookkeeping/reporting only.
2026-08-10 16:32:03,598 | INFO | scripts.run_trade_updates | Trade update completed (events=0, open=1)
2026-08-10 16:37:03,604 | INFO | scripts.run_trade_updates | Starting trade updates: 2026-08-10T16:37:03.604939+00:00
2026-08-10 16:37:03,608 | INFO | scripts.run_trade_updates | \U0001f50d Session: New York Evening | Quality: HIGH | Allowed: True
2026-08-10 16:37:03,612 | WARNING | DatabaseService | Supabase credentials missing, using local fallback JSON
2026-08-10 16:37:03,924 | INFO | scripts.run_trade_updates | Active/pending trades count: 1
2026-08-10 16:37:03,924 | INFO | scripts.run_trade_updates | Tick manager owns MT5 execution; the 5m cycle keeps bookkeeping/reporting only.
2026-08-10 16:37:03,924 | INFO | scripts.run_trade_updates | Trade update completed (events=0, open=1)
2026-08-10 16:42:03,930 | INFO | scripts.run_trade_updates | Starting trade updates: 2026-08-10T16:42:03.930629+00:00
2026-08-10 16:42:03,933 | INFO | scripts.run_trade_updates | \U0001f50d Session: New York Evening | Quality: HIGH | Allowed: True
2026-08-10 16:42:03,934 | WARNING | DatabaseService | Supabase credentials missing, using local fallback JSON
2026-08-10 16:42:04,222 | INFO | scripts.run_trade_updates | Active/pending trades count: 1
2026-08-10 16:42:04,222 | INFO | scripts.run_trade_updates | Tick manager owns MT5 execution; the 5m cycle keeps bookkeeping/reporting only.
2026-08-10 16:42:04,222 | INFO | scripts.run_trade_updates | Trade update completed (events=0, open=1)
2026-08-10 16:47:04,229 | INFO | scripts.run_trade_updates | Starting trade updates: 2026-08-10T16:47:04.228120+00:00
2026-08-10 16:47:04,231 | INFO | scripts.run_trade_updates | \U0001f50d Session: New York Evening | Quality: HIGH | Allowed: True
2026-08-10 16:47:04,233 | WARNING | DatabaseService | Supabase credentials missing, using local fallback JSON
2026-08-10 16:47:04,407 | INFO | scripts.run_trade_updates | Active/pending trades count: 1
2026-08-10 16:47:04,407 | INFO | scripts.run_trade_updates | Tick manager owns MT5 execution; the 5m cycle keeps bookkeeping/reporting only.
2026-08-10 16:47:04,407 | INFO | scripts.run_trade_updates | Trade update completed (events=0, open=1)
2026-08-10 16:49:25,604 | INFO | scripts.run_trade_updates | Starting trade updates: 2026-08-10T16:49:25.604978+00:00
2026-08-10 16:49:25,679 | INFO | scripts.run_trade_updates | \U0001f50d Session: New York Evening | Quality: HIGH | Allowed: True
2026-08-10 16:49:25,684 | WARNING | DatabaseService | Supabase credentials missing, using local fallback JSON
2026-08-10 16:49:25,947 | INFO | scripts.run_trade_updates | Active/pending trades count: 1
2026-08-10 16:49:25,947 | INFO | scripts.run_trade_updates | Tick manager owns MT5 execution; the 5m cycle keeps bookkeeping/reporting only.
2026-08-10 16:49:25,947 | INFO | scripts.run_trade_updates | Trade update completed (events=0, open=1)
2026-08-10 16:54:25,952 | INFO | scripts.run_trade_updates | Starting trade updates: 2026-08-10T16:54:25.952010+00:00
2026-08-10 16:54:25,954 | INFO | scripts.run_trade_updates | \U0001f50d Session: New York Evening | Quality: HIGH | Allowed: True
2026-08-10 16:54:25,955 | WARNING | DatabaseService | Supabase credentials missing, using local fallback JSON
2026-08-10 16:54:26,206 | INFO | scripts.run_trade_updates | Active/pending trades count: 1
2026-08-10 16:54:26,206 | INFO | scripts.run_trade_updates | Tick manager owns MT5 execution; the 5m cycle keeps bookkeeping/reporting only.
2026-08-10 16:54:26,206 | INFO | scripts.run_trade_updates | Trade update completed (events=0, open=1)
2026-08-10 16:59:26,209 | INFO | scripts.run_trade_updates | Starting trade updates: 2026-08-10T16:59:26.209893+00:00
2026-08-10 16:59:26,212 | INFO | scripts.run_trade_updates | \U0001f50d Session: New York Evening | Quality: HIGH | Allowed: True
2026-08-10 16:59:26,214 | WARNING | DatabaseService | Supabase credentials missing, using local fallback JSON
2026-08-10 16:59:26,390 | INFO | scripts.run_trade_updates | Active/pending trades count: 1
2026-08-10 16:59:26,390 | INFO | scripts.run_trade_updates | Tick manager owns MT5 execution; the 5m cycle keeps bookkeeping/reporting only.
2026-08-10 16:59:26,391 | INFO | scripts.run_trade_updates | Trade update completed (events=0, open=1)
2026-08-10 17:04:26,394 | INFO | scripts.run_trade_updates | Starting trade updates: 2026-08-10T17:04:26.394682+00:00
2026-08-10 17:04:26,395 | INFO | scripts.run_trade_updates | \U0001f50d Session: New York Evening | Quality: HIGH | Allowed: True
2026-08-10 17:04:26,397 | WARNING | DatabaseService | Supabase credentials missing, using local fallback JSON
2026-08-10 17:04:26,594 | INFO | scripts.run_trade_updates | Active/pending trades count: 1
2026-08-10 17:04:26,594 | INFO | scripts.run_trade_updates | Tick manager owns MT5 execution; the 5m cycle keeps bookkeeping/reporting only.
2026-08-10 17:04:26,595 | INFO | scripts.run_trade_updates | Trade update completed (events=0, open=1)
2026-08-10 17:09:26,601 | INFO | scripts.run_trade_updates | Starting trade updates: 2026-08-10T17:09:26.600263+00:00
2026-08-10 17:09:26,603 | INFO | scripts.run_trade_updates | \U0001f50d Session: New York Evening | Quality: HIGH | Allowed: True
2026-08-10 17:09:26,605 | WARNING | DatabaseService | Supabase credentials missing, using local fallback JSON
2026-08-10 17:09:26,779 | INFO | scripts.run_trade_updates | Active/pending trades count: 1
2026-08-10 17:09:26,780 | INFO | scripts.run_trade_updates | Tick manager owns MT5 execution; the 5m cycle keeps bookkeeping/reporting only.
2026-08-10 17:09:26,781 | INFO | scripts.run_trade_updates | Trade update completed (events=0, open=1)
2026-08-10 17:14:26,786 | INFO | scripts.run_trade_updates | Starting trade updates: 2026-08-10T17:14:26.786006+00:00
2026-08-10 17:14:26,787 | INFO | scripts.run_trade_updates | \U0001f50d Session: New York Evening | Quality: HIGH | Allowed: True
2026-08-10 17:14:26,789 | WARNING | DatabaseService | Supabase credentials missing, using local fallback JSON
2026-08-10 17:14:27,024 | INFO | scripts.run_trade_updates | Active/pending trades count: 1
2026-08-10 17:14:27,024 | INFO | scripts.run_trade_updates | Tick manager owns MT5 execution; the 5m cycle keeps bookkeeping/reporting only.
2026-08-10 17:14:27,024 | INFO | scripts.run_trade_updates | Trade update completed (events=0, open=1)
2026-08-10 17:19:27,027 | INFO | scripts.run_trade_updates | Starting trade updates: 2026-08-10T17:19:27.027782+00:00
2026-08-10 17:19:27,054 | INFO | scripts.run_trade_updates | \U0001f50d Session: New York Evening | Quality: HIGH | Allowed: True
2026-08-10 17:19:27,055 | WARNING | DatabaseService | Supabase credentials missing, using local fallback JSON
2026-08-10 17:19:27,246 | INFO | scripts.run_trade_updates | Active/pending trades count: 1
2026-08-10 17:19:27,246 | INFO | scripts.run_trade_updates | Tick manager owns MT5 execution; the 5m cycle keeps bookkeeping/reporting only.
2026-08-10 17:19:27,246 | INFO | scripts.run_trade_updates | Trade update completed (events=0, open=1)
2026-08-10 17:22:46,115 | INFO | scripts.run_trade_updates | Starting trade updates: 2026-08-10T17:22:46.115058+00:00
2026-08-10 17:22:46,159 | INFO | scripts.run_trade_updates | \U0001f50d Session: New York Evening | Quality: HIGH | Allowed: True
2026-08-10 17:22:46,160 | WARNING | DatabaseService | Supabase credentials missing, using local fallback JSON
2026-08-10 17:22:46,376 | INFO | scripts.run_trade_updates | Active/pending trades count: 1
2026-08-10 17:22:46,377 | INFO | scripts.run_trade_updates | Tick manager owns MT5 execution; the 5m cycle keeps bookkeeping/reporting only.
2026-08-10 17:22:46,377 | INFO | scripts.run_trade_updates | Trade update completed (events=0, open=1)
2026-08-10 17:27:46,409 | INFO | scripts.run_trade_updates | Starting trade updates: 2026-08-10T17:27:46.409291+00:00
2026-08-10 17:27:46,409 | INFO | scripts.run_trade_updates | \U0001f50d Session: New York Evening | Quality: HIGH | Allowed: True
2026-08-10 17:27:46,409 | WARNING | DatabaseService | Supabase credentials missing, using local fallback JSON
2026-08-10 17:27:46,627 | INFO | scripts.run_trade_updates | Active/pending trades count: 1
2026-08-10 17:27:46,627 | INFO | scripts.run_trade_updates | Tick manager owns MT5 execution; the 5m cycle keeps bookkeeping/reporting only.
2026-08-10 17:27:46,627 | INFO | scripts.run_trade_updates | Trade update completed (events=0, open=1)
2026-08-10 17:32:46,650 | INFO | scripts.run_trade_updates | Starting trade updates: 2026-08-10T17:32:46.650618+00:00
2026-08-10 17:32:46,654 | INFO | scripts.run_trade_updates | \U0001f50d Session: New York Evening | Quality: HIGH | Allowed: True
2026-08-10 17:32:46,655 | WARNING | DatabaseService | Supabase credentials missing, using local fallback JSON
2026-08-10 17:32:46,822 | INFO | scripts.run_trade_updates | Active/pending trades count: 1
2026-08-10 17:32:46,822 | INFO | scripts.run_trade_updates | Tick manager owns MT5 execution; the 5m cycle keeps bookkeeping/reporting only.
2026-08-10 17:32:46,823 | INFO | scripts.run_trade_updates | Trade update completed (events=0, open=1)
2026-08-10 17:36:55,976 | INFO | scripts.run_trade_updates | Starting trade updates: 2026-08-10T17:36:55.976435+00:00
2026-08-10 17:36:55,992 | INFO | scripts.run_trade_updates | \U0001f50d Session: New York Evening | Quality: HIGH | Allowed: True
2026-08-10 17:36:55,992 | WARNING | DatabaseService | Supabase credentials missing, using local fallback JSON
2026-08-10 17:36:56,162 | INFO | scripts.run_trade_updates | Active/pending trades count: 1
2026-08-10 17:36:56,162 | INFO | scripts.run_trade_updates | Tick manager owns MT5 execution; the 5m cycle keeps bookkeeping/reporting only.
2026-08-10 17:36:56,162 | INFO | scripts.run_trade_updates | Trade update completed (events=0, open=1)
2026-08-10 17:41:56,161 | INFO | scripts.run_trade_updates | Starting trade updates: 2026-08-10T17:41:56.161536+00:00
2026-08-10 17:41:56,168 | INFO | scripts.run_trade_updates | \U0001f50d Session: New York Evening | Quality: HIGH | Allowed: True
2026-08-10 17:41:56,168 | WARNING | DatabaseService | Supabase credentials missing, using local fallback JSON
2026-08-10 17:41:56,449 | INFO | scripts.run_trade_updates | Active/pending trades count: 1
2026-08-10 17:41:56,449 | INFO | scripts.run_trade_updates | Tick manager owns MT5 execution; the 5m cycle keeps bookkeeping/reporting only.
2026-08-10 17:41:56,449 | INFO | scripts.run_trade_updates | Trade update completed (events=0, open=1)
2026-08-10 17:46:56,435 | INFO | scripts.run_trade_updates | Starting trade updates: 2026-08-10T17:46:56.435407+00:00
2026-08-10 17:46:56,435 | INFO | scripts.run_trade_updates | \U0001f50d Session: New York Evening | Quality: HIGH | Allowed: True
2026-08-10 17:46:56,435 | WARNING | DatabaseService | Supabase credentials missing, using local fallback JSON
2026-08-10 17:46:56,601 | INFO | scripts.run_trade_updates | Active/pending trades count: 1
2026-08-10 17:46:56,601 | INFO | scripts.run_trade_updates | Tick manager owns MT5 execution; the 5m cycle keeps bookkeeping/reporting only.
2026-08-10 17:46:56,601 | INFO | scripts.run_trade_updates | Trade update completed (events=0, open=1)
2026-08-10 17:51:56,616 | INFO | scripts.run_trade_updates | Starting trade updates: 2026-08-10T17:51:56.616781+00:00
2026-08-10 17:51:56,616 | INFO | scripts.run_trade_updates | \U0001f50d Session: New York Evening | Quality: HIGH | Allowed: True
2026-08-10 17:51:56,616 | WARNING | DatabaseService | Supabase credentials missing, using local fallback JSON
2026-08-10 17:51:56,820 | INFO | scripts.run_trade_updates | Active/pending trades count: 1
2026-08-10 17:51:56,820 | INFO | scripts.run_trade_updates | Tick manager owns MT5 execution; the 5m cycle keeps bookkeeping/reporting only.
2026-08-10 17:51:56,820 | INFO | scripts.run_trade_updates | Trade update completed (events=0, open=1)
2026-08-10 17:56:56,828 | INFO | scripts.run_trade_updates | Starting trade updates: 2026-08-10T17:56:56.828623+00:00
2026-08-10 17:56:56,828 | INFO | scripts.run_trade_updates | \U0001f50d Session: New York Evening | Quality: HIGH | Allowed: True
2026-08-10 17:56:56,844 | WARNING | DatabaseService | Supabase credentials missing, using local fallback JSON
2026-08-10 17:56:57,052 | INFO | scripts.run_trade_updates | Active/pending trades count: 1
2026-08-10 17:56:57,052 | INFO | scripts.run_trade_updates | Tick manager owns MT5 execution; the 5m cycle keeps bookkeeping/reporting only.
2026-08-10 17:56:57,052 | INFO | scripts.run_trade_updates | Trade update completed (events=0, open=1)
2026-08-10 18:01:57,068 | INFO | scripts.run_trade_updates | Starting trade updates: 2026-08-10T18:01:57.068474+00:00
2026-08-10 18:01:57,068 | INFO | scripts.run_trade_updates | \U0001f50d Session: New York Evening | Quality: HIGH | Allowed: True
2026-08-10 18:01:57,085 | WARNING | DatabaseService | Supabase credentials missing, using local fallback JSON
2026-08-10 18:01:57,744 | INFO | scripts.run_trade_updates | Active/pending trades count: 1
2026-08-10 18:01:57,744 | INFO | scripts.run_trade_updates | Tick manager owns MT5 execution; the 5m cycle keeps bookkeeping/reporting only.
2026-08-10 18:01:57,744 | INFO | scripts.run_trade_updates | Trade update completed (events=0, open=1)
2026-08-10 18:06:57,755 | INFO | scripts.run_trade_updates | Starting trade updates: 2026-08-10T18:06:57.755519+00:00
2026-08-10 18:06:57,755 | INFO | scripts.run_trade_updates | \U0001f50d Session: New York Evening | Quality: HIGH | Allowed: True
2026-08-10 18:06:57,755 | WARNING | DatabaseService | Supabase credentials missing, using local fallback JSON
2026-08-10 18:06:58,003 | INFO | scripts.run_trade_updates | Active/pending trades count: 1
2026-08-10 18:06:58,003 | INFO | scripts.run_trade_updates | Tick manager owns MT5 execution; the 5m cycle keeps bookkeeping/reporting only.
2026-08-10 18:06:58,003 | INFO | scripts.run_trade_updates | Trade update completed (events=0, open=1)
2026-08-10 18:11:58,018 | INFO | scripts.run_trade_updates | Starting trade updates: 2026-08-10T18:11:58.016725+00:00
2026-08-10 18:11:58,018 | INFO | scripts.run_trade_updates | \U0001f50d Session: New York Evening | Quality: HIGH | Allowed: True
2026-08-10 18:11:58,018 | WARNING | DatabaseService | Supabase credentials missing, using local fallback JSON
2026-08-10 18:11:58,254 | INFO | scripts.run_trade_updates | Active/pending trades count: 1
2026-08-10 18:11:58,254 | INFO | scripts.run_trade_updates | Tick manager owns MT5 execution; the 5m cycle keeps bookkeeping/reporting only.
2026-08-10 18:11:58,254 | INFO | scripts.run_trade_updates | Trade update completed (events=0, open=1)
2026-08-10 18:16:58,260 | INFO | scripts.run_trade_updates | Starting trade updates: 2026-08-10T18:16:58.260593+00:00
2026-08-10 18:16:58,272 | INFO | scripts.run_trade_updates | \U0001f50d Session: New York Evening | Quality: HIGH | Allowed: True
2026-08-10 18:16:58,290 | WARNING | DatabaseService | Supabase credentials missing, using local fallback JSON
2026-08-10 18:16:58,860 | INFO | scripts.run_trade_updates | Active/pending trades count: 1
2026-08-10 18:16:58,860 | INFO | scripts.run_trade_updates | Tick manager owns MT5 execution; the 5m cycle keeps bookkeeping/reporting only.
2026-08-10 18:16:58,860 | INFO | scripts.run_trade_updates | Trade update completed (events=0, open=1)
2026-08-10 18:21:58,874 | INFO | scripts.run_trade_updates | Starting trade updates: 2026-08-10T18:21:58.874383+00:00
2026-08-10 18:21:58,874 | INFO | scripts.run_trade_updates | \U0001f50d Session: New York Evening | Quality: HIGH | Allowed: True
2026-08-10 18:21:58,874 | WARNING | DatabaseService | Supabase credentials missing, using local fallback JSON
2026-08-10 18:21:59,084 | INFO | scripts.run_trade_updates | Active/pending trades count: 1
2026-08-10 18:21:59,084 | INFO | scripts.run_trade_updates | Tick manager owns MT5 execution; the 5m cycle keeps bookkeeping/reporting only.
2026-08-10 18:21:59,084 | INFO | scripts.run_trade_updates | Trade update completed (events=0, open=1)
2026-08-10 18:26:59,098 | INFO | scripts.run_trade_updates | Starting trade updates: 2026-08-10T18:26:59.098982+00:00
2026-08-10 18:26:59,098 | INFO | scripts.run_trade_updates | \U0001f50d Session: New York Evening | Quality: HIGH | Allowed: True
2026-08-10 18:26:59,098 | WARNING | DatabaseService | Supabase credentials missing, using local fallback JSON
2026-08-10 18:26:59,277 | INFO | scripts.run_trade_updates | Active/pending trades count: 1
2026-08-10 18:26:59,277 | INFO | scripts.run_trade_updates | Tick manager owns MT5 execution; the 5m cycle keeps bookkeeping/reporting only.
2026-08-10 18:26:59,277 | INFO | scripts.run_trade_updates | Trade update completed (events=0, open=1)
2026-08-10 18:31:59,280 | INFO | scripts.run_trade_updates | Starting trade updates: 2026-08-10T18:31:59.280906+00:00
2026-08-10 18:31:59,280 | INFO | scripts.run_trade_updates | \U0001f50d Session: New York Evening | Quality: HIGH | Allowed: True
2026-08-10 18:31:59,280 | WARNING | DatabaseService | Supabase credentials missing, using local fallback JSON
2026-08-10 18:31:59,474 | INFO | scripts.run_trade_updates | Active/pending trades count: 1
2026-08-10 18:31:59,474 | INFO | scripts.run_trade_updates | Tick manager owns MT5 execution; the 5m cycle keeps bookkeeping/reporting only.
2026-08-10 18:31:59,474 | INFO | scripts.run_trade_updates | Trade update completed (events=0, open=1)
2026-08-10 18:36:59,489 | INFO | scripts.run_trade_updates | Starting trade updates: 2026-08-10T18:36:59.489500+00:00
2026-08-10 18:36:59,489 | INFO | scripts.run_trade_updates | \U0001f50d Session: New York Evening | Quality: HIGH | Allowed: True
2026-08-10 18:36:59,489 | WARNING | DatabaseService | Supabase credentials missing, using local fallback JSON
2026-08-10 18:36:59,657 | INFO | scripts.run_trade_updates | Active/pending trades count: 1
2026-08-10 18:36:59,657 | INFO | scripts.run_trade_updates | Tick manager owns MT5 execution; the 5m cycle keeps bookkeeping/reporting only.
2026-08-10 18:36:59,657 | INFO | scripts.run_trade_updates | Trade update completed (events=0, open=1)
2026-08-10 18:41:59,666 | INFO | scripts.run_trade_updates | Starting trade updates: 2026-08-10T18:41:59.666361+00:00
2026-08-10 18:41:59,666 | INFO | scripts.run_trade_updates | \U0001f50d Session: New York Evening | Quality: HIGH | Allowed: True
2026-08-10 18:41:59,666 | WARNING | DatabaseService | Supabase credentials missing, using local fallback JSON
2026-08-10 18:41:59,901 | INFO | scripts.run_trade_updates | Active/pending trades count: 1
2026-08-10 18:41:59,901 | INFO | scripts.run_trade_updates | Tick manager owns MT5 execution; the 5m cycle keeps bookkeeping/reporting only.
2026-08-10 18:41:59,901 | INFO | scripts.run_trade_updates | Trade update completed (events=0, open=1)
2026-08-10 18:46:59,908 | INFO | scripts.run_trade_updates | Starting trade updates: 2026-08-10T18:46:59.908314+00:00
2026-08-10 18:46:59,908 | INFO | scripts.run_trade_updates | \U0001f50d Session: New York Evening | Quality: HIGH | Allowed: True
2026-08-10 18:46:59,913 | WARNING | DatabaseService | Supabase credentials missing, using local fallback JSON
2026-08-10 18:47:00,153 | INFO | scripts.run_trade_updates | Active/pending trades count: 1
2026-08-10 18:47:00,153 | INFO | scripts.run_trade_updates | Tick manager owns MT5 execution; the 5m cycle keeps bookkeeping/reporting only.
2026-08-10 18:47:00,153 | INFO | scripts.run_trade_updates | Trade update completed (events=0, open=1)
2026-08-10 18:52:00,167 | INFO | scripts.run_trade_updates | Starting trade updates: 2026-08-10T18:52:00.167077+00:00
2026-08-10 18:52:00,167 | INFO | scripts.run_trade_updates | \U0001f50d Session: New York Evening | Quality: HIGH | Allowed: True
2026-08-10 18:52:00,182 | WARNING | DatabaseService | Supabase credentials missing, using local fallback JSON
2026-08-10 18:52:00,481 | INFO | scripts.run_trade_updates | Active/pending trades count: 1
2026-08-10 18:52:00,481 | INFO | scripts.run_trade_updates | Tick manager owns MT5 execution; the 5m cycle keeps bookkeeping/reporting only.
2026-08-10 18:52:00,481 | INFO | scripts.run_trade_updates | Trade update completed (events=0, open=1)
2026-08-10 18:57:00,492 | INFO | scripts.run_trade_updates | Starting trade updates: 2026-08-10T18:57:00.492948+00:00
2026-08-10 18:57:00,492 | INFO | scripts.run_trade_updates | \U0001f50d Session: New York Evening | Quality: HIGH | Allowed: True
2026-08-10 18:57:00,492 | WARNING | DatabaseService | Supabase credentials missing, using local fallback JSON
2026-08-10 18:57:00,675 | INFO | scripts.run_trade_updates | Active/pending trades count: 1
2026-08-10 18:57:00,675 | INFO | scripts.run_trade_updates | Tick manager owns MT5 execution; the 5m cycle keeps bookkeeping/reporting only.
2026-08-10 18:57:00,675 | INFO | scripts.run_trade_updates | Trade update completed (events=0, open=1)
2026-08-10 19:02:00,687 | INFO | scripts.run_trade_updates | Starting trade updates: 2026-08-10T19:02:00.687293+00:00
2026-08-10 19:02:00,687 | INFO | scripts.run_trade_updates | \U0001f50d Session: New York Evening | Quality: HIGH | Allowed: True
2026-08-10 19:02:00,718 | WARNING | DatabaseService | Supabase credentials missing, using local fallback JSON
2026-08-10 19:02:00,953 | INFO | scripts.run_trade_updates | Active/pending trades count: 1
2026-08-10 19:02:00,953 | INFO | scripts.run_trade_updates | Tick manager owns MT5 execution; the 5m cycle keeps bookkeeping/reporting only.
2026-08-10 19:02:00,953 | INFO | scripts.run_trade_updates | Trade update completed (events=0, open=1)
2026-08-10 19:07:00,968 | INFO | scripts.run_trade_updates | Starting trade updates: 2026-08-10T19:07:00.968917+00:00
2026-08-10 19:07:00,971 | INFO | scripts.run_trade_updates | \U0001f50d Session: New York Evening | Quality: HIGH | Allowed: True
2026-08-10 19:07:00,971 | WARNING | DatabaseService | Supabase credentials missing, using local fallback JSON
2026-08-10 19:07:01,112 | INFO | scripts.run_trade_updates | Active/pending trades count: 1
2026-08-10 19:07:01,112 | INFO | scripts.run_trade_updates | Tick manager owns MT5 execution; the 5m cycle keeps bookkeeping/reporting only.
2026-08-10 19:07:01,112 | INFO | scripts.run_trade_updates | Trade update completed (events=0, open=1)
2026-08-10 19:12:01,131 | INFO | scripts.run_trade_updates | Starting trade updates: 2026-08-10T19:12:01.131342+00:00
2026-08-10 19:12:01,131 | INFO | scripts.run_trade_updates | \U0001f50d Session: New York Evening | Quality: HIGH | Allowed: True
2026-08-10 19:12:01,135 | WARNING | DatabaseService | Supabase credentials missing, using local fallback JSON
2026-08-10 19:12:01,354 | INFO | scripts.run_trade_updates | Active/pending trades count: 1
2026-08-10 19:12:01,354 | INFO | scripts.run_trade_updates | Tick manager owns MT5 execution; the 5m cycle keeps bookkeeping/reporting only.
2026-08-10 19:12:01,354 | INFO | scripts.run_trade_updates | Trade update completed (events=0, open=1)
2026-08-10 19:17:01,359 | INFO | scripts.run_trade_updates | Starting trade updates: 2026-08-10T19:17:01.359018+00:00
2026-08-10 19:17:01,359 | INFO | scripts.run_trade_updates | \U0001f50d Session: New York Evening | Quality: HIGH | Allowed: True
2026-08-10 19:17:01,359 | WARNING | DatabaseService | Supabase credentials missing, using local fallback JSON
2026-08-10 19:17:01,562 | INFO | scripts.run_trade_updates | Active/pending trades count: 1
2026-08-10 19:17:01,562 | INFO | scripts.run_trade_updates | Tick manager owns MT5 execution; the 5m cycle keeps bookkeeping/reporting only.
2026-08-10 19:17:01,562 | INFO | scripts.run_trade_updates | Trade update completed (events=0, open=1)
2026-08-10 19:22:01,570 | INFO | scripts.run_trade_updates | Starting trade updates: 2026-08-10T19:22:01.570482+00:00
2026-08-10 19:22:01,574 | INFO | scripts.run_trade_updates | \U0001f50d Session: New York Evening | Quality: HIGH | Allowed: True
2026-08-10 19:22:01,574 | WARNING | DatabaseService | Supabase credentials missing, using local fallback JSON
2026-08-10 19:22:02,014 | INFO | scripts.run_trade_updates | Active/pending trades count: 1
2026-08-10 19:22:02,014 | INFO | scripts.run_trade_updates | Tick manager owns MT5 execution; the 5m cycle keeps bookkeeping/reporting only.
2026-08-10 19:22:02,014 | INFO | scripts.run_trade_updates | Trade update completed (events=0, open=1)
2026-08-10 19:26:13,227 | INFO | scripts.run_trade_updates | Starting trade updates: 2026-08-10T19:26:13.227262+00:00
2026-08-10 19:26:13,244 | INFO | scripts.run_trade_updates | \U0001f50d Session: New York Evening | Quality: HIGH | Allowed: True
2026-08-10 19:26:13,248 | WARNING | DatabaseService | Supabase credentials missing, using local fallback JSON
2026-08-10 19:26:13,404 | INFO | scripts.run_trade_updates | Active/pending trades count: 1
2026-08-10 19:26:13,404 | INFO | scripts.run_trade_updates | Tick manager owns MT5 execution; the 5m cycle keeps bookkeeping/reporting only.
2026-08-10 19:26:13,404 | INFO | scripts.run_trade_updates | Trade update completed (events=0, open=1)
2026-08-10 19:31:13,423 | INFO | scripts.run_trade_updates | Starting trade updates: 2026-08-10T19:31:13.423764+00:00
2026-08-10 19:31:13,423 | INFO | scripts.run_trade_updates | \U0001f50d Session: New York Evening | Quality: HIGH | Allowed: True
2026-08-10 19:31:13,423 | WARNING | DatabaseService | Supabase credentials missing, using local fallback JSON
2026-08-10 19:31:13,670 | INFO | scripts.run_trade_updates | Active/pending trades count: 1
2026-08-10 19:31:13,670 | INFO | scripts.run_trade_updates | Tick manager owns MT5 execution; the 5m cycle keeps bookkeeping/reporting only.
2026-08-10 19:31:13,670 | INFO | scripts.run_trade_updates | Trade update completed (events=0, open=1)
2026-08-10 19:35:17,653 | INFO | scripts.run_trade_updates | Starting trade updates: 2026-08-10T19:35:17.653584+00:00
2026-08-10 19:35:17,712 | INFO | scripts.run_trade_updates | \U0001f50d Session: New York Evening | Quality: HIGH | Allowed: True
2026-08-10 19:35:17,713 | WARNING | DatabaseService | Supabase credentials missing, using local fallback JSON
2026-08-10 19:35:17,917 | INFO | scripts.run_trade_updates | Active/pending trades count: 1
2026-08-10 19:35:17,917 | INFO | scripts.run_trade_updates | Tick manager owns MT5 execution; the 5m cycle keeps bookkeeping/reporting only.
2026-08-10 19:35:17,917 | INFO | scripts.run_trade_updates | Trade update completed (events=0, open=1)
2026-08-10 19:40:17,924 | INFO | scripts.run_trade_updates | Starting trade updates: 2026-08-10T19:40:17.924098+00:00
2026-08-10 19:40:17,928 | INFO | scripts.run_trade_updates | \U0001f50d Session: New York Evening | Quality: HIGH | Allowed: True
2026-08-10 19:40:17,930 | WARNING | DatabaseService | Supabase credentials missing, using local fallback JSON
2026-08-10 19:40:18,194 | INFO | scripts.run_trade_updates | Active/pending trades count: 1
2026-08-10 19:40:18,194 | INFO | scripts.run_trade_updates | Tick manager owns MT5 execution; the 5m cycle keeps bookkeeping/reporting only.
2026-08-10 19:40:18,194 | INFO | scripts.run_trade_updates | Trade update completed (events=0, open=1)
2026-08-10 19:45:18,200 | INFO | scripts.run_trade_updates | Starting trade updates: 2026-08-10T19:45:18.200341+00:00
2026-08-10 19:45:18,211 | INFO | scripts.run_trade_updates | \U0001f50d Session: New York Evening | Quality: HIGH | Allowed: True
2026-08-10 19:45:18,227 | WARNING | DatabaseService | Supabase credentials missing, using local fallback JSON
2026-08-10 19:45:18,518 | INFO | scripts.run_trade_updates | Active/pending trades count: 1
2026-08-10 19:45:18,519 | INFO | scripts.run_trade_updates | Tick manager owns MT5 execution; the 5m cycle keeps bookkeeping/reporting only.
2026-08-10 19:45:18,519 | INFO | scripts.run_trade_updates | Trade update completed (events=0, open=1)
2026-08-10 19:50:18,522 | INFO | scripts.run_trade_updates | Starting trade updates: 2026-08-10T19:50:18.522330+00:00
2026-08-10 19:50:18,522 | INFO | scripts.run_trade_updates | \U0001f50d Session: New York Evening | Quality: HIGH | Allowed: True
2026-08-10 19:50:18,522 | WARNING | DatabaseService | Supabase credentials missing, using local fallback JSON
2026-08-10 19:50:18,766 | INFO | scripts.run_trade_updates | Active/pending trades count: 1
2026-08-10 19:50:18,766 | INFO | scripts.run_trade_updates | Tick manager owns MT5 execution; the 5m cycle keeps bookkeeping/reporting only.
2026-08-10 19:50:18,766 | INFO | scripts.run_trade_updates | Trade update completed (events=0, open=1)
2026-08-10 19:55:18,777 | INFO | scripts.run_trade_updates | Starting trade updates: 2026-08-10T19:55:18.777383+00:00
2026-08-10 19:55:18,777 | INFO | scripts.run_trade_updates | \U0001f50d Session: New York Evening | Quality: HIGH | Allowed: True
2026-08-10 19:55:18,777 | WARNING | DatabaseService | Supabase credentials missing, using local fallback JSON
2026-08-10 19:55:18,930 | INFO | scripts.run_trade_updates | Active/pending trades count: 1
2026-08-10 19:55:18,930 | INFO | scripts.run_trade_updates | Tick manager owns MT5 execution; the 5m cycle keeps bookkeeping/reporting only.
2026-08-10 19:55:18,930 | INFO | scripts.run_trade_updates | Trade update completed (events=0, open=1)
2026-08-10 20:00:18,945 | INFO | scripts.run_trade_updates | Starting trade updates: 2026-08-10T20:00:18.945020+00:00
2026-08-10 20:00:18,945 | INFO | scripts.run_trade_updates | \U0001f50d Session: New York Evening | Quality: HIGH | Allowed: True
2026-08-10 20:00:18,948 | WARNING | DatabaseService | Supabase credentials missing, using local fallback JSON
2026-08-10 20:00:19,280 | INFO | scripts.run_trade_updates | Active/pending trades count: 1
2026-08-10 20:00:19,280 | INFO | scripts.run_trade_updates | Tick manager owns MT5 execution; the 5m cycle keeps bookkeeping/reporting only.
2026-08-10 20:00:19,280 | INFO | scripts.run_trade_updates | Trade update completed (events=0, open=1)
2026-08-10 20:05:19,292 | INFO | scripts.run_trade_updates | Starting trade updates: 2026-08-10T20:05:19.292810+00:00
2026-08-10 20:05:19,295 | INFO | scripts.run_trade_updates | \U0001f50d Session: New York Evening | Quality: HIGH | Allowed: True
2026-08-10 20:05:19,297 | WARNING | DatabaseService | Supabase credentials missing, using local fallback JSON
2026-08-10 20:05:19,495 | INFO | scripts.run_trade_updates | Active/pending trades count: 1
2026-08-10 20:05:19,495 | INFO | scripts.run_trade_updates | Tick manager owns MT5 execution; the 5m cycle keeps bookkeeping/reporting only.
2026-08-10 20:05:19,495 | INFO | scripts.run_trade_updates | Trade update completed (events=0, open=1)
2026-08-10 20:08:05,531 | INFO | scripts.run_trade_updates | Starting trade updates: 2026-08-10T20:08:05.531978+00:00
2026-08-10 20:08:05,547 | INFO | scripts.run_trade_updates | \U0001f50d Session: New York Evening | Quality: HIGH | Allowed: True
2026-08-10 20:08:05,563 | WARNING | DatabaseService | Supabase credentials missing, using local fallback JSON
2026-08-10 20:08:05,703 | INFO | scripts.run_trade_updates | Active/pending trades count: 1
2026-08-10 20:08:05,703 | INFO | scripts.run_trade_updates | Tick manager owns MT5 execution; the 5m cycle keeps bookkeeping/reporting only.
2026-08-10 20:08:05,703 | INFO | scripts.run_trade_updates | Trade update completed (events=0, open=1)
2026-08-10 20:13:05,707 | INFO | scripts.run_trade_updates | Starting trade updates: 2026-08-10T20:13:05.706516+00:00
2026-08-10 20:13:05,712 | INFO | scripts.run_trade_updates | \U0001f50d Session: New York Evening | Quality: HIGH | Allowed: True
2026-08-10 20:13:05,713 | WARNING | DatabaseService | Supabase credentials missing, using local fallback JSON
2026-08-10 20:13:05,977 | INFO | scripts.run_trade_updates | Active/pending trades count: 1
2026-08-10 20:13:05,977 | INFO | scripts.run_trade_updates | Tick manager owns MT5 execution; the 5m cycle keeps bookkeeping/reporting only.
2026-08-10 20:13:05,977 | INFO | scripts.run_trade_updates | Trade update completed (events=0, open=1)
2026-08-10 20:18:05,983 | INFO | scripts.run_trade_updates | Starting trade updates: 2026-08-10T20:18:05.981101+00:00
2026-08-10 20:18:05,994 | INFO | scripts.run_trade_updates | \U0001f50d Session: New York Evening | Quality: HIGH | Allowed: True
2026-08-10 20:18:05,996 | WARNING | DatabaseService | Supabase credentials missing, using local fallback JSON
2026-08-10 20:18:06,177 | INFO | scripts.run_trade_updates | Active/pending trades count: 1
2026-08-10 20:18:06,177 | INFO | scripts.run_trade_updates | Tick manager owns MT5 execution; the 5m cycle keeps bookkeeping/reporting only.
2026-08-10 20:18:06,177 | INFO | scripts.run_trade_updates | Trade update completed (events=0, open=1)
2026-08-10 20:23:06,182 | INFO | scripts.run_trade_updates | Starting trade updates: 2026-08-10T20:23:06.182539+00:00
2026-08-10 20:23:06,188 | INFO | scripts.run_trade_updates | \U0001f50d Session: New York Evening | Quality: HIGH | Allowed: True
2026-08-10 20:23:06,190 | WARNING | DatabaseService | Supabase credentials missing, using local fallback JSON
2026-08-10 20:23:06,458 | INFO | scripts.run_trade_updates | Active/pending trades count: 1
2026-08-10 20:23:06,458 | INFO | scripts.run_trade_updates | Tick manager owns MT5 execution; the 5m cycle keeps bookkeeping/reporting only.
2026-08-10 20:23:06,458 | INFO | scripts.run_trade_updates | Trade update completed (events=0, open=1)
2026-08-10 20:28:06,464 | INFO | scripts.run_trade_updates | Starting trade updates: 2026-08-10T20:28:06.464550+00:00
2026-08-10 20:28:06,464 | INFO | scripts.run_trade_updates | \U0001f50d Session: New York Evening | Quality: HIGH | Allowed: True
2026-08-10 20:28:06,464 | WARNING | DatabaseService | Supabase credentials missing, using local fallback JSON
2026-08-10 20:28:06,623 | INFO | scripts.run_trade_updates | Active/pending trades count: 1
2026-08-10 20:28:06,623 | INFO | scripts.run_trade_updates | Tick manager owns MT5 execution; the 5m cycle keeps bookkeeping/reporting only.
2026-08-10 20:28:06,623 | INFO | scripts.run_trade_updates | Trade update completed (events=0, open=1)
2026-08-10 20:33:06,634 | INFO | scripts.run_trade_updates | Starting trade updates: 2026-08-10T20:33:06.634180+00:00
2026-08-10 20:33:06,634 | INFO | scripts.run_trade_updates | \U0001f50d Session: New York Evening | Quality: HIGH | Allowed: True
2026-08-10 20:33:06,634 | WARNING | DatabaseService | Supabase credentials missing, using local fallback JSON
2026-08-10 20:33:06,837 | INFO | scripts.run_trade_updates | Active/pending trades count: 1
2026-08-10 20:33:06,837 | INFO | scripts.run_trade_updates | Tick manager owns MT5 execution; the 5m cycle keeps bookkeeping/reporting only.
2026-08-10 20:33:06,837 | INFO | scripts.run_trade_updates | Trade update completed (events=0, open=1)
2026-08-10 20:38:06,848 | INFO | scripts.run_trade_updates | Starting trade updates: 2026-08-10T20:38:06.848908+00:00
2026-08-10 20:38:06,848 | INFO | scripts.run_trade_updates | \U0001f50d Session: New York Evening | Quality: HIGH | Allowed: True
2026-08-10 20:38:06,848 | WARNING | DatabaseService | Supabase credentials missing, using local fallback JSON
2026-08-10 20:38:06,998 | INFO | scripts.run_trade_updates | Active/pending trades count: 1
2026-08-10 20:38:06,998 | INFO | scripts.run_trade_updates | Tick manager owns MT5 execution; the 5m cycle keeps bookkeeping/reporting only.
2026-08-10 20:38:06,998 | INFO | scripts.run_trade_updates | Trade update completed (events=0, open=1)
2026-08-10 20:43:07,006 | INFO | scripts.run_trade_updates | Starting trade updates: 2026-08-10T20:43:07.006231+00:00
2026-08-10 20:43:07,006 | INFO | scripts.run_trade_updates | \U0001f50d Session: New York Evening | Quality: HIGH | Allowed: True
2026-08-10 20:43:07,006 | WARNING | DatabaseService | Supabase credentials missing, using local fallback JSON
2026-08-10 20:43:07,205 | INFO | scripts.run_trade_updates | Active/pending trades count: 1
2026-08-10 20:43:07,205 | INFO | scripts.run_trade_updates | Tick manager owns MT5 execution; the 5m cycle keeps bookkeeping/reporting only.
2026-08-10 20:43:07,205 | INFO | scripts.run_trade_updates | Trade update completed (events=0, open=1)
2026-08-10 20:48:07,218 | INFO | scripts.run_trade_updates | Starting trade updates: 2026-08-10T20:48:07.218689+00:00
2026-08-10 20:48:07,218 | INFO | scripts.run_trade_updates | \U0001f50d Session: New York Evening | Quality: HIGH | Allowed: True
2026-08-10 20:48:07,223 | WARNING | DatabaseService | Supabase credentials missing, using local fallback JSON
2026-08-10 20:48:07,364 | INFO | scripts.run_trade_updates | Active/pending trades count: 1
2026-08-10 20:48:07,364 | INFO | scripts.run_trade_updates | Tick manager owns MT5 execution; the 5m cycle keeps bookkeeping/reporting only.
2026-08-10 20:48:07,364 | INFO | scripts.run_trade_updates | Trade update completed (events=0, open=1)
2026-08-10 20:53:07,372 | INFO | scripts.run_trade_updates | Starting trade updates: 2026-08-10T20:53:07.372340+00:00
2026-08-10 20:53:07,372 | INFO | scripts.run_trade_updates | \U0001f50d Session: New York Evening | Quality: HIGH | Allowed: True
2026-08-10 20:53:07,372 | WARNING | DatabaseService | Supabase credentials missing, using local fallback JSON
2026-08-10 20:53:07,550 | INFO | scripts.run_trade_updates | Active/pending trades count: 1
2026-08-10 20:53:07,550 | INFO | scripts.run_trade_updates | Tick manager owns MT5 execution; the 5m cycle keeps bookkeeping/reporting only.
2026-08-10 20:53:07,550 | INFO | scripts.run_trade_updates | Trade update completed (events=0, open=1)
2026-08-10 20:58:07,563 | INFO | scripts.run_trade_updates | Starting trade updates: 2026-08-10T20:58:07.563565+00:00
2026-08-10 20:58:07,563 | INFO | scripts.run_trade_updates | \U0001f50d Session: New York Evening | Quality: HIGH | Allowed: True
2026-08-10 20:58:07,563 | WARNING | DatabaseService | Supabase credentials missing, using local fallback JSON
2026-08-10 20:58:07,700 | INFO | scripts.run_trade_updates | Active/pending trades count: 1
2026-08-10 20:58:07,700 | INFO | scripts.run_trade_updates | Tick manager owns MT5 execution; the 5m cycle keeps bookkeeping/reporting only.
2026-08-10 20:58:07,700 | INFO | scripts.run_trade_updates | Trade update completed (events=0, open=1)
2026-08-10 21:03:07,718 | INFO | scripts.run_trade_updates | Starting trade updates: 2026-08-10T21:03:07.718037+00:00
2026-08-10 21:03:07,718 | INFO | scripts.run_trade_updates | \U0001f50d Session: Late New York Night | Quality: HIGH | Allowed: True
2026-08-10 21:03:07,718 | WARNING | DatabaseService | Supabase credentials missing, using local fallback JSON
2026-08-10 21:03:07,898 | INFO | scripts.run_trade_updates | Active/pending trades count: 1
2026-08-10 21:03:07,898 | INFO | scripts.run_trade_updates | Tick manager owns MT5 execution; the 5m cycle keeps bookkeeping/reporting only.
2026-08-10 21:03:07,898 | INFO | scripts.run_trade_updates | Trade update completed (events=0, open=1)
2026-08-10 21:08:07,901 | INFO | scripts.run_trade_updates | Starting trade updates: 2026-08-10T21:08:07.901558+00:00
2026-08-10 21:08:07,901 | INFO | scripts.run_trade_updates | \U0001f50d Session: Late New York Night | Quality: HIGH | Allowed: True
2026-08-10 21:08:07,901 | WARNING | DatabaseService | Supabase credentials missing, using local fallback JSON
2026-08-10 21:08:08,058 | INFO | scripts.run_trade_updates | Active/pending trades count: 1
2026-08-10 21:08:08,058 | INFO | scripts.run_trade_updates | Tick manager owns MT5 execution; the 5m cycle keeps bookkeeping/reporting only.
2026-08-10 21:08:08,058 | INFO | scripts.run_trade_updates | Trade update completed (events=0, open=1)
2026-08-10 21:13:08,069 | INFO | scripts.run_trade_updates | Starting trade updates: 2026-08-10T21:13:08.069056+00:00
2026-08-10 21:13:08,069 | INFO | scripts.run_trade_updates | \U0001f50d Session: Late New York Night | Quality: HIGH | Allowed: True
2026-08-10 21:13:08,069 | WARNING | DatabaseService | Supabase credentials missing, using local fallback JSON
2026-08-10 21:13:08,265 | INFO | scripts.run_trade_updates | Active/pending trades count: 1
2026-08-10 21:13:08,265 | INFO | scripts.run_trade_updates | Tick manager owns MT5 execution; the 5m cycle keeps bookkeeping/reporting only.
2026-08-10 21:13:08,265 | INFO | scripts.run_trade_updates | Trade update completed (events=0, open=1)
2026-08-10 21:18:08,271 | INFO | scripts.run_trade_updates | Starting trade updates: 2026-08-10T21:18:08.271094+00:00
2026-08-10 21:18:08,271 | INFO | scripts.run_trade_updates | \U0001f50d Session: Late New York Night | Quality: HIGH | Allowed: True
2026-08-10 21:18:08,271 | WARNING | DatabaseService | Supabase credentials missing, using local fallback JSON
2026-08-10 21:18:08,411 | INFO | scripts.run_trade_updates | Active/pending trades count: 1
2026-08-10 21:18:08,411 | INFO | scripts.run_trade_updates | Tick manager owns MT5 execution; the 5m cycle keeps bookkeeping/reporting only.
2026-08-10 21:18:08,411 | INFO | scripts.run_trade_updates | Trade update completed (events=0, open=1)
2026-08-10 21:23:08,417 | INFO | scripts.run_trade_updates | Starting trade updates: 2026-08-10T21:23:08.417829+00:00
2026-08-10 21:23:08,417 | INFO | scripts.run_trade_updates | \U0001f50d Session: Late New York Night | Quality: HIGH | Allowed: True
2026-08-10 21:23:08,417 | WARNING | DatabaseService | Supabase credentials missing, using local fallback JSON
2026-08-10 21:23:08,601 | INFO | scripts.run_trade_updates | Active/pending trades count: 1
2026-08-10 21:23:08,601 | INFO | scripts.run_trade_updates | Tick manager owns MT5 execution; the 5m cycle keeps bookkeeping/reporting only.
2026-08-10 21:23:08,601 | INFO | scripts.run_trade_updates | Trade update completed (events=0, open=1)
2026-08-10 21:28:08,618 | INFO | scripts.run_trade_updates | Starting trade updates: 2026-08-10T21:28:08.618168+00:00
2026-08-10 21:28:08,618 | INFO | scripts.run_trade_updates | \U0001f50d Session: Late New York Night | Quality: HIGH | Allowed: True
2026-08-10 21:28:08,618 | WARNING | DatabaseService | Supabase credentials missing, using local fallback JSON
2026-08-10 21:28:08,763 | INFO | scripts.run_trade_updates | Active/pending trades count: 1
2026-08-10 21:28:08,763 | INFO | scripts.run_trade_updates | Tick manager owns MT5 execution; the 5m cycle keeps bookkeeping/reporting only.
2026-08-10 21:28:08,763 | INFO | scripts.run_trade_updates | Trade update completed (events=0, open=1)
2026-08-10 21:33:08,773 | INFO | scripts.run_trade_updates | Starting trade updates: 2026-08-10T21:33:08.773418+00:00
2026-08-10 21:33:08,773 | INFO | scripts.run_trade_updates | \U0001f50d Session: Late New York Night | Quality: HIGH | Allowed: True
2026-08-10 21:33:08,773 | WARNING | DatabaseService | Supabase credentials missing, using local fallback JSON
2026-08-10 21:33:08,960 | INFO | scripts.run_trade_updates | Active/pending trades count: 1
2026-08-10 21:33:08,960 | INFO | scripts.run_trade_updates | Tick manager owns MT5 execution; the 5m cycle keeps bookkeeping/reporting only.
2026-08-10 21:33:08,960 | INFO | scripts.run_trade_updates | Trade update completed (events=0, open=1)
2026-08-10 21:38:08,966 | INFO | scripts.run_trade_updates | Starting trade updates: 2026-08-10T21:38:08.966363+00:00
2026-08-10 21:38:08,966 | INFO | scripts.run_trade_updates | \U0001f50d Session: Late New York Night | Quality: HIGH | Allowed: True
2026-08-10 21:38:08,966 | WARNING | DatabaseService | Supabase credentials missing, using local fallback JSON
2026-08-10 21:38:09,103 | INFO | scripts.run_trade_updates | Active/pending trades count: 1
2026-08-10 21:38:09,103 | INFO | scripts.run_trade_updates | Tick manager owns MT5 execution; the 5m cycle keeps bookkeeping/reporting only.
2026-08-10 21:38:09,103 | INFO | scripts.run_trade_updates | Trade update completed (events=0, open=1)
2026-08-10 21:43:09,118 | INFO | scripts.run_trade_updates | Starting trade updates: 2026-08-10T21:43:09.118551+00:00
2026-08-10 21:43:09,118 | INFO | scripts.run_trade_updates | \U0001f50d Session: Late New York Night | Quality: HIGH | Allowed: True
2026-08-10 21:43:09,118 | WARNING | DatabaseService | Supabase credentials missing, using local fallback JSON
2026-08-10 21:43:09,322 | INFO | scripts.run_trade_updates | Active/pending trades count: 1
2026-08-10 21:43:09,322 | INFO | scripts.run_trade_updates | Tick manager owns MT5 execution; the 5m cycle keeps bookkeeping/reporting only.
2026-08-10 21:43:09,322 | INFO | scripts.run_trade_updates | Trade update completed (events=0, open=1)
2026-08-10 21:48:09,339 | INFO | scripts.run_trade_updates | Starting trade updates: 2026-08-10T21:48:09.339492+00:00
2026-08-10 21:48:09,339 | INFO | scripts.run_trade_updates | \U0001f50d Session: Late New York Night | Quality: HIGH | Allowed: True
2026-08-10 21:48:09,339 | WARNING | DatabaseService | Supabase credentials missing, using local fallback JSON
2026-08-10 21:48:09,491 | INFO | scripts.run_trade_updates | Active/pending trades count: 1
2026-08-10 21:48:09,491 | INFO | scripts.run_trade_updates | Tick manager owns MT5 execution; the 5m cycle keeps bookkeeping/reporting only.
2026-08-10 21:48:09,491 | INFO | scripts.run_trade_updates | Trade update completed (events=0, open=1)
2026-08-10 21:53:09,504 | INFO | scripts.run_trade_updates | Starting trade updates: 2026-08-10T21:53:09.504051+00:00
2026-08-10 21:53:09,505 | INFO | scripts.run_trade_updates | \U0001f50d Session: Late New York Night | Quality: HIGH | Allowed: True
2026-08-10 21:53:09,505 | WARNING | DatabaseService | Supabase credentials missing, using local fallback JSON
2026-08-10 21:53:09,693 | INFO | scripts.run_trade_updates | Active/pending trades count: 1
2026-08-10 21:53:09,693 | INFO | scripts.run_trade_updates | Tick manager owns MT5 execution; the 5m cycle keeps bookkeeping/reporting only.
2026-08-10 21:53:09,693 | INFO | scripts.run_trade_updates | Trade update completed (events=0, open=1)
2026-08-10 21:58:09,701 | INFO | scripts.run_trade_updates | Starting trade updates: 2026-08-10T21:58:09.701580+00:00
2026-08-10 21:58:09,701 | INFO | scripts.run_trade_updates | \U0001f50d Session: Late New York Night | Quality: HIGH | Allowed: True
2026-08-10 21:58:09,701 | WARNING | DatabaseService | Supabase credentials missing, using local fallback JSON
2026-08-10 21:58:09,851 | INFO | scripts.run_trade_updates | Active/pending trades count: 1
2026-08-10 21:58:09,851 | INFO | scripts.run_trade_updates | Tick manager owns MT5 execution; the 5m cycle keeps bookkeeping/reporting only.
2026-08-10 21:58:09,851 | INFO | scripts.run_trade_updates | Trade update completed (events=0, open=1)
2026-08-10 22:03:09,862 | INFO | scripts.run_trade_updates | Starting trade updates: 2026-08-10T22:03:09.862068+00:00
2026-08-10 22:03:09,862 | INFO | scripts.run_trade_updates | \U0001f50d Session: Late New York Night | Quality: HIGH | Allowed: True
2026-08-10 22:03:09,862 | WARNING | DatabaseService | Supabase credentials missing, using local fallback JSON
2026-08-10 22:03:10,091 | INFO | scripts.run_trade_updates | Active/pending trades count: 1
2026-08-10 22:03:10,091 | INFO | scripts.run_trade_updates | Tick manager owns MT5 execution; the 5m cycle keeps bookkeeping/reporting only.
2026-08-10 22:03:10,091 | INFO | scripts.run_trade_updates | Trade update completed (events=0, open=1)
2026-08-10 22:08:10,100 | INFO | scripts.run_trade_updates | Starting trade updates: 2026-08-10T22:08:10.100556+00:00
2026-08-10 22:08:10,100 | INFO | scripts.run_trade_updates | \U0001f50d Session: Late New York Night | Quality: HIGH | Allowed: True
2026-08-10 22:08:10,116 | WARNING | DatabaseService | Supabase credentials missing, using local fallback JSON
2026-08-10 22:08:10,289 | INFO | scripts.run_trade_updates | Active/pending trades count: 1
2026-08-10 22:08:10,289 | INFO | scripts.run_trade_updates | Tick manager owns MT5 execution; the 5m cycle keeps bookkeeping/reporting only.
2026-08-10 22:08:10,289 | INFO | scripts.run_trade_updates | Trade update completed (events=0, open=1)
2026-08-10 22:13:10,299 | INFO | scripts.run_trade_updates | Starting trade updates: 2026-08-10T22:13:10.299586+00:00
2026-08-10 22:13:10,299 | INFO | scripts.run_trade_updates | \U0001f50d Session: Late New York Night | Quality: HIGH | Allowed: True
2026-08-10 22:13:10,299 | WARNING | DatabaseService | Supabase credentials missing, using local fallback JSON
2026-08-10 22:13:10,511 | INFO | scripts.run_trade_updates | Active/pending trades count: 1
2026-08-10 22:13:10,511 | INFO | scripts.run_trade_updates | Tick manager owns MT5 execution; the 5m cycle keeps bookkeeping/reporting only.
2026-08-10 22:13:10,511 | INFO | scripts.run_trade_updates | Trade update completed (events=0, open=1)
2026-08-10 22:18:10,525 | INFO | scripts.run_trade_updates | Starting trade updates: 2026-08-10T22:18:10.523116+00:00
2026-08-10 22:18:10,525 | INFO | scripts.run_trade_updates | \U0001f50d Session: Late New York Night | Quality: HIGH | Allowed: True
2026-08-10 22:18:10,540 | WARNING | DatabaseService | Supabase credentials missing, using local fallback JSON
2026-08-10 22:18:10,699 | INFO | scripts.run_trade_updates | Active/pending trades count: 1
2026-08-10 22:18:10,699 | INFO | scripts.run_trade_updates | Tick manager owns MT5 execution; the 5m cycle keeps bookkeeping/reporting only.
2026-08-10 22:18:10,699 | INFO | scripts.run_trade_updates | Trade update completed (events=0, open=1)
2026-08-10 22:23:10,707 | INFO | scripts.run_trade_updates | Starting trade updates: 2026-08-10T22:23:10.707929+00:00
2026-08-10 22:23:10,707 | INFO | scripts.run_trade_updates | \U0001f50d Session: Late New York Night | Quality: HIGH | Allowed: True
2026-08-10 22:23:10,707 | WARNING | DatabaseService | Supabase credentials missing, using local fallback JSON
2026-08-10 22:23:10,925 | INFO | scripts.run_trade_updates | Active/pending trades count: 1
2026-08-10 22:23:10,925 | INFO | scripts.run_trade_updates | Tick manager owns MT5 execution; the 5m cycle keeps bookkeeping/reporting only.
2026-08-10 22:23:10,925 | INFO | scripts.run_trade_updates | Trade update completed (events=0, open=1)
2026-08-10 22:28:10,935 | INFO | scripts.run_trade_updates | Starting trade updates: 2026-08-10T22:28:10.935707+00:00
2026-08-10 22:28:10,935 | INFO | scripts.run_trade_updates | \U0001f50d Session: Late New York Night | Quality: HIGH | Allowed: True
2026-08-10 22:28:10,935 | WARNING | DatabaseService | Supabase credentials missing, using local fallback JSON
2026-08-10 22:28:11,076 | INFO | scripts.run_trade_updates | Active/pending trades count: 1
2026-08-10 22:28:11,076 | INFO | scripts.run_trade_updates | Tick manager owns MT5 execution; the 5m cycle keeps bookkeeping/reporting only.
2026-08-10 22:28:11,076 | INFO | scripts.run_trade_updates | Trade update completed (events=0, open=1)
2026-08-10 22:33:11,080 | INFO | scripts.run_trade_updates | Starting trade updates: 2026-08-10T22:33:11.080270+00:00
2026-08-10 22:33:11,080 | INFO | scripts.run_trade_updates | \U0001f50d Session: Late New York Night | Quality: HIGH | Allowed: True
2026-08-10 22:33:11,080 | WARNING | DatabaseService | Supabase credentials missing, using local fallback JSON
2026-08-10 22:33:11,265 | INFO | scripts.run_trade_updates | Active/pending trades count: 1
2026-08-10 22:33:11,265 | INFO | scripts.run_trade_updates | Tick manager owns MT5 execution; the 5m cycle keeps bookkeeping/reporting only.
2026-08-10 22:33:11,265 | INFO | scripts.run_trade_updates | Trade update completed (events=0, open=1)
2026-08-10 22:38:11,278 | INFO | scripts.run_trade_updates | Starting trade updates: 2026-08-10T22:38:11.278639+00:00
2026-08-10 22:38:11,278 | INFO | scripts.run_trade_updates | \U0001f50d Session: Late New York Night | Quality: HIGH | Allowed: True
2026-08-10 22:38:11,278 | WARNING | DatabaseService | Supabase credentials missing, using local fallback JSON
2026-08-10 22:38:11,413 | INFO | scripts.run_trade_updates | Active/pending trades count: 1
2026-08-10 22:38:11,429 | INFO | scripts.run_trade_updates | Tick manager owns MT5 execution; the 5m cycle keeps bookkeeping/reporting only.
2026-08-10 22:38:11,429 | INFO | scripts.run_trade_updates | Trade update completed (events=0, open=1)
2026-08-10 22:43:11,432 | INFO | scripts.run_trade_updates | Starting trade updates: 2026-08-10T22:43:11.432718+00:00
2026-08-10 22:43:11,432 | INFO | scripts.run_trade_updates | \U0001f50d Session: Late New York Night | Quality: HIGH | Allowed: True
2026-08-10 22:43:11,432 | WARNING | DatabaseService | Supabase credentials missing, using local fallback JSON
2026-08-10 22:43:11,645 | INFO | scripts.run_trade_updates | Active/pending trades count: 1
2026-08-10 22:43:11,645 | INFO | scripts.run_trade_updates | Tick manager owns MT5 execution; the 5m cycle keeps bookkeeping/reporting only.
2026-08-10 22:43:11,645 | INFO | scripts.run_trade_updates | Trade update completed (events=0, open=1)
2026-08-10 22:48:11,655 | INFO | scripts.run_trade_updates | Starting trade updates: 2026-08-10T22:48:11.655054+00:00
2026-08-10 22:48:11,655 | INFO | scripts.run_trade_updates | \U0001f50d Session: Late New York Night | Quality: HIGH | Allowed: True
2026-08-10 22:48:11,655 | WARNING | DatabaseService | Supabase credentials missing, using local fallback JSON
2026-08-10 22:48:11,824 | INFO | scripts.run_trade_updates | Active/pending trades count: 1
2026-08-10 22:48:11,824 | INFO | scripts.run_trade_updates | Tick manager owns MT5 execution; the 5m cycle keeps bookkeeping/reporting only.
2026-08-10 22:48:11,824 | INFO | scripts.run_trade_updates | Trade update completed (events=0, open=1)
2026-08-10 22:53:11,844 | INFO | scripts.run_trade_updates | Starting trade updates: 2026-08-10T22:53:11.844313+00:00
2026-08-10 22:53:11,844 | INFO | scripts.run_trade_updates | \U0001f50d Session: Late New York Night | Quality: HIGH | Allowed: True
2026-08-10 22:53:11,844 | WARNING | DatabaseService | Supabase credentials missing, using local fallback JSON
2026-08-10 22:53:12,054 | INFO | scripts.run_trade_updates | Active/pending trades count: 1
2026-08-10 22:53:12,054 | INFO | scripts.run_trade_updates | Tick manager owns MT5 execution; the 5m cycle keeps bookkeeping/reporting only.
2026-08-10 22:53:12,054 | INFO | scripts.run_trade_updates | Trade update completed (events=0, open=1)
2026-08-10 22:58:12,060 | INFO | scripts.run_trade_updates | Starting trade updates: 2026-08-10T22:58:12.060161+00:00
2026-08-10 22:58:12,060 | INFO | scripts.run_trade_updates | \U0001f50d Session: Late New York Night | Quality: HIGH | Allowed: True
2026-08-10 22:58:12,060 | WARNING | DatabaseService | Supabase credentials missing, using local fallback JSON
2026-08-10 22:58:12,213 | INFO | scripts.run_trade_updates | Active/pending trades count: 0
2026-08-10 22:58:12,213 | INFO | scripts.run_trade_updates | \u0644\u0627 \u062a\u0648\u062c\u062f \u0635\u0641\u0642\u0627\u062a \u0645\u0641\u062a\u0648\u062d\u0629 \u0623\u0648 \u0623\u0648\u0627\u0645\u0631 \u0645\u0639\u0644\u0642\u0629 — skipping \u062a\u062d\u062f\u064a\u062b \u0627\u0644\u0635\u0641\u0642\u0627\u062a \u0628\u062f\u0648\u0646 Telegram \u0648\u0628\u062f\u0648\u0646 \u062c\u0644\u0628 \u0633\u0639\u0631.
2026-08-10 23:03:12,222 | INFO | scripts.run_trade_updates | Starting trade updates: 2026-08-10T23:03:12.222921+00:00
2026-08-10 23:03:12,222 | INFO | scripts.run_trade_updates | \U0001f50d Session: Late New York Night | Quality: HIGH | Allowed: True
2026-08-10 23:03:12,222 | WARNING | DatabaseService | Supabase credentials missing, using local fallback JSON
2026-08-10 23:03:12,416 | INFO | scripts.run_trade_updates | Active/pending trades count: 0
2026-08-10 23:03:12,416 | INFO | scripts.run_trade_updates | \u0644\u0627 \u062a\u0648\u062c\u062f \u0635\u0641\u0642\u0627\u062a \u0645\u0641\u062a\u0648\u062d\u0629 \u0623\u0648 \u0623\u0648\u0627\u0645\u0631 \u0645\u0639\u0644\u0642\u0629 — skipping \u062a\u062d\u062f\u064a\u062b \u0627\u0644\u0635\u0641\u0642\u0627\u062a \u0628\u062f\u0648\u0646 Telegram \u0648\u0628\u062f\u0648\u0646 \u062c\u0644\u0628 \u0633\u0639\u0631.
2026-08-10 23:08:12,429 | INFO | scripts.run_trade_updates | Starting trade updates: 2026-08-10T23:08:12.429463+00:00
2026-08-10 23:08:12,429 | INFO | scripts.run_trade_updates | \U0001f50d Session: Late New York Night | Quality: HIGH | Allowed: True
2026-08-10 23:08:12,429 | WARNING | DatabaseService | Supabase credentials missing, using local fallback JSON
2026-08-10 23:08:12,599 | INFO | scripts.run_trade_updates | Active/pending trades count: 0
2026-08-10 23:08:12,599 | INFO | scripts.run_trade_updates | \u0644\u0627 \u062a\u0648\u062c\u062f \u0635\u0641\u0642\u0627\u062a \u0645\u0641\u062a\u0648\u062d\u0629 \u0623\u0648 \u0623\u0648\u0627\u0645\u0631 \u0645\u0639\u0644\u0642\u0629 — skipping \u062a\u062d\u062f\u064a\u062b \u0627\u0644\u0635\u0641\u0642\u0627\u062a \u0628\u062f\u0648\u0646 Telegram \u0648\u0628\u062f\u0648\u0646 \u062c\u0644\u0628 \u0633\u0639\u0631.
2026-08-10 23:13:12,608 | INFO | scripts.run_trade_updates | Starting trade updates: 2026-08-10T23:13:12.608991+00:00
2026-08-10 23:13:12,608 | INFO | scripts.run_trade_updates | \U0001f50d Session: Late New York Night | Quality: HIGH | Allowed: True
2026-08-10 23:13:12,608 | WARNING | DatabaseService | Supabase credentials missing, using local fallback JSON
2026-08-10 23:13:12,806 | INFO | scripts.run_trade_updates | Active/pending trades count: 0
2026-08-10 23:13:12,806 | INFO | scripts.run_trade_updates | \u0644\u0627 \u062a\u0648\u062c\u062f \u0635\u0641\u0642\u0627\u062a \u0645\u0641\u062a\u0648\u062d\u0629 \u0623\u0648 \u0623\u0648\u0627\u0645\u0631 \u0645\u0639\u0644\u0642\u0629 — skipping \u062a\u062d\u062f\u064a\u062b \u0627\u0644\u0635\u0641\u0642\u0627\u062a \u0628\u062f\u0648\u0646 Telegram \u0648\u0628\u062f\u0648\u0646 \u062c\u0644\u0628 \u0633\u0639\u0631.
2026-08-10 23:18:12,810 | INFO | scripts.run_trade_updates | Starting trade updates: 2026-08-10T23:18:12.810991+00:00
2026-08-10 23:18:12,810 | INFO | scripts.run_trade_updates | \U0001f50d Session: Late New York Night | Quality: HIGH | Allowed: True
2026-08-10 23:18:12,810 | WARNING | DatabaseService | Supabase credentials missing, using local fallback JSON
2026-08-10 23:18:12,950 | INFO | scripts.run_trade_updates | Active/pending trades count: 0
2026-08-10 23:18:12,950 | INFO | scripts.run_trade_updates | \u0644\u0627 \u062a\u0648\u062c\u062f \u0635\u0641\u0642\u0627\u062a \u0645\u0641\u062a\u0648\u062d\u0629 \u0623\u0648 \u0623\u0648\u0627\u0645\u0631 \u0645\u0639\u0644\u0642\u0629 — skipping \u062a\u062d\u062f\u064a\u062b \u0627\u0644\u0635\u0641\u0642\u0627\u062a \u0628\u062f\u0648\u0646 Telegram \u0648\u0628\u062f\u0648\u0646 \u062c\u0644\u0628 \u0633\u0639\u0631.
2026-08-10 23:23:12,958 | INFO | scripts.run_trade_updates | Starting trade updates: 2026-08-10T23:23:12.958619+00:00
2026-08-10 23:23:12,958 | INFO | scripts.run_trade_updates | \U0001f50d Session: Late New York Night | Quality: HIGH | Allowed: True
2026-08-10 23:23:12,958 | WARNING | DatabaseService | Supabase credentials missing, using local fallback JSON
2026-08-10 23:23:13,175 | INFO | scripts.run_trade_updates | Active/pending trades count: 0
2026-08-10 23:23:13,175 | INFO | scripts.run_trade_updates | \u0644\u0627 \u062a\u0648\u062c\u062f \u0635\u0641\u0642\u0627\u062a \u0645\u0641\u062a\u0648\u062d\u0629 \u0623\u0648 \u0623\u0648\u0627\u0645\u0631 \u0645\u0639\u0644\u0642\u0629 — skipping \u062a\u062d\u062f\u064a\u062b \u0627\u0644\u0635\u0641\u0642\u0627\u062a \u0628\u062f\u0648\u0646 Telegram \u0648\u0628\u062f\u0648\u0646 \u062c\u0644\u0628 \u0633\u0639\u0631.
2026-08-10 23:28:13,178 | INFO | scripts.run_trade_updates | Starting trade updates: 2026-08-10T23:28:13.178435+00:00
2026-08-10 23:28:13,178 | INFO | scripts.run_trade_updates | \U0001f50d Session: Late New York Night | Quality: HIGH | Allowed: True
2026-08-10 23:28:13,183 | WARNING | DatabaseService | Supabase credentials missing, using local fallback JSON
2026-08-10 23:28:13,324 | INFO | scripts.run_trade_updates | Active/pending trades count: 0
2026-08-10 23:28:13,324 | INFO | scripts.run_trade_updates | \u0644\u0627 \u062a\u0648\u062c\u062f \u0635\u0641\u0642\u0627\u062a \u0645\u0641\u062a\u0648\u062d\u0629 \u0623\u0648 \u0623\u0648\u0627\u0645\u0631 \u0645\u0639\u0644\u0642\u0629 — skipping \u062a\u062d\u062f\u064a\u062b \u0627\u0644\u0635\u0641\u0642\u0627\u062a \u0628\u062f\u0648\u0646 Telegram \u0648\u0628\u062f\u0648\u0646 \u062c\u0644\u0628 \u0633\u0639\u0631.
2026-08-10 23:33:13,332 | INFO | scripts.run_trade_updates | Starting trade updates: 2026-08-10T23:33:13.332665+00:00
2026-08-10 23:33:13,332 | INFO | scripts.run_trade_updates | \U0001f50d Session: Late New York Night | Quality: HIGH | Allowed: True
2026-08-10 23:33:13,332 | WARNING | DatabaseService | Supabase credentials missing, using local fallback JSON
2026-08-10 23:33:13,535 | INFO | scripts.run_trade_updates | Active/pending trades count: 0
2026-08-10 23:33:13,535 | INFO | scripts.run_trade_updates | \u0644\u0627 \u062a\u0648\u062c\u062f \u0635\u0641\u0642\u0627\u062a \u0645\u0641\u062a\u0648\u062d\u0629 \u0623\u0648 \u0623\u0648\u0627\u0645\u0631 \u0645\u0639\u0644\u0642\u0629 — skipping \u062a\u062d\u062f\u064a\u062b \u0627\u0644\u0635\u0641\u0642\u0627\u062a \u0628\u062f\u0648\u0646 Telegram \u0648\u0628\u062f\u0648\u0646 \u062c\u0644\u0628 \u0633\u0639\u0631.
2026-08-10 23:38:13,551 | INFO | scripts.run_trade_updates | Starting trade updates: 2026-08-10T23:38:13.551789+00:00
2026-08-10 23:38:13,551 | INFO | scripts.run_trade_updates | \U0001f50d Session: Late New York Night | Quality: HIGH | Allowed: True
2026-08-10 23:38:13,551 | WARNING | DatabaseService | Supabase credentials missing, using local fallback JSON
2026-08-10 23:38:13,677 | INFO | scripts.run_trade_updates | Active/pending trades count: 0
2026-08-10 23:38:13,677 | INFO | scripts.run_trade_updates | \u0644\u0627 \u062a\u0648\u062c\u062f \u0635\u0641\u0642\u0627\u062a \u0645\u0641\u062a\u0648\u062d\u0629 \u0623\u0648 \u0623\u0648\u0627\u0645\u0631 \u0645\u0639\u0644\u0642\u0629 — skipping \u062a\u062d\u062f\u064a\u062b \u0627\u0644\u0635\u0641\u0642\u0627\u062a \u0628\u062f\u0648\u0646 Telegram \u0648\u0628\u062f\u0648\u0646 \u062c\u0644\u0628 \u0633\u0639\u0631.
2026-08-10 23:43:13,689 | INFO | scripts.run_trade_updates | Starting trade updates: 2026-08-10T23:43:13.689673+00:00
2026-08-10 23:43:13,689 | INFO | scripts.run_trade_updates | \U0001f50d Session: Late New York Night | Quality: HIGH | Allowed: True
2026-08-10 23:43:13,689 | WARNING | DatabaseService | Supabase credentials missing, using local fallback JSON
2026-08-10 23:43:13,905 | INFO | scripts.run_trade_updates | Active/pending trades count: 0
2026-08-10 23:43:13,905 | INFO | scripts.run_trade_updates | \u0644\u0627 \u062a\u0648\u062c\u062f \u0635\u0641\u0642\u0627\u062a \u0645\u0641\u062a\u0648\u062d\u0629 \u0623\u0648 \u0623\u0648\u0627\u0645\u0631 \u0645\u0639\u0644\u0642\u0629 — skipping \u062a\u062d\u062f\u064a\u062b \u0627\u0644\u0635\u0641\u0642\u0627\u062a \u0628\u062f\u0648\u0646 Telegram \u0648\u0628\u062f\u0648\u0646 \u062c\u0644\u0628 \u0633\u0639\u0631.
2026-08-10 23:48:13,912 | INFO | scripts.run_trade_updates | Starting trade updates: 2026-08-10T23:48:13.912441+00:00
2026-08-10 23:48:13,912 | INFO | scripts.run_trade_updates | \U0001f50d Session: Late New York Night | Quality: HIGH | Allowed: True
2026-08-10 23:48:13,912 | WARNING | DatabaseService | Supabase credentials missing, using local fallback JSON
2026-08-10 23:48:14,049 | INFO | scripts.run_trade_updates | Active/pending trades count: 0
2026-08-10 23:48:14,065 | INFO | scripts.run_trade_updates | \u0644\u0627 \u062a\u0648\u062c\u062f \u0635\u0641\u0642\u0627\u062a \u0645\u0641\u062a\u0648\u062d\u0629 \u0623\u0648 \u0623\u0648\u0627\u0645\u0631 \u0645\u0639\u0644\u0642\u0629 — skipping \u062a\u062d\u062f\u064a\u062b \u0627\u0644\u0635\u0641\u0642\u0627\u062a \u0628\u062f\u0648\u0646 Telegram \u0648\u0628\u062f\u0648\u0646 \u062c\u0644\u0628 \u0633\u0639\u0631.
2026-08-10 23:53:14,066 | INFO | scripts.run_trade_updates | Starting trade updates: 2026-08-10T23:53:14.066339+00:00
2026-08-10 23:53:14,067 | INFO | scripts.run_trade_updates | \U0001f50d Session: Late New York Night | Quality: HIGH | Allowed: True
2026-08-10 23:53:14,067 | WARNING | DatabaseService | Supabase credentials missing, using local fallback JSON
2026-08-10 23:53:14,274 | INFO | scripts.run_trade_updates | Active/pending trades count: 0
2026-08-10 23:53:14,274 | INFO | scripts.run_trade_updates | \u0644\u0627 \u062a\u0648\u062c\u062f \u0635\u0641\u0642\u0627\u062a \u0645\u0641\u062a\u0648\u062d\u0629 \u0623\u0648 \u0623\u0648\u0627\u0645\u0631 \u0645\u0639\u0644\u0642\u0629 — skipping \u062a\u062d\u062f\u064a\u062b \u0627\u0644\u0635\u0641\u0642\u0627\u062a \u0628\u062f\u0648\u0646 Telegram \u0648\u0628\u062f\u0648\u0646 \u062c\u0644\u0628 \u0633\u0639\u0631.
2026-08-10 23:58:14,288 | INFO | scripts.run_trade_updates | Starting trade updates: 2026-08-10T23:58:14.288480+00:00
2026-08-10 23:58:14,293 | INFO | scripts.run_trade_updates | \U0001f50d Session: Late New York Night | Quality: HIGH | Allowed: True
2026-08-10 23:58:14,293 | WARNING | DatabaseService | Supabase credentials missing, using local fallback JSON
2026-08-10 23:58:14,450 | INFO | scripts.run_trade_updates | Active/pending trades count: 0
2026-08-10 23:58:14,450 | INFO | scripts.run_trade_updates | \u0644\u0627 \u062a\u0648\u062c\u062f \u0635\u0641\u0642\u0627\u062a \u0645\u0641\u062a\u0648\u062d\u0629 \u0623\u0648 \u0623\u0648\u0627\u0645\u0631 \u0645\u0639\u0644\u0642\u0629 — skipping \u062a\u062d\u062f\u064a\u062b \u0627\u0644\u0635\u0641\u0642\u0627\u062a \u0628\u062f\u0648\u0646 Telegram \u0648\u0628\u062f\u0648\u0646 \u062c\u0644\u0628 \u0633\u0639\u0631.
2026-08-11 00:03:14,458 | INFO | scripts.run_trade_updates | Starting trade updates: 2026-08-11T00:03:14.458959+00:00
2026-08-11 00:03:14,461 | INFO | scripts.run_trade_updates | \U0001f50d Session: Asia Morning | Quality: HIGH | Allowed: True
2026-08-11 00:03:14,461 | WARNING | DatabaseService | Supabase credentials missing, using local fallback JSON
2026-08-11 00:03:14,668 | INFO | scripts.run_trade_updates | Active/pending trades count: 0
2026-08-11 00:03:14,668 | INFO | scripts.run_trade_updates | \u0644\u0627 \u062a\u0648\u062c\u062f \u0635\u0641\u0642\u0627\u062a \u0645\u0641\u062a\u0648\u062d\u0629 \u0623\u0648 \u0623\u0648\u0627\u0645\u0631 \u0645\u0639\u0644\u0642\u0629 — skipping \u062a\u062d\u062f\u064a\u062b \u0627\u0644\u0635\u0641\u0642\u0627\u062a \u0628\u062f\u0648\u0646 Telegram \u0648\u0628\u062f\u0648\u0646 \u062c\u0644\u0628 \u0633\u0639\u0631.
2026-08-11 00:08:14,670 | INFO | scripts.run_trade_updates | Starting trade updates: 2026-08-11T00:08:14.670750+00:00
2026-08-11 00:08:14,672 | INFO | scripts.run_trade_updates | \U0001f50d Session: Asia Morning | Quality: HIGH | Allowed: True
2026-08-11 00:08:14,672 | WARNING | DatabaseService | Supabase credentials missing, using local fallback JSON
2026-08-11 00:08:14,829 | INFO | scripts.run_trade_updates | Active/pending trades count: 0
2026-08-11 00:08:14,829 | INFO | scripts.run_trade_updates | \u0644\u0627 \u062a\u0648\u062c\u062f \u0635\u0641\u0642\u0627\u062a \u0645\u0641\u062a\u0648\u062d\u0629 \u0623\u0648 \u0623\u0648\u0627\u0645\u0631 \u0645\u0639\u0644\u0642\u0629 — skipping \u062a\u062d\u062f\u064a\u062b \u0627\u0644\u0635\u0641\u0642\u0627\u062a \u0628\u062f\u0648\u0646 Telegram \u0648\u0628\u062f\u0648\u0646 \u062c\u0644\u0628 \u0633\u0639\u0631.
2026-08-11 00:13:14,843 | INFO | scripts.run_trade_updates | Starting trade updates: 2026-08-11T00:13:14.843510+00:00
2026-08-11 00:13:14,843 | INFO | scripts.run_trade_updates | \U0001f50d Session: Asia Morning | Quality: HIGH | Allowed: True
2026-08-11 00:13:14,843 | WARNING | DatabaseService | Supabase credentials missing, using local fallback JSON
2026-08-11 00:13:15,053 | INFO | scripts.run_trade_updates | Active/pending trades count: 0
2026-08-11 00:13:15,053 | INFO | scripts.run_trade_updates | \u0644\u0627 \u062a\u0648\u062c\u062f \u0635\u0641\u0642\u0627\u062a \u0645\u0641\u062a\u0648\u062d\u0629 \u0623\u0648 \u0623\u0648\u0627\u0645\u0631 \u0645\u0639\u0644\u0642\u0629 — skipping \u062a\u062d\u062f\u064a\u062b \u0627\u0644\u0635\u0641\u0642\u0627\u062a \u0628\u062f\u0648\u0646 Telegram \u0648\u0628\u062f\u0648\u0646 \u062c\u0644\u0628 \u0633\u0639\u0631.
2026-08-11 00:18:15,056 | INFO | scripts.run_trade_updates | Starting trade updates: 2026-08-11T00:18:15.056908+00:00
2026-08-11 00:18:15,060 | INFO | scripts.run_trade_updates | \U0001f50d Session: Asia Morning | Quality: HIGH | Allowed: True
2026-08-11 00:18:15,060 | WARNING | DatabaseService | Supabase credentials missing, using local fallback JSON
2026-08-11 00:18:15,232 | INFO | scripts.run_trade_updates | Active/pending trades count: 0
2026-08-11 00:18:15,232 | INFO | scripts.run_trade_updates | \u0644\u0627 \u062a\u0648\u062c\u062f \u0635\u0641\u0642\u0627\u062a \u0645\u0641\u062a\u0648\u062d\u0629 \u0623\u0648 \u0623\u0648\u0627\u0645\u0631 \u0645\u0639\u0644\u0642\u0629 — skipping \u062a\u062d\u062f\u064a\u062b \u0627\u0644\u0635\u0641\u0642\u0627\u062a \u0628\u062f\u0648\u0646 Telegram \u0648\u0628\u062f\u0648\u0646 \u062c\u0644\u0628 \u0633\u0639\u0631.
2026-08-11 00:23:15,239 | INFO | scripts.run_trade_updates | Starting trade updates: 2026-08-11T00:23:15.239214+00:00
2026-08-11 00:23:15,239 | INFO | scripts.run_trade_updates | \U0001f50d Session: Asia Morning | Quality: HIGH | Allowed: True
2026-08-11 00:23:15,239 | WARNING | DatabaseService | Supabase credentials missing, using local fallback JSON
2026-08-11 00:23:15,628 | INFO | scripts.run_trade_updates | Active/pending trades count: 0
2026-08-11 00:23:15,628 | INFO | scripts.run_trade_updates | \u0644\u0627 \u062a\u0648\u062c\u062f \u0635\u0641\u0642\u0627\u062a \u0645\u0641\u062a\u0648\u062d\u0629 \u0623\u0648 \u0623\u0648\u0627\u0645\u0631 \u0645\u0639\u0644\u0642\u0629 — skipping \u062a\u062d\u062f\u064a\u062b \u0627\u0644\u0635\u0641\u0642\u0627\u062a \u0628\u062f\u0648\u0646 Telegram \u0648\u0628\u062f\u0648\u0646 \u062c\u0644\u0628 \u0633\u0639\u0631.
2026-08-11 00:28:15,644 | INFO | scripts.run_trade_updates | Starting trade updates: 2026-08-11T00:28:15.644284+00:00
2026-08-11 00:28:15,644 | INFO | scripts.run_trade_updates | \U0001f50d Session: Asia Morning | Quality: HIGH | Allowed: True
2026-08-11 00:28:15,644 | WARNING | DatabaseService | Supabase credentials missing, using local fallback JSON
2026-08-11 00:28:15,794 | INFO | scripts.run_trade_updates | Active/pending trades count: 0
2026-08-11 00:28:15,794 | INFO | scripts.run_trade_updates | \u0644\u0627 \u062a\u0648\u062c\u062f \u0635\u0641\u0642\u0627\u062a \u0645\u0641\u062a\u0648\u062d\u0629 \u0623\u0648 \u0623\u0648\u0627\u0645\u0631 \u0645\u0639\u0644\u0642\u0629 — skipping \u062a\u062d\u062f\u064a\u062b \u0627\u0644\u0635\u0641\u0642\u0627\u062a \u0628\u062f\u0648\u0646 Telegram \u0648\u0628\u062f\u0648\u0646 \u062c\u0644\u0628 \u0633\u0639\u0631.
2026-08-11 00:33:15,809 | INFO | scripts.run_trade_updates | Starting trade updates: 2026-08-11T00:33:15.809869+00:00
2026-08-11 00:33:15,810 | INFO | scripts.run_trade_updates | \U0001f50d Session: Asia Morning | Quality: HIGH | Allowed: True
2026-08-11 00:33:15,810 | WARNING | DatabaseService | Supabase credentials missing, using local fallback JSON
2026-08-11 00:33:15,998 | INFO | scripts.run_trade_updates | Active/pending trades count: 0
2026-08-11 00:33:15,998 | INFO | scripts.run_trade_updates | \u0644\u0627 \u062a\u0648\u062c\u062f \u0635\u0641\u0642\u0627\u062a \u0645\u0641\u062a\u0648\u062d\u0629 \u0623\u0648 \u0623\u0648\u0627\u0645\u0631 \u0645\u0639\u0644\u0642\u0629 — skipping \u062a\u062d\u062f\u064a\u062b \u0627\u0644\u0635\u0641\u0642\u0627\u062a \u0628\u062f\u0648\u0646 Telegram \u0648\u0628\u062f\u0648\u0646 \u062c\u0644\u0628 \u0633\u0639\u0631.
2026-08-11 00:38:16,003 | INFO | scripts.run_trade_updates | Starting trade updates: 2026-08-11T00:38:16.003626+00:00
2026-08-11 00:38:16,003 | INFO | scripts.run_trade_updates | \U0001f50d Session: Asia Morning | Quality: HIGH | Allowed: True
2026-08-11 00:38:16,020 | WARNING | DatabaseService | Supabase credentials missing, using local fallback JSON
2026-08-11 00:38:16,210 | INFO | scripts.run_trade_updates | Active/pending trades count: 0
2026-08-11 00:38:16,210 | INFO | scripts.run_trade_updates | \u0644\u0627 \u062a\u0648\u062c\u062f \u0635\u0641\u0642\u0627\u062a \u0645\u0641\u062a\u0648\u062d\u0629 \u0623\u0648 \u0623\u0648\u0627\u0645\u0631 \u0645\u0639\u0644\u0642\u0629 — skipping \u062a\u062d\u062f\u064a\u062b \u0627\u0644\u0635\u0641\u0642\u0627\u062a \u0628\u062f\u0648\u0646 Telegram \u0648\u0628\u062f\u0648\u0646 \u062c\u0644\u0628 \u0633\u0639\u0631.
2026-08-11 00:43:16,222 | INFO | scripts.run_trade_updates | Starting trade updates: 2026-08-11T00:43:16.222554+00:00
2026-08-11 00:43:16,222 | INFO | scripts.run_trade_updates | \U0001f50d Session: Asia Morning | Quality: HIGH | Allowed: True
2026-08-11 00:43:16,222 | WARNING | DatabaseService | Supabase credentials missing, using local fallback JSON
2026-08-11 00:43:16,426 | INFO | scripts.run_trade_updates | Active/pending trades count: 0
2026-08-11 00:43:16,426 | INFO | scripts.run_trade_updates | \u0644\u0627 \u062a\u0648\u062c\u062f \u0635\u0641\u0642\u0627\u062a \u0645\u0641\u062a\u0648\u062d\u0629 \u0623\u0648 \u0623\u0648\u0627\u0645\u0631 \u0645\u0639\u0644\u0642\u0629 — skipping \u062a\u062d\u062f\u064a\u062b \u0627\u0644\u0635\u0641\u0642\u0627\u062a \u0628\u062f\u0648\u0646 Telegram \u0648\u0628\u062f\u0648\u0646 \u062c\u0644\u0628 \u0633\u0639\u0631.
2026-08-11 00:48:16,438 | INFO | scripts.run_trade_updates | Starting trade updates: 2026-08-11T00:48:16.438185+00:00
2026-08-11 00:48:16,438 | INFO | scripts.run_trade_updates | \U0001f50d Session: Asia Morning | Quality: HIGH | Allowed: True
2026-08-11 00:48:16,438 | WARNING | DatabaseService | Supabase credentials missing, using local fallback JSON
2026-08-11 00:48:16,571 | INFO | scripts.run_trade_updates | Active/pending trades count: 0
2026-08-11 00:48:16,571 | INFO | scripts.run_trade_updates | \u0644\u0627 \u062a\u0648\u062c\u062f \u0635\u0641\u0642\u0627\u062a \u0645\u0641\u062a\u0648\u062d\u0629 \u0623\u0648 \u0623\u0648\u0627\u0645\u0631 \u0645\u0639\u0644\u0642\u0629 — skipping \u062a\u062d\u062f\u064a\u062b \u0627\u0644\u0635\u0641\u0642\u0627\u062a \u0628\u062f\u0648\u0646 Telegram \u0648\u0628\u062f\u0648\u0646 \u062c\u0644\u0628 \u0633\u0639\u0631.
2026-08-11 00:53:16,582 | INFO | scripts.run_trade_updates | Starting trade updates: 2026-08-11T00:53:16.582380+00:00
2026-08-11 00:53:16,585 | INFO | scripts.run_trade_updates | \U0001f50d Session: Asia Morning | Quality: HIGH | Allowed: True
2026-08-11 00:53:16,585 | WARNING | DatabaseService | Supabase credentials missing, using local fallback JSON
2026-08-11 00:53:16,797 | INFO | scripts.run_trade_updates | Active/pending trades count: 0
2026-08-11 00:53:16,797 | INFO | scripts.run_trade_updates | \u0644\u0627 \u062a\u0648\u062c\u062f \u0635\u0641\u0642\u0627\u062a \u0645\u0641\u062a\u0648\u062d\u0629 \u0623\u0648 \u0623\u0648\u0627\u0645\u0631 \u0645\u0639\u0644\u0642\u0629 — skipping \u062a\u062d\u062f\u064a\u062b \u0627\u0644\u0635\u0641\u0642\u0627\u062a \u0628\u062f\u0648\u0646 Telegram \u0648\u0628\u062f\u0648\u0646 \u062c\u0644\u0628 \u0633\u0639\u0631.
2026-08-11 00:58:16,800 | INFO | scripts.run_trade_updates | Starting trade updates: 2026-08-11T00:58:16.800968+00:00
2026-08-11 00:58:16,800 | INFO | scripts.run_trade_updates | \U0001f50d Session: Asia Morning | Quality: HIGH | Allowed: True
2026-08-11 00:58:16,800 | WARNING | DatabaseService | Supabase credentials missing, using local fallback JSON
2026-08-11 00:58:16,966 | INFO | scripts.run_trade_updates | Active/pending trades count: 0
2026-08-11 00:58:16,966 | INFO | scripts.run_trade_updates | \u0644\u0627 \u062a\u0648\u062c\u062f \u0635\u0641\u0642\u0627\u062a \u0645\u0641\u062a\u0648\u062d\u0629 \u0623\u0648 \u0623\u0648\u0627\u0645\u0631 \u0645\u0639\u0644\u0642\u0629 — skipping \u062a\u062d\u062f\u064a\u062b \u0627\u0644\u0635\u0641\u0642\u0627\u062a \u0628\u062f\u0648\u0646 Telegram \u0648\u0628\u062f\u0648\u0646 \u062c\u0644\u0628 \u0633\u0639\u0631.
2026-08-11 01:03:16,974 | INFO | scripts.run_trade_updates | Starting trade updates: 2026-08-11T01:03:16.974708+00:00
2026-08-11 01:03:16,976 | INFO | scripts.run_trade_updates | \U0001f50d Session: Asia Morning | Quality: HIGH | Allowed: True
2026-08-11 01:03:16,976 | WARNING | DatabaseService | Supabase credentials missing, using local fallback JSON
2026-08-11 01:03:17,180 | INFO | scripts.run_trade_updates | Active/pending trades count: 0
2026-08-11 01:03:17,180 | INFO | scripts.run_trade_updates | \u0644\u0627 \u062a\u0648\u062c\u062f \u0635\u0641\u0642\u0627\u062a \u0645\u0641\u062a\u0648\u062d\u0629 \u0623\u0648 \u0623\u0648\u0627\u0645\u0631 \u0645\u0639\u0644\u0642\u0629 — skipping \u062a\u062d\u062f\u064a\u062b \u0627\u0644\u0635\u0641\u0642\u0627\u062a \u0628\u062f\u0648\u0646 Telegram \u0648\u0628\u062f\u0648\u0646 \u062c\u0644\u0628 \u0633\u0639\u0631.
2026-08-11 01:08:17,199 | INFO | scripts.run_trade_updates | Starting trade updates: 2026-08-11T01:08:17.199092+00:00
2026-08-11 01:08:17,199 | INFO | scripts.run_trade_updates | \U0001f50d Session: Asia Morning | Quality: HIGH | Allowed: True
2026-08-11 01:08:17,199 | WARNING | DatabaseService | Supabase credentials missing, using local fallback JSON
2026-08-11 01:08:17,378 | INFO | scripts.run_trade_updates | Active/pending trades count: 0
2026-08-11 01:08:17,378 | INFO | scripts.run_trade_updates | \u0644\u0627 \u062a\u0648\u062c\u062f \u0635\u0641\u0642\u0627\u062a \u0645\u0641\u062a\u0648\u062d\u0629 \u0623\u0648 \u0623\u0648\u0627\u0645\u0631 \u0645\u0639\u0644\u0642\u0629 — skipping \u062a\u062d\u062f\u064a\u062b \u0627\u0644\u0635\u0641\u0642\u0627\u062a \u0628\u062f\u0648\u0646 Telegram \u0648\u0628\u062f\u0648\u0646 \u062c\u0644\u0628 \u0633\u0639\u0631.
2026-08-11 01:13:17,388 | INFO | scripts.run_trade_updates | Starting trade updates: 2026-08-11T01:13:17.388287+00:00
2026-08-11 01:13:17,388 | INFO | scripts.run_trade_updates | \U0001f50d Session: Asia Morning | Quality: HIGH | Allowed: True
2026-08-11 01:13:17,388 | WARNING | DatabaseService | Supabase credentials missing, using local fallback JSON
2026-08-11 01:13:17,615 | INFO | scripts.run_trade_updates | Active/pending trades count: 0
2026-08-11 01:13:17,615 | INFO | scripts.run_trade_updates | \u0644\u0627 \u062a\u0648\u062c\u062f \u0635\u0641\u0642\u0627\u062a \u0645\u0641\u062a\u0648\u062d\u0629 \u0623\u0648 \u0623\u0648\u0627\u0645\u0631 \u0645\u0639\u0644\u0642\u0629 — skipping \u062a\u062d\u062f\u064a\u062b \u0627\u0644\u0635\u0641\u0642\u0627\u062a \u0628\u062f\u0648\u0646 Telegram \u0648\u0628\u062f\u0648\u0646 \u062c\u0644\u0628 \u0633\u0639\u0631.
2026-08-11 01:18:17,618 | INFO | scripts.run_trade_updates | Starting trade updates: 2026-08-11T01:18:17.618937+00:00
2026-08-11 01:18:17,618 | INFO | scripts.run_trade_updates | \U0001f50d Session: Asia Morning | Quality: HIGH | Allowed: True
2026-08-11 01:18:17,618 | WARNING | DatabaseService | Supabase credentials missing, using local fallback JSON
2026-08-11 01:18:17,777 | INFO | scripts.run_trade_updates | Active/pending trades count: 0
2026-08-11 01:18:17,777 | INFO | scripts.run_trade_updates | \u0644\u0627 \u062a\u0648\u062c\u062f \u0635\u0641\u0642\u0627\u062a \u0645\u0641\u062a\u0648\u062d\u0629 \u0623\u0648 \u0623\u0648\u0627\u0645\u0631 \u0645\u0639\u0644\u0642\u0629 — skipping \u062a\u062d\u062f\u064a\u062b \u0627\u0644\u0635\u0641\u0642\u0627\u062a \u0628\u062f\u0648\u0646 Telegram \u0648\u0628\u062f\u0648\u0646 \u062c\u0644\u0628 \u0633\u0639\u0631.
2026-08-11 01:23:17,789 | INFO | scripts.run_trade_updates | Starting trade updates: 2026-08-11T01:23:17.789588+00:00
2026-08-11 01:23:17,789 | INFO | scripts.run_trade_updates | \U0001f50d Session: Asia Morning | Quality: HIGH | Allowed: True
2026-08-11 01:23:17,789 | WARNING | DatabaseService | Supabase credentials missing, using local fallback JSON
2026-08-11 01:23:17,990 | INFO | scripts.run_trade_updates | Active/pending trades count: 0
2026-08-11 01:23:17,990 | INFO | scripts.run_trade_updates | \u0644\u0627 \u062a\u0648\u062c\u062f \u0635\u0641\u0642\u0627\u062a \u0645\u0641\u062a\u0648\u062d\u0629 \u0623\u0648 \u0623\u0648\u0627\u0645\u0631 \u0645\u0639\u0644\u0642\u0629 — skipping \u062a\u062d\u062f\u064a\u062b \u0627\u0644\u0635\u0641\u0642\u0627\u062a \u0628\u062f\u0648\u0646 Telegram \u0648\u0628\u062f\u0648\u0646 \u062c\u0644\u0628 \u0633\u0639\u0631.
2026-08-11 01:28:18,004 | INFO | scripts.run_trade_updates | Starting trade updates: 2026-08-11T01:28:18.004497+00:00
2026-08-11 01:28:18,008 | INFO | scripts.run_trade_updates | \U0001f50d Session: Asia Morning | Quality: HIGH | Allowed: True
2026-08-11 01:28:18,008 | WARNING | DatabaseService | Supabase credentials missing, using local fallback JSON
2026-08-11 01:28:18,180 | INFO | scripts.run_trade_updates | Active/pending trades count: 0
2026-08-11 01:28:18,180 | INFO | scripts.run_trade_updates | \u0644\u0627 \u062a\u0648\u062c\u062f \u0635\u0641\u0642\u0627\u062a \u0645\u0641\u062a\u0648\u062d\u0629 \u0623\u0648 \u0623\u0648\u0627\u0645\u0631 \u0645\u0639\u0644\u0642\u0629 — skipping \u062a\u062d\u062f\u064a\u062b \u0627\u0644\u0635\u0641\u0642\u0627\u062a \u0628\u062f\u0648\u0646 Telegram \u0648\u0628\u062f\u0648\u0646 \u062c\u0644\u0628 \u0633\u0639\u0631.
2026-08-11 01:33:18,193 | INFO | scripts.run_trade_updates | Starting trade updates: 2026-08-11T01:33:18.193075+00:00
2026-08-11 01:33:18,193 | INFO | scripts.run_trade_updates | \U0001f50d Session: Asia Morning | Quality: HIGH | Allowed: True
2026-08-11 01:33:18,193 | WARNING | DatabaseService | Supabase credentials missing, using local fallback JSON
2026-08-11 01:33:18,386 | INFO | scripts.run_trade_updates | Active/pending trades count: 0
2026-08-11 01:33:18,386 | INFO | scripts.run_trade_updates | \u0644\u0627 \u062a\u0648\u062c\u062f \u0635\u0641\u0642\u0627\u062a \u0645\u0641\u062a\u0648\u062d\u0629 \u0623\u0648 \u0623\u0648\u0627\u0645\u0631 \u0645\u0639\u0644\u0642\u0629 — skipping \u062a\u062d\u062f\u064a\u062b \u0627\u0644\u0635\u0641\u0642\u0627\u062a \u0628\u062f\u0648\u0646 Telegram \u0648\u0628\u062f\u0648\u0646 \u062c\u0644\u0628 \u0633\u0639\u0631.
2026-08-11 01:38:18,398 | INFO | scripts.run_trade_updates | Starting trade updates: 2026-08-11T01:38:18.398640+00:00
2026-08-11 01:38:18,398 | INFO | scripts.run_trade_updates | \U0001f50d Session: Asia Morning | Quality: HIGH | Allowed: True
2026-08-11 01:38:18,398 | WARNING | DatabaseService | Supabase credentials missing, using local fallback JSON
2026-08-11 01:38:18,536 | INFO | scripts.run_trade_updates | Active/pending trades count: 0
2026-08-11 01:38:18,536 | INFO | scripts.run_trade_updates | \u0644\u0627 \u062a\u0648\u062c\u062f \u0635\u0641\u0642\u0627\u062a \u0645\u0641\u062a\u0648\u062d\u0629 \u0623\u0648 \u0623\u0648\u0627\u0645\u0631 \u0645\u0639\u0644\u0642\u0629 — skipping \u062a\u062d\u062f\u064a\u062b \u0627\u0644\u0635\u0641\u0642\u0627\u062a \u0628\u062f\u0648\u0646 Telegram \u0648\u0628\u062f\u0648\u0646 \u062c\u0644\u0628 \u0633\u0639\u0631.
2026-08-11 01:43:18,551 | INFO | scripts.run_trade_updates | Starting trade updates: 2026-08-11T01:43:18.551300+00:00
2026-08-11 01:43:18,551 | INFO | scripts.run_trade_updates | \U0001f50d Session: Asia Morning | Quality: HIGH | Allowed: True
2026-08-11 01:43:18,551 | WARNING | DatabaseService | Supabase credentials missing, using local fallback JSON
2026-08-11 01:43:18,786 | INFO | scripts.run_trade_updates | Active/pending trades count: 0
2026-08-11 01:43:18,786 | INFO | scripts.run_trade_updates | \u0644\u0627 \u062a\u0648\u062c\u062f \u0635\u0641\u0642\u0627\u062a \u0645\u0641\u062a\u0648\u062d\u0629 \u0623\u0648 \u0623\u0648\u0627\u0645\u0631 \u0645\u0639\u0644\u0642\u0629 — skipping \u062a\u062d\u062f\u064a\u062b \u0627\u0644\u0635\u0641\u0642\u0627\u062a \u0628\u062f\u0648\u0646 Telegram \u0648\u0628\u062f\u0648\u0646 \u062c\u0644\u0628 \u0633\u0639\u0631.
2026-08-11 01:48:18,794 | INFO | scripts.run_trade_updates | Starting trade updates: 2026-08-11T01:48:18.794115+00:00
2026-08-11 01:48:18,860 | INFO | scripts.run_trade_updates | \U0001f50d Session: Asia Morning | Quality: HIGH | Allowed: True
2026-08-11 01:48:18,860 | WARNING | DatabaseService | Supabase credentials missing, using local fallback JSON
2026-08-11 01:48:20,171 | INFO | scripts.run_trade_updates | Active/pending trades count: 0
2026-08-11 01:48:20,171 | INFO | scripts.run_trade_updates | \u0644\u0627 \u062a\u0648\u062c\u062f \u0635\u0641\u0642\u0627\u062a \u0645\u0641\u062a\u0648\u062d\u0629 \u0623\u0648 \u0623\u0648\u0627\u0645\u0631 \u0645\u0639\u0644\u0642\u0629 — skipping \u062a\u062d\u062f\u064a\u062b \u0627\u0644\u0635\u0641\u0642\u0627\u062a \u0628\u062f\u0648\u0646 Telegram \u0648\u0628\u062f\u0648\u0646 \u062c\u0644\u0628 \u0633\u0639\u0631.
2026-08-11 01:53:20,188 | INFO | scripts.run_trade_updates | Starting trade updates: 2026-08-11T01:53:20.188780+00:00
2026-08-11 01:53:20,188 | INFO | scripts.run_trade_updates | \U0001f50d Session: Asia Morning | Quality: HIGH | Allowed: True
2026-08-11 01:53:20,188 | WARNING | DatabaseService | Supabase credentials missing, using local fallback JSON
2026-08-11 01:53:20,410 | INFO | scripts.run_trade_updates | Active/pending trades count: 0
2026-08-11 01:53:20,410 | INFO | scripts.run_trade_updates | \u0644\u0627 \u062a\u0648\u062c\u062f \u0635\u0641\u0642\u0627\u062a \u0645\u0641\u062a\u0648\u062d\u0629 \u0623\u0648 \u0623\u0648\u0627\u0645\u0631 \u0645\u0639\u0644\u0642\u0629 — skipping \u062a\u062d\u062f\u064a\u062b \u0627\u0644\u0635\u0641\u0642\u0627\u062a \u0628\u062f\u0648\u0646 Telegram \u0648\u0628\u062f\u0648\u0646 \u062c\u0644\u0628 \u0633\u0639\u0631.
2026-08-11 01:58:20,414 | INFO | scripts.run_trade_updates | Starting trade updates: 2026-08-11T01:58:20.414813+00:00
2026-08-11 01:58:20,414 | INFO | scripts.run_trade_updates | \U0001f50d Session: Asia Morning | Quality: HIGH | Allowed: True
2026-08-11 01:58:20,421 | WARNING | DatabaseService | Supabase credentials missing, using local fallback JSON
2026-08-11 01:58:20,578 | INFO | scripts.run_trade_updates | Active/pending trades count: 1
2026-08-11 01:58:20,578 | INFO | scripts.run_trade_updates | Tick manager owns MT5 execution; the 5m cycle keeps bookkeeping/reporting only.
2026-08-11 01:58:20,578 | INFO | scripts.run_trade_updates | Trade update completed (events=0, open=1)
2026-08-11 02:03:20,588 | INFO | scripts.run_trade_updates | Starting trade updates: 2026-08-11T02:03:20.588370+00:00
2026-08-11 02:03:20,588 | INFO | scripts.run_trade_updates | \U0001f50d Session: Asia Morning | Quality: HIGH | Allowed: True
2026-08-11 02:03:20,588 | WARNING | DatabaseService | Supabase credentials missing, using local fallback JSON
2026-08-11 02:03:20,790 | INFO | scripts.run_trade_updates | Active/pending trades count: 1
2026-08-11 02:03:20,790 | INFO | scripts.run_trade_updates | Tick manager owns MT5 execution; the 5m cycle keeps bookkeeping/reporting only.
2026-08-11 02:03:20,790 | INFO | scripts.run_trade_updates | Trade update completed (events=0, open=1)
2026-08-11 02:08:20,800 | INFO | scripts.run_trade_updates | Starting trade updates: 2026-08-11T02:08:20.800422+00:00
2026-08-11 02:08:20,804 | INFO | scripts.run_trade_updates | \U0001f50d Session: Asia Morning | Quality: HIGH | Allowed: True
2026-08-11 02:08:20,804 | WARNING | DatabaseService | Supabase credentials missing, using local fallback JSON
2026-08-11 02:08:20,960 | INFO | scripts.run_trade_updates | Active/pending trades count: 1
2026-08-11 02:08:20,960 | INFO | scripts.run_trade_updates | Tick manager owns MT5 execution; the 5m cycle keeps bookkeeping/reporting only.
2026-08-11 02:08:20,960 | INFO | scripts.run_trade_updates | Trade update completed (events=0, open=1)
2026-08-11 02:13:20,971 | INFO | scripts.run_trade_updates | Starting trade updates: 2026-08-11T02:13:20.971719+00:00
2026-08-11 02:13:20,971 | INFO | scripts.run_trade_updates | \U0001f50d Session: Asia Morning | Quality: HIGH | Allowed: True
2026-08-11 02:13:20,971 | WARNING | DatabaseService | Supabase credentials missing, using local fallback JSON
2026-08-11 02:13:21,182 | INFO | scripts.run_trade_updates | Active/pending trades count: 1
2026-08-11 02:13:21,182 | INFO | scripts.run_trade_updates | Tick manager owns MT5 execution; the 5m cycle keeps bookkeeping/reporting only.
2026-08-11 02:13:21,182 | INFO | scripts.run_trade_updates | Trade update completed (events=0, open=1)
2026-08-11 02:18:21,191 | INFO | scripts.run_trade_updates | Starting trade updates: 2026-08-11T02:18:21.191229+00:00
2026-08-11 02:18:21,191 | INFO | scripts.run_trade_updates | \U0001f50d Session: Asia Morning | Quality: HIGH | Allowed: True
2026-08-11 02:18:21,191 | WARNING | DatabaseService | Supabase credentials missing, using local fallback JSON
2026-08-11 02:18:21,358 | INFO | scripts.run_trade_updates | Active/pending trades count: 1
2026-08-11 02:18:21,358 | INFO | scripts.run_trade_updates | Tick manager owns MT5 execution; the 5m cycle keeps bookkeeping/reporting only.
2026-08-11 02:18:21,358 | INFO | scripts.run_trade_updates | Trade update completed (events=0, open=1)
2026-08-11 02:23:21,375 | INFO | scripts.run_trade_updates | Starting trade updates: 2026-08-11T02:23:21.375717+00:00
2026-08-11 02:23:21,375 | INFO | scripts.run_trade_updates | \U0001f50d Session: Asia Morning | Quality: HIGH | Allowed: True
2026-08-11 02:23:21,375 | WARNING | DatabaseService | Supabase credentials missing, using local fallback JSON
2026-08-11 02:23:21,578 | INFO | scripts.run_trade_updates | Active/pending trades count: 1
2026-08-11 02:23:21,578 | INFO | scripts.run_trade_updates | Tick manager owns MT5 execution; the 5m cycle keeps bookkeeping/reporting only.
2026-08-11 02:23:21,578 | INFO | scripts.run_trade_updates | Trade update completed (events=0, open=1)
2026-08-11 02:28:21,583 | INFO | scripts.run_trade_updates | Starting trade updates: 2026-08-11T02:28:21.583185+00:00
2026-08-11 02:28:21,583 | INFO | scripts.run_trade_updates | \U0001f50d Session: Asia Morning | Quality: HIGH | Allowed: True
2026-08-11 02:28:21,583 | WARNING | DatabaseService | Supabase credentials missing, using local fallback JSON
2026-08-11 02:28:21,733 | INFO | scripts.run_trade_updates | Active/pending trades count: 1
2026-08-11 02:28:21,733 | INFO | scripts.run_trade_updates | Tick manager owns MT5 execution; the 5m cycle keeps bookkeeping/reporting only.
2026-08-11 02:28:21,733 | INFO | scripts.run_trade_updates | Trade update completed (events=0, open=1)
2026-08-11 02:33:21,738 | INFO | scripts.run_trade_updates | Starting trade updates: 2026-08-11T02:33:21.738275+00:00
2026-08-11 02:33:21,738 | INFO | scripts.run_trade_updates | \U0001f50d Session: Asia Morning | Quality: HIGH | Allowed: True
2026-08-11 02:33:21,738 | WARNING | DatabaseService | Supabase credentials missing, using local fallback JSON
2026-08-11 02:33:21,979 | INFO | scripts.run_trade_updates | Active/pending trades count: 1
2026-08-11 02:33:21,979 | INFO | scripts.run_trade_updates | Tick manager owns MT5 execution; the 5m cycle keeps bookkeeping/reporting only.
2026-08-11 02:33:21,979 | INFO | scripts.run_trade_updates | Trade update completed (events=0, open=1)
2026-08-11 02:38:21,992 | INFO | scripts.run_trade_updates | Starting trade updates: 2026-08-11T02:38:21.992871+00:00
2026-08-11 02:38:21,992 | INFO | scripts.run_trade_updates | \U0001f50d Session: Asia Morning | Quality: HIGH | Allowed: True
2026-08-11 02:38:21,992 | WARNING | DatabaseService | Supabase credentials missing, using local fallback JSON
2026-08-11 02:38:22,145 | INFO | scripts.run_trade_updates | Active/pending trades count: 1
2026-08-11 02:38:22,145 | INFO | scripts.run_trade_updates | Tick manager owns MT5 execution; the 5m cycle keeps bookkeeping/reporting only.
2026-08-11 02:38:22,145 | INFO | scripts.run_trade_updates | Trade update completed (events=0, open=1)
2026-08-11 02:43:22,161 | INFO | scripts.run_trade_updates | Starting trade updates: 2026-08-11T02:43:22.161636+00:00
2026-08-11 02:43:22,161 | INFO | scripts.run_trade_updates | \U0001f50d Session: Asia Morning | Quality: HIGH | Allowed: True
2026-08-11 02:43:22,161 | WARNING | DatabaseService | Supabase credentials missing, using local fallback JSON
2026-08-11 02:43:22,349 | INFO | scripts.run_trade_updates | Active/pending trades count: 1
2026-08-11 02:43:22,349 | INFO | scripts.run_trade_updates | Tick manager owns MT5 execution; the 5m cycle keeps bookkeeping/reporting only.
2026-08-11 02:43:22,349 | INFO | scripts.run_trade_updates | Trade update completed (events=0, open=1)
2026-08-11 02:48:22,362 | INFO | scripts.run_trade_updates | Starting trade updates: 2026-08-11T02:48:22.362086+00:00
2026-08-11 02:48:22,364 | INFO | scripts.run_trade_updates | \U0001f50d Session: Asia Morning | Quality: HIGH | Allowed: True
2026-08-11 02:48:22,364 | WARNING | DatabaseService | Supabase credentials missing, using local fallback JSON
2026-08-11 02:48:22,505 | INFO | scripts.run_trade_updates | Active/pending trades count: 1
2026-08-11 02:48:22,505 | INFO | scripts.run_trade_updates | Tick manager owns MT5 execution; the 5m cycle keeps bookkeeping/reporting only.
2026-08-11 02:48:22,505 | INFO | scripts.run_trade_updates | Trade update completed (events=0, open=1)
2026-08-11 02:53:22,516 | INFO | scripts.run_trade_updates | Starting trade updates: 2026-08-11T02:53:22.516078+00:00
2026-08-11 02:53:22,516 | INFO | scripts.run_trade_updates | \U0001f50d Session: Asia Morning | Quality: HIGH | Allowed: True
2026-08-11 02:53:22,523 | WARNING | DatabaseService | Supabase credentials missing, using local fallback JSON
2026-08-11 02:53:22,789 | INFO | scripts.run_trade_updates | Active/pending trades count: 1
2026-08-11 02:53:22,789 | INFO | scripts.run_trade_updates | Tick manager owns MT5 execution; the 5m cycle keeps bookkeeping/reporting only.
2026-08-11 02:53:22,789 | INFO | scripts.run_trade_updates | Trade update completed (events=0, open=1)
2026-08-11 02:58:22,799 | INFO | scripts.run_trade_updates | Starting trade updates: 2026-08-11T02:58:22.799147+00:00
2026-08-11 02:58:22,799 | INFO | scripts.run_trade_updates | \U0001f50d Session: Asia Morning | Quality: HIGH | Allowed: True
2026-08-11 02:58:22,799 | WARNING | DatabaseService | Supabase credentials missing, using local fallback JSON
2026-08-11 02:58:22,967 | INFO | scripts.run_trade_updates | Active/pending trades count: 1
2026-08-11 02:58:22,967 | INFO | scripts.run_trade_updates | Tick manager owns MT5 execution; the 5m cycle keeps bookkeeping/reporting only.
2026-08-11 02:58:22,967 | INFO | scripts.run_trade_updates | Trade update completed (events=0, open=1)
2026-08-11 03:03:22,977 | INFO | scripts.run_trade_updates | Starting trade updates: 2026-08-11T03:03:22.977107+00:00
2026-08-11 03:03:22,977 | INFO | scripts.run_trade_updates | \U0001f50d Session: Asia Morning | Quality: HIGH | Allowed: True
2026-08-11 03:03:22,977 | WARNING | DatabaseService | Supabase credentials missing, using local fallback JSON
2026-08-11 03:03:23,171 | INFO | scripts.run_trade_updates | Active/pending trades count: 1
2026-08-11 03:03:23,171 | INFO | scripts.run_trade_updates | Tick manager owns MT5 execution; the 5m cycle keeps bookkeeping/reporting only.
2026-08-11 03:03:23,171 | INFO | scripts.run_trade_updates | Trade update completed (events=0, open=1)
2026-08-11 03:08:23,184 | INFO | scripts.run_trade_updates | Starting trade updates: 2026-08-11T03:08:23.184504+00:00
2026-08-11 03:08:23,188 | INFO | scripts.run_trade_updates | \U0001f50d Session: Asia Morning | Quality: HIGH | Allowed: True
2026-08-11 03:08:23,188 | WARNING | DatabaseService | Supabase credentials missing, using local fallback JSON
2026-08-11 03:08:23,344 | INFO | scripts.run_trade_updates | Active/pending trades count: 1
2026-08-11 03:08:23,344 | INFO | scripts.run_trade_updates | Tick manager owns MT5 execution; the 5m cycle keeps bookkeeping/reporting only.
2026-08-11 03:08:23,344 | INFO | scripts.run_trade_updates | Trade update completed (events=0, open=1)
2026-08-11 03:13:23,355 | INFO | scripts.run_trade_updates | Starting trade updates: 2026-08-11T03:13:23.355004+00:00
2026-08-11 03:13:23,355 | INFO | scripts.run_trade_updates | \U0001f50d Session: Asia Morning | Quality: HIGH | Allowed: True
2026-08-11 03:13:23,355 | WARNING | DatabaseService | Supabase credentials missing, using local fallback JSON
2026-08-11 03:13:23,539 | INFO | scripts.run_trade_updates | Active/pending trades count: 1
2026-08-11 03:13:23,555 | INFO | scripts.run_trade_updates | Tick manager owns MT5 execution; the 5m cycle keeps bookkeeping/reporting only.
2026-08-11 03:13:23,555 | INFO | scripts.run_trade_updates | Trade update completed (events=0, open=1)
2026-08-11 03:18:23,564 | INFO | scripts.run_trade_updates | Starting trade updates: 2026-08-11T03:18:23.564710+00:00
2026-08-11 03:18:23,568 | INFO | scripts.run_trade_updates | \U0001f50d Session: Asia Morning | Quality: HIGH | Allowed: True
2026-08-11 03:18:23,568 | WARNING | DatabaseService | Supabase credentials missing, using local fallback JSON
2026-08-11 03:18:23,709 | INFO | scripts.run_trade_updates | Active/pending trades count: 1
2026-08-11 03:18:23,709 | INFO | scripts.run_trade_updates | Tick manager owns MT5 execution; the 5m cycle keeps bookkeeping/reporting only.
2026-08-11 03:18:23,709 | INFO | scripts.run_trade_updates | Trade update completed (events=0, open=1)
2026-08-11 03:23:23,721 | INFO | scripts.run_trade_updates | Starting trade updates: 2026-08-11T03:23:23.721266+00:00
2026-08-11 03:23:23,721 | INFO | scripts.run_trade_updates | \U0001f50d Session: Asia Morning | Quality: HIGH | Allowed: True
2026-08-11 03:23:23,725 | WARNING | DatabaseService | Supabase credentials missing, using local fallback JSON
2026-08-11 03:23:23,914 | INFO | scripts.run_trade_updates | Active/pending trades count: 1
2026-08-11 03:23:23,914 | INFO | scripts.run_trade_updates | Tick manager owns MT5 execution; the 5m cycle keeps bookkeeping/reporting only.
2026-08-11 03:23:23,914 | INFO | scripts.run_trade_updates | Trade update completed (events=0, open=1)
2026-08-11 03:28:23,931 | INFO | scripts.run_trade_updates | Starting trade updates: 2026-08-11T03:28:23.931652+00:00
2026-08-11 03:28:23,931 | INFO | scripts.run_trade_updates | \U0001f50d Session: Asia Morning | Quality: HIGH | Allowed: True
2026-08-11 03:28:23,931 | WARNING | DatabaseService | Supabase credentials missing, using local fallback JSON
2026-08-11 03:28:24,080 | INFO | scripts.run_trade_updates | Active/pending trades count: 1
2026-08-11 03:28:24,080 | INFO | scripts.run_trade_updates | Tick manager owns MT5 execution; the 5m cycle keeps bookkeeping/reporting only.
2026-08-11 03:28:24,080 | INFO | scripts.run_trade_updates | Trade update completed (events=0, open=1)
2026-08-11 03:33:24,090 | INFO | scripts.run_trade_updates | Starting trade updates: 2026-08-11T03:33:24.090475+00:00
2026-08-11 03:33:24,090 | INFO | scripts.run_trade_updates | \U0001f50d Session: Asia Morning | Quality: HIGH | Allowed: True
2026-08-11 03:33:24,090 | WARNING | DatabaseService | Supabase credentials missing, using local fallback JSON
2026-08-11 03:33:24,266 | INFO | scripts.run_trade_updates | Active/pending trades count: 1
2026-08-11 03:33:24,266 | INFO | scripts.run_trade_updates | Tick manager owns MT5 execution; the 5m cycle keeps bookkeeping/reporting only.
2026-08-11 03:33:24,266 | INFO | scripts.run_trade_updates | Trade update completed (events=0, open=1)
2026-08-11 03:38:24,283 | INFO | scripts.run_trade_updates | Starting trade updates: 2026-08-11T03:38:24.283628+00:00
2026-08-11 03:38:24,283 | INFO | scripts.run_trade_updates | \U0001f50d Session: Asia Morning | Quality: HIGH | Allowed: True
2026-08-11 03:38:24,283 | WARNING | DatabaseService | Supabase credentials missing, using local fallback JSON
2026-08-11 03:38:24,429 | INFO | scripts.run_trade_updates | Active/pending trades count: 1
2026-08-11 03:38:24,429 | INFO | scripts.run_trade_updates | Tick manager owns MT5 execution; the 5m cycle keeps bookkeeping/reporting only.
2026-08-11 03:38:24,429 | INFO | scripts.run_trade_updates | Trade update completed (events=0, open=1)
2026-08-11 03:43:24,439 | INFO | scripts.run_trade_updates | Starting trade updates: 2026-08-11T03:43:24.439656+00:00
2026-08-11 03:43:24,439 | INFO | scripts.run_trade_updates | \U0001f50d Session: Asia Morning | Quality: HIGH | Allowed: True
2026-08-11 03:43:24,439 | WARNING | DatabaseService | Supabase credentials missing, using local fallback JSON
2026-08-11 03:43:24,621 | INFO | scripts.run_trade_updates | Active/pending trades count: 1
2026-08-11 03:43:24,621 | INFO | scripts.run_trade_updates | Tick manager owns MT5 execution; the 5m cycle keeps bookkeeping/reporting only.
2026-08-11 03:43:24,621 | INFO | scripts.run_trade_updates | Trade update completed (events=0, open=1)
2026-08-11 03:48:24,634 | INFO | scripts.run_trade_updates | Starting trade updates: 2026-08-11T03:48:24.634952+00:00
2026-08-11 03:48:24,637 | INFO | scripts.run_trade_updates | \U0001f50d Session: Asia Morning | Quality: HIGH | Allowed: True
2026-08-11 03:48:24,637 | WARNING | DatabaseService | Supabase credentials missing, using local fallback JSON
2026-08-11 03:48:24,778 | INFO | scripts.run_trade_updates | Active/pending trades count: 1
2026-08-11 03:48:24,778 | INFO | scripts.run_trade_updates | Tick manager owns MT5 execution; the 5m cycle keeps bookkeeping/reporting only.
2026-08-11 03:48:24,778 | INFO | scripts.run_trade_updates | Trade update completed (events=0, open=1)
2026-08-11 03:53:24,784 | INFO | scripts.run_trade_updates | Starting trade updates: 2026-08-11T03:53:24.784726+00:00
2026-08-11 03:53:24,784 | INFO | scripts.run_trade_updates | \U0001f50d Session: Asia Morning | Quality: HIGH | Allowed: True
2026-08-11 03:53:24,784 | WARNING | DatabaseService | Supabase credentials missing, using local fallback JSON
2026-08-11 03:53:24,970 | INFO | scripts.run_trade_updates | Active/pending trades count: 1
2026-08-11 03:53:24,970 | INFO | scripts.run_trade_updates | Tick manager owns MT5 execution; the 5m cycle keeps bookkeeping/reporting only.
2026-08-11 03:53:24,970 | INFO | scripts.run_trade_updates | Trade update completed (events=0, open=1)
2026-08-11 03:58:24,976 | INFO | scripts.run_trade_updates | Starting trade updates: 2026-08-11T03:58:24.976309+00:00
2026-08-11 03:58:24,976 | INFO | scripts.run_trade_updates | \U0001f50d Session: Asia Morning | Quality: HIGH | Allowed: True
2026-08-11 03:58:24,980 | WARNING | DatabaseService | Supabase credentials missing, using local fallback JSON
2026-08-11 03:58:25,184 | INFO | scripts.run_trade_updates | Active/pending trades count: 1
2026-08-11 03:58:25,184 | INFO | scripts.run_trade_updates | Tick manager owns MT5 execution; the 5m cycle keeps bookkeeping/reporting only.
2026-08-11 03:58:25,184 | INFO | scripts.run_trade_updates | Trade update completed (events=0, open=1)
2026-08-11 04:03:25,188 | INFO | scripts.run_trade_updates | Starting trade updates: 2026-08-11T04:03:25.188399+00:00
2026-08-11 04:03:25,188 | INFO | scripts.run_trade_updates | \U0001f50d Session: Asia Morning | Quality: HIGH | Allowed: True
2026-08-11 04:03:25,188 | WARNING | DatabaseService | Supabase credentials missing, using local fallback JSON
2026-08-11 04:03:25,356 | INFO | scripts.run_trade_updates | Active/pending trades count: 1
2026-08-11 04:03:25,356 | INFO | scripts.run_trade_updates | Tick manager owns MT5 execution; the 5m cycle keeps bookkeeping/reporting only.
2026-08-11 04:03:25,356 | INFO | scripts.run_trade_updates | Trade update completed (events=0, open=1)
2026-08-11 04:08:25,364 | INFO | scripts.run_trade_updates | Starting trade updates: 2026-08-11T04:08:25.364688+00:00
2026-08-11 04:08:25,364 | INFO | scripts.run_trade_updates | \U0001f50d Session: Asia Morning | Quality: HIGH | Allowed: True
2026-08-11 04:08:25,364 | WARNING | DatabaseService | Supabase credentials missing, using local fallback JSON
2026-08-11 04:08:25,611 | INFO | scripts.run_trade_updates | Active/pending trades count: 1
2026-08-11 04:08:25,611 | INFO | scripts.run_trade_updates | Tick manager owns MT5 execution; the 5m cycle keeps bookkeeping/reporting only.
2026-08-11 04:08:25,611 | INFO | scripts.run_trade_updates | Trade update completed (events=0, open=1)
2026-08-11 04:13:25,614 | INFO | scripts.run_trade_updates | Starting trade updates: 2026-08-11T04:13:25.614751+00:00
2026-08-11 04:13:25,614 | INFO | scripts.run_trade_updates | \U0001f50d Session: Asia Morning | Quality: HIGH | Allowed: True
2026-08-11 04:13:25,614 | WARNING | DatabaseService | Supabase credentials missing, using local fallback JSON
2026-08-11 04:13:25,755 | INFO | scripts.run_trade_updates | Active/pending trades count: 1
2026-08-11 04:13:25,755 | INFO | scripts.run_trade_updates | Tick manager owns MT5 execution; the 5m cycle keeps bookkeeping/reporting only.
2026-08-11 04:13:25,755 | INFO | scripts.run_trade_updates | Trade update completed (events=0, open=1)
2026-08-11 04:18:25,776 | INFO | scripts.run_trade_updates | Starting trade updates: 2026-08-11T04:18:25.776944+00:00
2026-08-11 04:18:25,776 | INFO | scripts.run_trade_updates | \U0001f50d Session: Asia Morning | Quality: HIGH | Allowed: True
2026-08-11 04:18:25,776 | WARNING | DatabaseService | Supabase credentials missing, using local fallback JSON
2026-08-11 04:18:25,977 | INFO | scripts.run_trade_updates | Active/pending trades count: 1
2026-08-11 04:18:25,977 | INFO | scripts.run_trade_updates | Tick manager owns MT5 execution; the 5m cycle keeps bookkeeping/reporting only.
2026-08-11 04:18:25,977 | INFO | scripts.run_trade_updates | Trade update completed (events=0, open=1)
2026-08-11 04:23:25,986 | INFO | scripts.run_trade_updates | Starting trade updates: 2026-08-11T04:23:25.986349+00:00
2026-08-11 04:23:25,986 | INFO | scripts.run_trade_updates | \U0001f50d Session: Asia Morning | Quality: HIGH | Allowed: True
2026-08-11 04:23:25,986 | WARNING | DatabaseService | Supabase credentials missing, using local fallback JSON
2026-08-11 04:23:26,151 | INFO | scripts.run_trade_updates | Active/pending trades count: 1
2026-08-11 04:23:26,151 | INFO | scripts.run_trade_updates | Tick manager owns MT5 execution; the 5m cycle keeps bookkeeping/reporting only.
2026-08-11 04:23:26,151 | INFO | scripts.run_trade_updates | Trade update completed (events=0, open=1)
2026-08-11 04:28:26,155 | INFO | scripts.run_trade_updates | Starting trade updates: 2026-08-11T04:28:26.155215+00:00
2026-08-11 04:28:26,156 | INFO | scripts.run_trade_updates | \U0001f50d Session: Asia Morning | Quality: HIGH | Allowed: True
2026-08-11 04:28:26,156 | WARNING | DatabaseService | Supabase credentials missing, using local fallback JSON
2026-08-11 04:28:26,391 | INFO | scripts.run_trade_updates | Active/pending trades count: 1
2026-08-11 04:28:26,391 | INFO | scripts.run_trade_updates | Tick manager owns MT5 execution; the 5m cycle keeps bookkeeping/reporting only.
2026-08-11 04:28:26,391 | INFO | scripts.run_trade_updates | Trade update completed (events=0, open=1)
2026-08-11 04:33:26,397 | INFO | scripts.run_trade_updates | Starting trade updates: 2026-08-11T04:33:26.397663+00:00
2026-08-11 04:33:26,397 | INFO | scripts.run_trade_updates | \U0001f50d Session: Asia Morning | Quality: HIGH | Allowed: True
2026-08-11 04:33:26,397 | WARNING | DatabaseService | Supabase credentials missing, using local fallback JSON
2026-08-11 04:33:26,554 | INFO | scripts.run_trade_updates | Active/pending trades count: 1
2026-08-11 04:33:26,554 | INFO | scripts.run_trade_updates | Tick manager owns MT5 execution; the 5m cycle keeps bookkeeping/reporting only.
2026-08-11 04:33:26,554 | INFO | scripts.run_trade_updates | Trade update completed (events=0, open=1)
2026-08-11 04:38:26,570 | INFO | scripts.run_trade_updates | Starting trade updates: 2026-08-11T04:38:26.570024+00:00
2026-08-11 04:38:26,570 | INFO | scripts.run_trade_updates | \U0001f50d Session: Asia Morning | Quality: HIGH | Allowed: True
2026-08-11 04:38:26,570 | WARNING | DatabaseService | Supabase credentials missing, using local fallback JSON
2026-08-11 04:38:26,800 | INFO | scripts.run_trade_updates | Active/pending trades count: 1
2026-08-11 04:38:26,800 | INFO | scripts.run_trade_updates | Tick manager owns MT5 execution; the 5m cycle keeps bookkeeping/reporting only.
2026-08-11 04:38:26,800 | INFO | scripts.run_trade_updates | Trade update completed (events=0, open=1)
2026-08-11 04:43:26,805 | INFO | scripts.run_trade_updates | Starting trade updates: 2026-08-11T04:43:26.805386+00:00
2026-08-11 04:43:26,805 | INFO | scripts.run_trade_updates | \U0001f50d Session: Asia Morning | Quality: HIGH | Allowed: True
2026-08-11 04:43:26,805 | WARNING | DatabaseService | Supabase credentials missing, using local fallback JSON
2026-08-11 04:43:26,974 | INFO | scripts.run_trade_updates | Active/pending trades count: 1
2026-08-11 04:43:26,974 | INFO | scripts.run_trade_updates | Tick manager owns MT5 execution; the 5m cycle keeps bookkeeping/reporting only.
2026-08-11 04:43:26,974 | INFO | scripts.run_trade_updates | Trade update completed (events=0, open=1)
2026-08-11 04:48:26,988 | INFO | scripts.run_trade_updates | Starting trade updates: 2026-08-11T04:48:26.988803+00:00
2026-08-11 04:48:26,990 | INFO | scripts.run_trade_updates | \U0001f50d Session: Asia Morning | Quality: HIGH | Allowed: True
2026-08-11 04:48:26,990 | WARNING | DatabaseService | Supabase credentials missing, using local fallback JSON
2026-08-11 04:48:27,187 | INFO | scripts.run_trade_updates | Active/pending trades count: 1
2026-08-11 04:48:27,187 | INFO | scripts.run_trade_updates | Tick manager owns MT5 execution; the 5m cycle keeps bookkeeping/reporting only.
2026-08-11 04:48:27,187 | INFO | scripts.run_trade_updates | Trade update completed (events=0, open=1)
2026-08-11 04:53:27,206 | INFO | scripts.run_trade_updates | Starting trade updates: 2026-08-11T04:53:27.206977+00:00
2026-08-11 04:53:27,206 | INFO | scripts.run_trade_updates | \U0001f50d Session: Asia Morning | Quality: HIGH | Allowed: True
2026-08-11 04:53:27,211 | WARNING | DatabaseService | Supabase credentials missing, using local fallback JSON
2026-08-11 04:53:27,336 | INFO | scripts.run_trade_updates | Active/pending trades count: 1
2026-08-11 04:53:27,336 | INFO | scripts.run_trade_updates | Tick manager owns MT5 execution; the 5m cycle keeps bookkeeping/reporting only.
2026-08-11 04:53:27,336 | INFO | scripts.run_trade_updates | Trade update completed (events=0, open=1)
2026-08-11 04:58:27,352 | INFO | scripts.run_trade_updates | Starting trade updates: 2026-08-11T04:58:27.352302+00:00
2026-08-11 04:58:27,352 | INFO | scripts.run_trade_updates | \U0001f50d Session: Asia Morning | Quality: HIGH | Allowed: True
2026-08-11 04:58:27,352 | WARNING | DatabaseService | Supabase credentials missing, using local fallback JSON
2026-08-11 04:58:27,580 | INFO | scripts.run_trade_updates | Active/pending trades count: 1
2026-08-11 04:58:27,580 | INFO | scripts.run_trade_updates | Tick manager owns MT5 execution; the 5m cycle keeps bookkeeping/reporting only.
2026-08-11 04:58:27,580 | INFO | scripts.run_trade_updates | Trade update completed (events=0, open=1)
2026-08-11 05:03:27,597 | INFO | scripts.run_trade_updates | Starting trade updates: 2026-08-11T05:03:27.597547+00:00
2026-08-11 05:03:27,597 | INFO | scripts.run_trade_updates | \U0001f50d Session: Asia Morning | Quality: HIGH | Allowed: True
2026-08-11 05:03:27,597 | WARNING | DatabaseService | Supabase credentials missing, using local fallback JSON
2026-08-11 05:03:27,738 | INFO | scripts.run_trade_updates | Active/pending trades count: 1
2026-08-11 05:03:27,738 | INFO | scripts.run_trade_updates | Tick manager owns MT5 execution; the 5m cycle keeps bookkeeping/reporting only.
2026-08-11 05:03:27,738 | INFO | scripts.run_trade_updates | Trade update completed (events=0, open=1)
2026-08-11 05:08:27,756 | INFO | scripts.run_trade_updates | Starting trade updates: 2026-08-11T05:08:27.756111+00:00
2026-08-11 05:08:27,756 | INFO | scripts.run_trade_updates | \U0001f50d Session: Asia Morning | Quality: HIGH | Allowed: True
2026-08-11 05:08:27,756 | WARNING | DatabaseService | Supabase credentials missing, using local fallback JSON
2026-08-11 05:08:27,964 | INFO | scripts.run_trade_updates | Active/pending trades count: 1
2026-08-11 05:08:27,964 | INFO | scripts.run_trade_updates | Tick manager owns MT5 execution; the 5m cycle keeps bookkeeping/reporting only.
2026-08-11 05:08:27,964 | INFO | scripts.run_trade_updates | Trade update completed (events=0, open=1)
2026-08-11 05:13:27,973 | INFO | scripts.run_trade_updates | Starting trade updates: 2026-08-11T05:13:27.973373+00:00
2026-08-11 05:13:27,973 | INFO | scripts.run_trade_updates | \U0001f50d Session: Asia Morning | Quality: HIGH | Allowed: True
2026-08-11 05:13:27,973 | WARNING | DatabaseService | Supabase credentials missing, using local fallback JSON
2026-08-11 05:13:28,124 | INFO | scripts.run_trade_updates | Active/pending trades count: 1
2026-08-11 05:13:28,124 | INFO | scripts.run_trade_updates | Tick manager owns MT5 execution; the 5m cycle keeps bookkeeping/reporting only.
2026-08-11 05:13:28,124 | INFO | scripts.run_trade_updates | Trade update completed (events=0, open=1)
2026-08-11 05:18:28,130 | INFO | scripts.run_trade_updates | Starting trade updates: 2026-08-11T05:18:28.130364+00:00
2026-08-11 05:18:28,133 | INFO | scripts.run_trade_updates | \U0001f50d Session: Asia Morning | Quality: HIGH | Allowed: True
2026-08-11 05:18:28,133 | WARNING | DatabaseService | Supabase credentials missing, using local fallback JSON
2026-08-11 05:18:28,356 | INFO | scripts.run_trade_updates | Active/pending trades count: 1
2026-08-11 05:18:28,356 | INFO | scripts.run_trade_updates | Tick manager owns MT5 execution; the 5m cycle keeps bookkeeping/reporting only.
2026-08-11 05:18:28,356 | INFO | scripts.run_trade_updates | Trade update completed (events=0, open=1)
2026-08-11 05:23:28,369 | INFO | scripts.run_trade_updates | Starting trade updates: 2026-08-11T05:23:28.369916+00:00
2026-08-11 05:23:28,369 | INFO | scripts.run_trade_updates | \U0001f50d Session: Asia Morning | Quality: HIGH | Allowed: True
2026-08-11 05:23:28,369 | WARNING | DatabaseService | Supabase credentials missing, using local fallback JSON
2026-08-11 05:23:28,541 | INFO | scripts.run_trade_updates | Active/pending trades count: 1
2026-08-11 05:23:28,541 | INFO | scripts.run_trade_updates | Tick manager owns MT5 execution; the 5m cycle keeps bookkeeping/reporting only.
2026-08-11 05:23:28,541 | INFO | scripts.run_trade_updates | Trade update completed (events=0, open=1)
2026-08-11 05:28:28,549 | INFO | scripts.run_trade_updates | Starting trade updates: 2026-08-11T05:28:28.549526+00:00
2026-08-11 05:28:28,549 | INFO | scripts.run_trade_updates | \U0001f50d Session: Asia Morning | Quality: HIGH | Allowed: True
2026-08-11 05:28:28,549 | WARNING | DatabaseService | Supabase credentials missing, using local fallback JSON
2026-08-11 05:28:28,778 | INFO | scripts.run_trade_updates | Active/pending trades count: 1
2026-08-11 05:28:28,778 | INFO | scripts.run_trade_updates | Tick manager owns MT5 execution; the 5m cycle keeps bookkeeping/reporting only.
2026-08-11 05:28:28,778 | INFO | scripts.run_trade_updates | Trade update completed (events=0, open=1)
2026-08-11 05:33:28,783 | INFO | scripts.run_trade_updates | Starting trade updates: 2026-08-11T05:33:28.783101+00:00
2026-08-11 05:33:28,786 | INFO | scripts.run_trade_updates | \U0001f50d Session: Asia Morning | Quality: HIGH | Allowed: True
2026-08-11 05:33:28,786 | WARNING | DatabaseService | Supabase credentials missing, using local fallback JSON
2026-08-11 05:33:28,943 | INFO | scripts.run_trade_updates | Active/pending trades count: 1
2026-08-11 05:33:28,943 | INFO | scripts.run_trade_updates | Tick manager owns MT5 execution; the 5m cycle keeps bookkeeping/reporting only.
2026-08-11 05:33:28,943 | INFO | scripts.run_trade_updates | Trade update completed (events=0, open=1)
2026-08-11 05:38:28,960 | INFO | scripts.run_trade_updates | Starting trade updates: 2026-08-11T05:38:28.960216+00:00
2026-08-11 05:38:28,960 | INFO | scripts.run_trade_updates | \U0001f50d Session: Asia Morning | Quality: HIGH | Allowed: True
2026-08-11 05:38:28,960 | WARNING | DatabaseService | Supabase credentials missing, using local fallback JSON
2026-08-11 05:38:29,180 | INFO | scripts.run_trade_updates | Active/pending trades count: 1
2026-08-11 05:38:29,180 | INFO | scripts.run_trade_updates | Tick manager owns MT5 execution; the 5m cycle keeps bookkeeping/reporting only.
2026-08-11 05:38:29,180 | INFO | scripts.run_trade_updates | Trade update completed (events=0, open=1)
2026-08-11 05:43:29,195 | INFO | scripts.run_trade_updates | Starting trade updates: 2026-08-11T05:43:29.195869+00:00
2026-08-11 05:43:29,195 | INFO | scripts.run_trade_updates | \U0001f50d Session: Asia Morning | Quality: HIGH | Allowed: True
2026-08-11 05:43:29,195 | WARNING | DatabaseService | Supabase credentials missing, using local fallback JSON
2026-08-11 05:43:29,340 | INFO | scripts.run_trade_updates | Active/pending trades count: 1
2026-08-11 05:43:29,340 | INFO | scripts.run_trade_updates | Tick manager owns MT5 execution; the 5m cycle keeps bookkeeping/reporting only.
2026-08-11 05:43:29,340 | INFO | scripts.run_trade_updates | Trade update completed (events=0, open=1)
2026-08-11 05:48:29,346 | INFO | scripts.run_trade_updates | Starting trade updates: 2026-08-11T05:48:29.346419+00:00
2026-08-11 05:48:29,346 | INFO | scripts.run_trade_updates | \U0001f50d Session: Asia Morning | Quality: HIGH | Allowed: True
2026-08-11 05:48:29,346 | WARNING | DatabaseService | Supabase credentials missing, using local fallback JSON
2026-08-11 05:48:29,533 | INFO | scripts.run_trade_updates | Active/pending trades count: 1
2026-08-11 05:48:29,533 | INFO | scripts.run_trade_updates | Tick manager owns MT5 execution; the 5m cycle keeps bookkeeping/reporting only.
2026-08-11 05:48:29,533 | INFO | scripts.run_trade_updates | Trade update completed (events=0, open=1)
2026-08-11 05:53:29,544 | INFO | scripts.run_trade_updates | Starting trade updates: 2026-08-11T05:53:29.544584+00:00
2026-08-11 05:53:29,544 | INFO | scripts.run_trade_updates | \U0001f50d Session: Asia Morning | Quality: HIGH | Allowed: True
2026-08-11 05:53:29,544 | WARNING | DatabaseService | Supabase credentials missing, using local fallback JSON
2026-08-11 05:53:29,696 | INFO | scripts.run_trade_updates | Active/pending trades count: 1
2026-08-11 05:53:29,696 | INFO | scripts.run_trade_updates | Tick manager owns MT5 execution; the 5m cycle keeps bookkeeping/reporting only.
2026-08-11 05:53:29,696 | INFO | scripts.run_trade_updates | Trade update completed (events=0, open=1)
2026-08-11 05:58:29,704 | INFO | scripts.run_trade_updates | Starting trade updates: 2026-08-11T05:58:29.704583+00:00
2026-08-11 05:58:29,704 | INFO | scripts.run_trade_updates | \U0001f50d Session: Asia Morning | Quality: HIGH | Allowed: True
2026-08-11 05:58:29,704 | WARNING | DatabaseService | Supabase credentials missing, using local fallback JSON
2026-08-11 05:58:29,967 | INFO | scripts.run_trade_updates | Active/pending trades count: 1
2026-08-11 05:58:29,981 | INFO | scripts.run_trade_updates | Tick manager owns MT5 execution; the 5m cycle keeps bookkeeping/reporting only.
2026-08-11 05:58:29,981 | INFO | scripts.run_trade_updates | Trade update completed (events=0, open=1)
2026-08-11 06:03:29,985 | INFO | scripts.run_trade_updates | Starting trade updates: 2026-08-11T06:03:29.985400+00:00
2026-08-11 06:03:29,997 | INFO | scripts.run_trade_updates | \U0001f50d Session: Asia Morning | Quality: HIGH | Allowed: True
2026-08-11 06:03:29,997 | WARNING | DatabaseService | Supabase credentials missing, using local fallback JSON
2026-08-11 06:03:30,170 | INFO | scripts.run_trade_updates | Active/pending trades count: 1
2026-08-11 06:03:30,170 | INFO | scripts.run_trade_updates | Tick manager owns MT5 execution; the 5m cycle keeps bookkeeping/reporting only.
2026-08-11 06:03:30,170 | INFO | scripts.run_trade_updates | Trade update completed (events=0, open=1)
2026-08-11 06:08:30,186 | INFO | scripts.run_trade_updates | Starting trade updates: 2026-08-11T06:08:30.186841+00:00
2026-08-11 06:08:30,188 | INFO | scripts.run_trade_updates | \U0001f50d Session: Asia Morning | Quality: HIGH | Allowed: True
2026-08-11 06:08:30,188 | WARNING | DatabaseService | Supabase credentials missing, using local fallback JSON
2026-08-11 06:08:30,439 | INFO | scripts.run_trade_updates | Active/pending trades count: 1
2026-08-11 06:08:30,439 | INFO | scripts.run_trade_updates | Tick manager owns MT5 execution; the 5m cycle keeps bookkeeping/reporting only.
2026-08-11 06:08:30,439 | INFO | scripts.run_trade_updates | Trade update completed (events=0, open=1)
2026-08-11 06:13:30,452 | INFO | scripts.run_trade_updates | Starting trade updates: 2026-08-11T06:13:30.452443+00:00
2026-08-11 06:13:30,454 | INFO | scripts.run_trade_updates | \U0001f50d Session: Asia Morning | Quality: HIGH | Allowed: True
2026-08-11 06:13:30,454 | WARNING | DatabaseService | Supabase credentials missing, using local fallback JSON
2026-08-11 06:13:30,611 | INFO | scripts.run_trade_updates | Active/pending trades count: 1
2026-08-11 06:13:30,611 | INFO | scripts.run_trade_updates | Tick manager owns MT5 execution; the 5m cycle keeps bookkeeping/reporting only.
2026-08-11 06:13:30,611 | INFO | scripts.run_trade_updates | Trade update completed (events=0, open=1)
2026-08-11 06:18:30,616 | INFO | scripts.run_trade_updates | Starting trade updates: 2026-08-11T06:18:30.616986+00:00
2026-08-11 06:18:30,616 | INFO | scripts.run_trade_updates | \U0001f50d Session: Asia Morning | Quality: HIGH | Allowed: True
2026-08-11 06:18:30,616 | WARNING | DatabaseService | Supabase credentials missing, using local fallback JSON
2026-08-11 06:18:30,829 | INFO | scripts.run_trade_updates | Active/pending trades count: 1
2026-08-11 06:18:30,829 | INFO | scripts.run_trade_updates | Tick manager owns MT5 execution; the 5m cycle keeps bookkeeping/reporting only.
2026-08-11 06:18:30,829 | INFO | scripts.run_trade_updates | Trade update completed (events=0, open=1)
2026-08-11 06:23:30,841 | INFO | scripts.run_trade_updates | Starting trade updates: 2026-08-11T06:23:30.841442+00:00
2026-08-11 06:23:30,841 | INFO | scripts.run_trade_updates | \U0001f50d Session: Asia Morning | Quality: HIGH | Allowed: True
2026-08-11 06:23:30,841 | WARNING | DatabaseService | Supabase credentials missing, using local fallback JSON
2026-08-11 06:23:30,997 | INFO | scripts.run_trade_updates | Active/pending trades count: 1
2026-08-11 06:23:30,997 | INFO | scripts.run_trade_updates | Tick manager owns MT5 execution; the 5m cycle keeps bookkeeping/reporting only.
2026-08-11 06:23:30,997 | INFO | scripts.run_trade_updates | Trade update completed (events=0, open=1)
2026-08-11 06:28:31,002 | INFO | scripts.run_trade_updates | Starting trade updates: 2026-08-11T06:28:31.002224+00:00
2026-08-11 06:28:31,007 | INFO | scripts.run_trade_updates | \U0001f50d Session: Asia Morning | Quality: HIGH | Allowed: True
2026-08-11 06:28:31,007 | WARNING | DatabaseService | Supabase credentials missing, using local fallback JSON
2026-08-11 06:28:31,385 | INFO | scripts.run_trade_updates | Active/pending trades count: 1
2026-08-11 06:28:31,385 | INFO | scripts.run_trade_updates | Tick manager owns MT5 execution; the 5m cycle keeps bookkeeping/reporting only.
2026-08-11 06:28:31,385 | INFO | scripts.run_trade_updates | Trade update completed (events=0, open=1)
2026-08-11 06:33:31,389 | INFO | scripts.run_trade_updates | Starting trade updates: 2026-08-11T06:33:31.389703+00:00
2026-08-11 06:33:31,389 | INFO | scripts.run_trade_updates | \U0001f50d Session: Asia Morning | Quality: HIGH | Allowed: True
2026-08-11 06:33:31,389 | WARNING | DatabaseService | Supabase credentials missing, using local fallback JSON
2026-08-11 06:33:31,544 | INFO | scripts.run_trade_updates | Active/pending trades count: 1
2026-08-11 06:33:31,544 | INFO | scripts.run_trade_updates | Tick manager owns MT5 execution; the 5m cycle keeps bookkeeping/reporting only.
2026-08-11 06:33:31,544 | INFO | scripts.run_trade_updates | Trade update completed (events=0, open=1)
2026-08-11 06:38:31,554 | INFO | scripts.run_trade_updates | Starting trade updates: 2026-08-11T06:38:31.554490+00:00
2026-08-11 06:38:31,554 | INFO | scripts.run_trade_updates | \U0001f50d Session: Asia Morning | Quality: HIGH | Allowed: True
2026-08-11 06:38:31,554 | WARNING | DatabaseService | Supabase credentials missing, using local fallback JSON
2026-08-11 06:38:31,775 | INFO | scripts.run_trade_updates | Active/pending trades count: 1
2026-08-11 06:38:31,775 | INFO | scripts.run_trade_updates | Tick manager owns MT5 execution; the 5m cycle keeps bookkeeping/reporting only.
2026-08-11 06:38:31,775 | INFO | scripts.run_trade_updates | Trade update completed (events=0, open=1)
2026-08-11 06:43:31,782 | INFO | scripts.run_trade_updates | Starting trade updates: 2026-08-11T06:43:31.782880+00:00
2026-08-11 06:43:31,848 | INFO | scripts.run_trade_updates | \U0001f50d Session: Asia Morning | Quality: HIGH | Allowed: True
2026-08-11 06:43:31,848 | WARNING | DatabaseService | Supabase credentials missing, using local fallback JSON
2026-08-11 06:43:32,002 | INFO | scripts.run_trade_updates | Active/pending trades count: 1
2026-08-11 06:43:32,002 | INFO | scripts.run_trade_updates | Tick manager owns MT5 execution; the 5m cycle keeps bookkeeping/reporting only.
2026-08-11 06:43:32,002 | INFO | scripts.run_trade_updates | Trade update completed (events=0, open=1)
2026-08-11 06:48:32,008 | INFO | scripts.run_trade_updates | Starting trade updates: 2026-08-11T06:48:32.008368+00:00
2026-08-11 06:48:32,008 | INFO | scripts.run_trade_updates | \U0001f50d Session: Asia Morning | Quality: HIGH | Allowed: True
2026-08-11 06:48:32,008 | WARNING | DatabaseService | Supabase credentials missing, using local fallback JSON
2026-08-11 06:48:32,216 | INFO | scripts.run_trade_updates | Active/pending trades count: 1
2026-08-11 06:48:32,216 | INFO | scripts.run_trade_updates | Tick manager owns MT5 execution; the 5m cycle keeps bookkeeping/reporting only.
2026-08-11 06:48:32,216 | INFO | scripts.run_trade_updates | Trade update completed (events=0, open=1)
2026-08-11 06:53:32,234 | INFO | scripts.run_trade_updates | Starting trade updates: 2026-08-11T06:53:32.234953+00:00
2026-08-11 06:53:32,234 | INFO | scripts.run_trade_updates | \U0001f50d Session: Asia Morning | Quality: HIGH | Allowed: True
2026-08-11 06:53:32,234 | WARNING | DatabaseService | Supabase credentials missing, using local fallback JSON
2026-08-11 06:53:32,391 | INFO | scripts.run_trade_updates | Active/pending trades count: 1
2026-08-11 06:53:32,391 | INFO | scripts.run_trade_updates | Tick manager owns MT5 execution; the 5m cycle keeps bookkeeping/reporting only.
2026-08-11 06:53:32,391 | INFO | scripts.run_trade_updates | Trade update completed (events=0, open=1)
2026-08-11 06:58:32,399 | INFO | scripts.run_trade_updates | Starting trade updates: 2026-08-11T06:58:32.399388+00:00
2026-08-11 06:58:32,399 | INFO | scripts.run_trade_updates | \U0001f50d Session: Asia Morning | Quality: HIGH | Allowed: True
2026-08-11 06:58:32,399 | WARNING | DatabaseService | Supabase credentials missing, using local fallback JSON
2026-08-11 06:58:32,615 | INFO | scripts.run_trade_updates | Active/pending trades count: 1
2026-08-11 06:58:32,615 | INFO | scripts.run_trade_updates | Tick manager owns MT5 execution; the 5m cycle keeps bookkeeping/reporting only.
2026-08-11 06:58:32,615 | INFO | scripts.run_trade_updates | Trade update completed (events=0, open=1)
2026-08-11 07:03:32,621 | INFO | scripts.run_trade_updates | Starting trade updates: 2026-08-11T07:03:32.621345+00:00
2026-08-11 07:03:32,621 | INFO | scripts.run_trade_updates | \U0001f50d Session: London / Europe Midday | Quality: HIGH | Allowed: True
2026-08-11 07:03:32,621 | WARNING | DatabaseService | Supabase credentials missing, using local fallback JSON
2026-08-11 07:03:32,790 | INFO | scripts.run_trade_updates | Active/pending trades count: 1
2026-08-11 07:03:32,790 | INFO | scripts.run_trade_updates | Tick manager owns MT5 execution; the 5m cycle keeps bookkeeping/reporting only.
2026-08-11 07:03:32,790 | INFO | scripts.run_trade_updates | Trade update completed (events=0, open=1)
2026-08-11 07:08:32,798 | INFO | scripts.run_trade_updates | Starting trade updates: 2026-08-11T07:08:32.798229+00:00
2026-08-11 07:08:32,798 | INFO | scripts.run_trade_updates | \U0001f50d Session: London / Europe Midday | Quality: HIGH | Allowed: True
2026-08-11 07:08:32,798 | WARNING | DatabaseService | Supabase credentials missing, using local fallback JSON
2026-08-11 07:08:33,008 | INFO | scripts.run_trade_updates | Active/pending trades count: 1
2026-08-11 07:08:33,008 | INFO | scripts.run_trade_updates | Tick manager owns MT5 execution; the 5m cycle keeps bookkeeping/reporting only.
2026-08-11 07:08:33,008 | INFO | scripts.run_trade_updates | Trade update completed (events=0, open=1)
2026-08-11 07:13:33,018 | INFO | scripts.run_trade_updates | Starting trade updates: 2026-08-11T07:13:33.018474+00:00
2026-08-11 07:13:33,018 | INFO | scripts.run_trade_updates | \U0001f50d Session: London / Europe Midday | Quality: HIGH | Allowed: True
2026-08-11 07:13:33,018 | WARNING | DatabaseService | Supabase credentials missing, using local fallback JSON
2026-08-11 07:13:33,167 | INFO | scripts.run_trade_updates | Active/pending trades count: 1
2026-08-11 07:13:33,167 | INFO | scripts.run_trade_updates | Tick manager owns MT5 execution; the 5m cycle keeps bookkeeping/reporting only.
2026-08-11 07:13:33,167 | INFO | scripts.run_trade_updates | Trade update completed (events=0, open=1)
2026-08-11 07:18:33,180 | INFO | scripts.run_trade_updates | Starting trade updates: 2026-08-11T07:18:33.180246+00:00
2026-08-11 07:18:33,181 | INFO | scripts.run_trade_updates | \U0001f50d Session: London / Europe Midday | Quality: HIGH | Allowed: True
2026-08-11 07:18:33,181 | WARNING | DatabaseService | Supabase credentials missing, using local fallback JSON
2026-08-11 07:18:33,369 | INFO | scripts.run_trade_updates | Active/pending trades count: 1
2026-08-11 07:18:33,369 | INFO | scripts.run_trade_updates | Tick manager owns MT5 execution; the 5m cycle keeps bookkeeping/reporting only.
2026-08-11 07:18:33,369 | INFO | scripts.run_trade_updates | Trade update completed (events=0, open=1)
2026-08-11 07:23:33,379 | INFO | scripts.run_trade_updates | Starting trade updates: 2026-08-11T07:23:33.379454+00:00
2026-08-11 07:23:33,379 | INFO | scripts.run_trade_updates | \U0001f50d Session: London / Europe Midday | Quality: HIGH | Allowed: True
2026-08-11 07:23:33,379 | WARNING | DatabaseService | Supabase credentials missing, using local fallback JSON
2026-08-11 07:23:33,519 | INFO | scripts.run_trade_updates | Active/pending trades count: 1
2026-08-11 07:23:33,519 | INFO | scripts.run_trade_updates | Tick manager owns MT5 execution; the 5m cycle keeps bookkeeping/reporting only.
2026-08-11 07:23:33,519 | INFO | scripts.run_trade_updates | Trade update completed (events=0, open=1)
2026-08-11 07:28:33,536 | INFO | scripts.run_trade_updates | Starting trade updates: 2026-08-11T07:28:33.536062+00:00
2026-08-11 07:28:33,536 | INFO | scripts.run_trade_updates | \U0001f50d Session: London / Europe Midday | Quality: HIGH | Allowed: True
2026-08-11 07:28:33,536 | WARNING | DatabaseService | Supabase credentials missing, using local fallback JSON
2026-08-11 07:28:33,767 | INFO | scripts.run_trade_updates | Active/pending trades count: 1
2026-08-11 07:28:33,767 | INFO | scripts.run_trade_updates | Tick manager owns MT5 execution; the 5m cycle keeps bookkeeping/reporting only.
2026-08-11 07:28:33,767 | INFO | scripts.run_trade_updates | Trade update completed (events=0, open=1)
2026-08-11 07:33:33,775 | INFO | scripts.run_trade_updates | Starting trade updates: 2026-08-11T07:33:33.775905+00:00
2026-08-11 07:33:33,775 | INFO | scripts.run_trade_updates | \U0001f50d Session: London / Europe Midday | Quality: HIGH | Allowed: True
2026-08-11 07:33:33,779 | WARNING | DatabaseService | Supabase credentials missing, using local fallback JSON
2026-08-11 07:33:33,920 | INFO | scripts.run_trade_updates | Active/pending trades count: 1
2026-08-11 07:33:33,920 | INFO | scripts.run_trade_updates | Tick manager owns MT5 execution; the 5m cycle keeps bookkeeping/reporting only.
2026-08-11 07:33:33,920 | INFO | scripts.run_trade_updates | Trade update completed (events=0, open=1)
2026-08-11 07:38:33,928 | INFO | scripts.run_trade_updates | Starting trade updates: 2026-08-11T07:38:33.928042+00:00
2026-08-11 07:38:33,928 | INFO | scripts.run_trade_updates | \U0001f50d Session: London / Europe Midday | Quality: HIGH | Allowed: True
2026-08-11 07:38:33,928 | WARNING | DatabaseService | Supabase credentials missing, using local fallback JSON
2026-08-11 07:38:34,178 | INFO | scripts.run_trade_updates | Active/pending trades count: 1
2026-08-11 07:38:34,178 | INFO | scripts.run_trade_updates | Tick manager owns MT5 execution; the 5m cycle keeps bookkeeping/reporting only.
2026-08-11 07:38:34,178 | INFO | scripts.run_trade_updates | Trade update completed (events=0, open=1)
2026-08-11 07:43:34,187 | INFO | scripts.run_trade_updates | Starting trade updates: 2026-08-11T07:43:34.187033+00:00
2026-08-11 07:43:34,191 | INFO | scripts.run_trade_updates | \U0001f50d Session: London / Europe Midday | Quality: HIGH | Allowed: True
2026-08-11 07:43:34,191 | WARNING | DatabaseService | Supabase credentials missing, using local fallback JSON
2026-08-11 07:43:34,399 | INFO | scripts.run_trade_updates | Active/pending trades count: 1
2026-08-11 07:43:34,399 | INFO | scripts.run_trade_updates | Tick manager owns MT5 execution; the 5m cycle keeps bookkeeping/reporting only.
2026-08-11 07:43:34,399 | INFO | scripts.run_trade_updates | Trade update completed (events=0, open=1)
2026-08-11 07:48:34,413 | INFO | scripts.run_trade_updates | Starting trade updates: 2026-08-11T07:48:34.413467+00:00
2026-08-11 07:48:34,414 | INFO | scripts.run_trade_updates | \U0001f50d Session: London / Europe Midday | Quality: HIGH | Allowed: True
2026-08-11 07:48:34,414 | WARNING | DatabaseService | Supabase credentials missing, using local fallback JSON
2026-08-11 07:48:34,882 | INFO | scripts.run_trade_updates | Active/pending trades count: 1
2026-08-11 07:48:34,882 | INFO | scripts.run_trade_updates | Tick manager owns MT5 execution; the 5m cycle keeps bookkeeping/reporting only.
2026-08-11 07:48:34,882 | INFO | scripts.run_trade_updates | Trade update completed (events=0, open=1)
2026-08-11 07:53:34,897 | INFO | scripts.run_trade_updates | Starting trade updates: 2026-08-11T07:53:34.897612+00:00
2026-08-11 07:53:34,897 | INFO | scripts.run_trade_updates | \U0001f50d Session: London / Europe Midday | Quality: HIGH | Allowed: True
2026-08-11 07:53:34,897 | WARNING | DatabaseService | Supabase credentials missing, using local fallback JSON
2026-08-11 07:53:35,066 | INFO | scripts.run_trade_updates | Active/pending trades count: 1
2026-08-11 07:53:35,066 | INFO | scripts.run_trade_updates | Tick manager owns MT5 execution; the 5m cycle keeps bookkeeping/reporting only.
2026-08-11 07:53:35,066 | INFO | scripts.run_trade_updates | Trade update completed (events=0, open=1)
2026-08-11 07:58:35,085 | INFO | scripts.run_trade_updates | Starting trade updates: 2026-08-11T07:58:35.085335+00:00
2026-08-11 07:58:35,085 | INFO | scripts.run_trade_updates | \U0001f50d Session: London / Europe Midday | Quality: HIGH | Allowed: True
2026-08-11 07:58:35,085 | WARNING | DatabaseService | Supabase credentials missing, using local fallback JSON
2026-08-11 07:58:35,356 | INFO | scripts.run_trade_updates | Active/pending trades count: 0
2026-08-11 07:58:35,356 | INFO | scripts.run_trade_updates | \u0644\u0627 \u062a\u0648\u062c\u062f \u0635\u0641\u0642\u0627\u062a \u0645\u0641\u062a\u0648\u062d\u0629 \u0623\u0648 \u0623\u0648\u0627\u0645\u0631 \u0645\u0639\u0644\u0642\u0629 — skipping \u062a\u062d\u062f\u064a\u062b \u0627\u0644\u0635\u0641\u0642\u0627\u062a \u0628\u062f\u0648\u0646 Telegram \u0648\u0628\u062f\u0648\u0646 \u062c\u0644\u0628 \u0633\u0639\u0631.
2026-08-11 08:03:35,373 | INFO | scripts.run_trade_updates | Starting trade updates: 2026-08-11T08:03:35.373605+00:00
2026-08-11 08:03:35,388 | INFO | scripts.run_trade_updates | \U0001f50d Session: London / Europe Midday | Quality: HIGH | Allowed: True
2026-08-11 08:03:35,388 | WARNING | DatabaseService | Supabase credentials missing, using local fallback JSON
2026-08-11 08:03:35,529 | INFO | scripts.run_trade_updates | Active/pending trades count: 0
2026-08-11 08:03:35,529 | INFO | scripts.run_trade_updates | \u0644\u0627 \u062a\u0648\u062c\u062f \u0635\u0641\u0642\u0627\u062a \u0645\u0641\u062a\u0648\u062d\u0629 \u0623\u0648 \u0623\u0648\u0627\u0645\u0631 \u0645\u0639\u0644\u0642\u0629 — skipping \u062a\u062d\u062f\u064a\u062b \u0627\u0644\u0635\u0641\u0642\u0627\u062a \u0628\u062f\u0648\u0646 Telegram \u0648\u0628\u062f\u0648\u0646 \u062c\u0644\u0628 \u0633\u0639\u0631.
2026-08-11 08:08:35,546 | INFO | scripts.run_trade_updates | Starting trade updates: 2026-08-11T08:08:35.546813+00:00
2026-08-11 08:08:35,546 | INFO | scripts.run_trade_updates | \U0001f50d Session: London / Europe Midday | Quality: HIGH | Allowed: True
2026-08-11 08:08:35,546 | WARNING | DatabaseService | Supabase credentials missing, using local fallback JSON
2026-08-11 08:08:35,807 | INFO | scripts.run_trade_updates | Active/pending trades count: 0
2026-08-11 08:08:35,807 | INFO | scripts.run_trade_updates | \u0644\u0627 \u062a\u0648\u062c\u062f \u0635\u0641\u0642\u0627\u062a \u0645\u0641\u062a\u0648\u062d\u0629 \u0623\u0648 \u0623\u0648\u0627\u0645\u0631 \u0645\u0639\u0644\u0642\u0629 — skipping \u062a\u062d\u062f\u064a\u062b \u0627\u0644\u0635\u0641\u0642\u0627\u062a \u0628\u062f\u0648\u0646 Telegram \u0648\u0628\u062f\u0648\u0646 \u062c\u0644\u0628 \u0633\u0639\u0631.
2026-08-11 08:13:35,814 | INFO | scripts.run_trade_updates | Starting trade updates: 2026-08-11T08:13:35.814914+00:00
2026-08-11 08:13:35,814 | INFO | scripts.run_trade_updates | \U0001f50d Session: London / Europe Midday | Quality: HIGH | Allowed: True
2026-08-11 08:13:35,820 | WARNING | DatabaseService | Supabase credentials missing, using local fallback JSON
2026-08-11 08:13:35,962 | INFO | scripts.run_trade_updates | Active/pending trades count: 0
2026-08-11 08:13:35,962 | INFO | scripts.run_trade_updates | \u0644\u0627 \u062a\u0648\u062c\u062f \u0635\u0641\u0642\u0627\u062a \u0645\u0641\u062a\u0648\u062d\u0629 \u0623\u0648 \u0623\u0648\u0627\u0645\u0631 \u0645\u0639\u0644\u0642\u0629 — skipping \u062a\u062d\u062f\u064a\u062b \u0627\u0644\u0635\u0641\u0642\u0627\u062a \u0628\u062f\u0648\u0646 Telegram \u0648\u0628\u062f\u0648\u0646 \u062c\u0644\u0628 \u0633\u0639\u0631.
2026-08-11 08:18:35,969 | INFO | scripts.run_trade_updates | Starting trade updates: 2026-08-11T08:18:35.969306+00:00
2026-08-11 08:18:35,971 | INFO | scripts.run_trade_updates | \U0001f50d Session: London / Europe Midday | Quality: HIGH | Allowed: True
2026-08-11 08:18:35,972 | WARNING | DatabaseService | Supabase credentials missing, using local fallback JSON
2026-08-11 08:18:36,444 | INFO | scripts.run_trade_updates | Active/pending trades count: 0
2026-08-11 08:18:36,444 | INFO | scripts.run_trade_updates | \u0644\u0627 \u062a\u0648\u062c\u062f \u0635\u0641\u0642\u0627\u062a \u0645\u0641\u062a\u0648\u062d\u0629 \u0623\u0648 \u0623\u0648\u0627\u0645\u0631 \u0645\u0639\u0644\u0642\u0629 — skipping \u062a\u062d\u062f\u064a\u062b \u0627\u0644\u0635\u0641\u0642\u0627\u062a \u0628\u062f\u0648\u0646 Telegram \u0648\u0628\u062f\u0648\u0646 \u062c\u0644\u0628 \u0633\u0639\u0631.
2026-08-11 08:23:36,446 | INFO | scripts.run_trade_updates | Starting trade updates: 2026-08-11T08:23:36.446894+00:00
2026-08-11 08:23:36,452 | INFO | scripts.run_trade_updates | \U0001f50d Session: London / Europe Midday | Quality: HIGH | Allowed: True
2026-08-11 08:23:36,536 | WARNING | DatabaseService | Supabase credentials missing, using local fallback JSON
2026-08-11 08:23:36,746 | INFO | scripts.run_trade_updates | Active/pending trades count: 0
2026-08-11 08:23:36,746 | INFO | scripts.run_trade_updates | \u0644\u0627 \u062a\u0648\u062c\u062f \u0635\u0641\u0642\u0627\u062a \u0645\u0641\u062a\u0648\u062d\u0629 \u0623\u0648 \u0623\u0648\u0627\u0645\u0631 \u0645\u0639\u0644\u0642\u0629 — skipping \u062a\u062d\u062f\u064a\u062b \u0627\u0644\u0635\u0641\u0642\u0627\u062a \u0628\u062f\u0648\u0646 Telegram \u0648\u0628\u062f\u0648\u0646 \u062c\u0644\u0628 \u0633\u0639\u0631.
2026-08-11 08:28:36,754 | INFO | scripts.run_trade_updates | Starting trade updates: 2026-08-11T08:28:36.754869+00:00
2026-08-11 08:28:36,769 | INFO | scripts.run_trade_updates | \U0001f50d Session: London / Europe Midday | Quality: HIGH | Allowed: True
2026-08-11 08:28:36,775 | WARNING | DatabaseService | Supabase credentials missing, using local fallback JSON
2026-08-11 08:28:37,077 | INFO | scripts.run_trade_updates | Active/pending trades count: 0
2026-08-11 08:28:37,077 | INFO | scripts.run_trade_updates | \u0644\u0627 \u062a\u0648\u062c\u062f \u0635\u0641\u0642\u0627\u062a \u0645\u0641\u062a\u0648\u062d\u0629 \u0623\u0648 \u0623\u0648\u0627\u0645\u0631 \u0645\u0639\u0644\u0642\u0629 — skipping \u062a\u062d\u062f\u064a\u062b \u0627\u0644\u0635\u0641\u0642\u0627\u062a \u0628\u062f\u0648\u0646 Telegram \u0648\u0628\u062f\u0648\u0646 \u062c\u0644\u0628 \u0633\u0639\u0631.
2026-08-11 08:33:37,079 | INFO | scripts.run_trade_updates | Starting trade updates: 2026-08-11T08:33:37.079909+00:00
2026-08-11 08:33:37,083 | INFO | scripts.run_trade_updates | \U0001f50d Session: London / Europe Midday | Quality: HIGH | Allowed: True
2026-08-11 08:33:37,083 | WARNING | DatabaseService | Supabase credentials missing, using local fallback JSON
2026-08-11 08:33:37,336 | INFO | scripts.run_trade_updates | Active/pending trades count: 0
2026-08-11 08:33:37,336 | INFO | scripts.run_trade_updates | \u0644\u0627 \u062a\u0648\u062c\u062f \u0635\u0641\u0642\u0627\u062a \u0645\u0641\u062a\u0648\u062d\u0629 \u0623\u0648 \u0623\u0648\u0627\u0645\u0631 \u0645\u0639\u0644\u0642\u0629 — skipping \u062a\u062d\u062f\u064a\u062b \u0627\u0644\u0635\u0641\u0642\u0627\u062a \u0628\u062f\u0648\u0646 Telegram \u0648\u0628\u062f\u0648\u0646 \u062c\u0644\u0628 \u0633\u0639\u0631.
2026-08-11 08:38:37,338 | INFO | scripts.run_trade_updates | Starting trade updates: 2026-08-11T08:38:37.338187+00:00
2026-08-11 08:38:37,345 | INFO | scripts.run_trade_updates | \U0001f50d Session: London / Europe Midday | Quality: HIGH | Allowed: True
2026-08-11 08:38:37,345 | WARNING | DatabaseService | Supabase credentials missing, using local fallback JSON
2026-08-11 08:38:37,651 | INFO | scripts.run_trade_updates | Active/pending trades count: 0
2026-08-11 08:38:37,651 | INFO | scripts.run_trade_updates | \u0644\u0627 \u062a\u0648\u062c\u062f \u0635\u0641\u0642\u0627\u062a \u0645\u0641\u062a\u0648\u062d\u0629 \u0623\u0648 \u0623\u0648\u0627\u0645\u0631 \u0645\u0639\u0644\u0642\u0629 — skipping \u062a\u062d\u062f\u064a\u062b \u0627\u0644\u0635\u0641\u0642\u0627\u062a \u0628\u062f\u0648\u0646 Telegram \u0648\u0628\u062f\u0648\u0646 \u062c\u0644\u0628 \u0633\u0639\u0631.
2026-08-11 08:43:37,656 | INFO | scripts.run_trade_updates | Starting trade updates: 2026-08-11T08:43:37.655625+00:00
2026-08-11 08:43:37,671 | INFO | scripts.run_trade_updates | \U0001f50d Session: London / Europe Midday | Quality: HIGH | Allowed: True
2026-08-11 08:43:37,674 | WARNING | DatabaseService | Supabase credentials missing, using local fallback JSON
2026-08-11 08:43:37,835 | INFO | scripts.run_trade_updates | Active/pending trades count: 0
2026-08-11 08:43:37,835 | INFO | scripts.run_trade_updates | \u0644\u0627 \u062a\u0648\u062c\u062f \u0635\u0641\u0642\u0627\u062a \u0645\u0641\u062a\u0648\u062d\u0629 \u0623\u0648 \u0623\u0648\u0627\u0645\u0631 \u0645\u0639\u0644\u0642\u0629 — skipping \u062a\u062d\u062f\u064a\u062b \u0627\u0644\u0635\u0641\u0642\u0627\u062a \u0628\u062f\u0648\u0646 Telegram \u0648\u0628\u062f\u0648\u0646 \u062c\u0644\u0628 \u0633\u0639\u0631.
