2026-08-10 01:02:05,031 | INFO | DatabaseService | Database connected: Supabase
2026-08-10 01:02:06,108 | INFO | httpx | HTTP Request: GET https://trsmuzekxmpqtvxdkxwe.supabase.co/rest/v1/trades_demo?select=%2A&status=in.%28OPEN%2CPARTIAL%2CTP1_HIT%2CPENDING%29 "HTTP/2 200 OK"
2026-08-10 01:02:06,585 | INFO | __main__ | Market data integrity for XAU/USD: source=mt5 type=historical_ohlc grade=HIGH signal_generation=True pending_activation=True
2026-08-10 01:02:07,317 | INFO | httpx | HTTP Request: GET https://trsmuzekxmpqtvxdkxwe.supabase.co/rest/v1/macro_context?select=context&id=eq.latest&limit=1 "HTTP/2 200 OK"
2026-08-10 01:02:07,350 | INFO | __main__ | Running agent: macro_fundamental
2026-08-10 01:02:07,759 | INFO | services.news_feed_forexfactory | ForexFactory: loaded 27 USD events
2026-08-10 01:02:07,775 | INFO | __main__ | Running agent: technical
2026-08-10 01:02:07,775 | INFO | __main__ | Running agent: classical
2026-08-10 01:02:07,775 | INFO | __main__ | Running agent: smc
2026-08-10 01:02:07,775 | INFO | __main__ | Running agent: price_action
2026-08-10 01:02:07,775 | INFO | __main__ | Running agent: multitimeframe
2026-08-10 01:02:08,261 | INFO | __main__ | Running agent: daily_bias
2026-08-10 01:02:09,058 | INFO | httpx | HTTP Request: GET https://trsmuzekxmpqtvxdkxwe.supabase.co/rest/v1/setup_candidates?select=%2A&is_active=eq.True&symbol=eq.XAU%2FUSD "HTTP/2 200 OK"
2026-08-10 01:02:09,840 | INFO | httpx | HTTP Request: GET https://trsmuzekxmpqtvxdkxwe.supabase.co/rest/v1/trades_demo?select=%2A&order=created_at.desc&limit=20 "HTTP/2 200 OK"
2026-08-10 01:02:10,106 | INFO | httpx | HTTP Request: GET https://trsmuzekxmpqtvxdkxwe.supabase.co/rest/v1/session_plans?select=%2A&order=analysis_run_at.desc&limit=12&symbol=eq.XAU%2FUSD "HTTP/2 200 OK"
2026-08-10 01:02:10,106 | INFO | __main__ | Session plan not ready for XAU/USD: no directional authority sources
2026-08-10 01:02:10,419 | INFO | httpx | HTTP Request: POST https://trsmuzekxmpqtvxdkxwe.supabase.co/rest/v1/session_plans "HTTP/2 401 Unauthorized"
2026-08-10 01:02:10,419 | ERROR | DatabaseService | Failed to insert session plan snapshot in Supabase, falling back local: {'message': 'new row violates row-level security policy for table "session_plans"', 'code': '42501', 'hint': None, 'details': None}
2026-08-10 01:02:11,402 | INFO | httpx | HTTP Request: GET https://trsmuzekxmpqtvxdkxwe.supabase.co/rest/v1/session_plans?select=payload&id=eq.SESSION_PLAN_20260810_010210_106820_5a84bbff&limit=1 "HTTP/2 200 OK"
2026-08-10 01:02:12,123 | INFO | httpx | HTTP Request: PATCH https://trsmuzekxmpqtvxdkxwe.supabase.co/rest/v1/session_plans?id=eq.SESSION_PLAN_20260810_010210_106820_5a84bbff "HTTP/2 200 OK"
2026-08-10 01:02:12,407 | INFO | httpx | HTTP Request: GET https://trsmuzekxmpqtvxdkxwe.supabase.co/rest/v1/trades_demo?select=%2A&order=created_at.desc&limit=100 "HTTP/2 200 OK"
2026-08-10 01:02:12,674 | INFO | httpx | HTTP Request: GET https://trsmuzekxmpqtvxdkxwe.supabase.co/rest/v1/trades_demo?select=%2A&order=created_at.desc&limit=20 "HTTP/2 200 OK"
2026-08-10 01:02:12,972 | INFO | httpx | HTTP Request: GET https://trsmuzekxmpqtvxdkxwe.supabase.co/rest/v1/trades_demo?select=%2A&or=%28and%28created_at.gte.2026-08-10T00%3A00%3A00Z%2Ccreated_at.lt.2026-08-11T00%3A00%3A00Z%29%2Cand%28closed_at.gte.2026-08-10T00%3A00%3A00Z%2Cclosed_at.lt.2026-08-11T00%3A00%3A00Z%29%29 "HTTP/2 200 OK"
2026-08-10 01:02:13,253 | INFO | httpx | HTTP Request: GET https://trsmuzekxmpqtvxdkxwe.supabase.co/rest/v1/trades_demo?select=%2A&order=created_at.desc&limit=20 "HTTP/2 200 OK"
2026-08-10 01:02:13,691 | WARNING | services.llm_review | Gemini market attempt 1/3 failed: HTTP 401 — retry in 3s
2026-08-10 01:02:16,711 | WARNING | services.llm_review | Gemini market attempt 2/3 failed: HTTP 401 — retry in 6s
2026-08-10 01:02:22,735 | INFO | __main__ | \U0001f9e0 Gemini market context: unavailable/skipped (HTTP 401)
2026-08-10 01:02:22,735 | INFO | __main__ | \U0001f9e0 Gemini signal review skipped: WAIT hourly status
2026-08-10 01:02:22,767 | WARNING | services.llm_review | Gemini news attempt 1/3 failed: HTTP 401 — retry in 3s
2026-08-10 01:02:25,802 | WARNING | services.llm_review | Gemini news attempt 2/3 failed: HTTP 401 — retry in 6s
2026-08-10 01:02:31,835 | INFO | __main__ | \U0001f9e0 Gemini news review: unavailable/skipped (HTTP 401)
2026-08-10 01:02:31,863 | WARNING | services.llm_review | Gemini macro attempt 1/3 failed: HTTP 401 — retry in 3s
2026-08-10 01:02:34,898 | WARNING | services.llm_review | Gemini macro attempt 2/3 failed: HTTP 401 — retry in 6s
2026-08-10 01:02:40,922 | INFO | __main__ | \U0001f9e0 Gemini macro: unavailable/skipped (HTTP 401)
2026-08-10 01:02:41,253 | INFO | httpx | HTTP Request: GET https://trsmuzekxmpqtvxdkxwe.supabase.co/rest/v1/session_plans?select=%2A&order=analysis_run_at.desc&limit=12&symbol=eq.XAU%2FUSD&plan_ready=eq.True "HTTP/2 200 OK"
2026-08-10 01:02:41,253 | INFO | __main__ | Session-plan ladder skipped: plan not ready (status=NOT_READY, reason=no directional authority sources) and no unexpired day map to fall back on
2026-08-10 01:02:41,503 | INFO | httpx | HTTP Request: GET https://trsmuzekxmpqtvxdkxwe.supabase.co/rest/v1/trades_demo?select=%2A&status=in.%28OPEN%2CPARTIAL%2CTP1_HIT%2CPENDING%29 "HTTP/2 200 OK"
2026-08-10 02:02:04,767 | INFO | DatabaseService | Database connected: Supabase
2026-08-10 02:02:05,848 | INFO | httpx | HTTP Request: GET https://trsmuzekxmpqtvxdkxwe.supabase.co/rest/v1/trades_demo?select=%2A&status=in.%28OPEN%2CPARTIAL%2CTP1_HIT%2CPENDING%29 "HTTP/2 200 OK"
2026-08-10 02:02:06,294 | INFO | __main__ | Market data integrity for XAU/USD: source=mt5 type=historical_ohlc grade=HIGH signal_generation=True pending_activation=True
2026-08-10 02:02:07,077 | INFO | httpx | HTTP Request: GET https://trsmuzekxmpqtvxdkxwe.supabase.co/rest/v1/macro_context?select=context&id=eq.latest&limit=1 "HTTP/2 200 OK"
2026-08-10 02:02:07,077 | INFO | __main__ | Running agent: macro_fundamental
2026-08-10 02:02:07,544 | INFO | services.news_feed_forexfactory | ForexFactory: loaded 27 USD events
2026-08-10 02:02:07,544 | INFO | __main__ | Running agent: technical
2026-08-10 02:02:07,544 | INFO | __main__ | Running agent: classical
2026-08-10 02:02:07,544 | INFO | __main__ | Running agent: smc
2026-08-10 02:02:07,544 | INFO | __main__ | Running agent: price_action
2026-08-10 02:02:07,544 | INFO | __main__ | Running agent: multitimeframe
2026-08-10 02:02:07,998 | INFO | __main__ | Running agent: daily_bias
2026-08-10 02:02:08,734 | INFO | httpx | HTTP Request: GET https://trsmuzekxmpqtvxdkxwe.supabase.co/rest/v1/setup_candidates?select=%2A&is_active=eq.True&symbol=eq.XAU%2FUSD "HTTP/2 200 OK"
2026-08-10 02:02:09,468 | INFO | httpx | HTTP Request: GET https://trsmuzekxmpqtvxdkxwe.supabase.co/rest/v1/trades_demo?select=%2A&order=created_at.desc&limit=20 "HTTP/2 200 OK"
2026-08-10 02:02:10,203 | INFO | httpx | HTTP Request: GET https://trsmuzekxmpqtvxdkxwe.supabase.co/rest/v1/session_plans?select=%2A&order=analysis_run_at.desc&limit=12&symbol=eq.XAU%2FUSD "HTTP/2 200 OK"
2026-08-10 02:02:10,203 | INFO | __main__ | Session plan not ready for XAU/USD: BUY alignment from macro; but authority WEAK — only 1 aligned source(s), needs 2 (or 1 with both an aligned sweep and zone support)
2026-08-10 02:02:11,017 | INFO | httpx | HTTP Request: POST https://trsmuzekxmpqtvxdkxwe.supabase.co/rest/v1/session_plans "HTTP/2 401 Unauthorized"
2026-08-10 02:02:11,017 | ERROR | DatabaseService | Failed to insert session plan snapshot in Supabase, falling back local: {'message': 'new row violates row-level security policy for table "session_plans"', 'code': '42501', 'hint': None, 'details': None}
2026-08-10 02:02:11,743 | INFO | httpx | HTTP Request: GET https://trsmuzekxmpqtvxdkxwe.supabase.co/rest/v1/session_plans?select=payload&id=eq.SESSION_PLAN_20260810_020210_203955_b66aa70d&limit=1 "HTTP/2 200 OK"
2026-08-10 02:02:12,479 | INFO | httpx | HTTP Request: PATCH https://trsmuzekxmpqtvxdkxwe.supabase.co/rest/v1/session_plans?id=eq.SESSION_PLAN_20260810_020210_203955_b66aa70d "HTTP/2 200 OK"
2026-08-10 02:02:13,214 | INFO | httpx | HTTP Request: GET https://trsmuzekxmpqtvxdkxwe.supabase.co/rest/v1/trades_demo?select=%2A&order=created_at.desc&limit=100 "HTTP/2 200 OK"
2026-08-10 02:02:13,464 | INFO | httpx | HTTP Request: GET https://trsmuzekxmpqtvxdkxwe.supabase.co/rest/v1/trades_demo?select=%2A&order=created_at.desc&limit=20 "HTTP/2 200 OK"
2026-08-10 02:02:13,730 | INFO | httpx | HTTP Request: GET https://trsmuzekxmpqtvxdkxwe.supabase.co/rest/v1/trades_demo?select=%2A&or=%28and%28created_at.gte.2026-08-10T00%3A00%3A00Z%2Ccreated_at.lt.2026-08-11T00%3A00%3A00Z%29%2Cand%28closed_at.gte.2026-08-10T00%3A00%3A00Z%2Cclosed_at.lt.2026-08-11T00%3A00%3A00Z%29%29 "HTTP/2 200 OK"
2026-08-10 02:02:14,481 | INFO | httpx | HTTP Request: GET https://trsmuzekxmpqtvxdkxwe.supabase.co/rest/v1/trades_demo?select=%2A&order=created_at.desc&limit=20 "HTTP/2 200 OK"
2026-08-10 02:02:14,810 | WARNING | services.llm_review | Gemini market attempt 1/3 failed: HTTP 401 — retry in 3s
2026-08-10 02:02:17,833 | WARNING | services.llm_review | Gemini market attempt 2/3 failed: HTTP 401 — retry in 6s
2026-08-10 02:02:23,868 | INFO | __main__ | \U0001f9e0 Gemini market context: unavailable/skipped (HTTP 401)
2026-08-10 02:02:23,868 | INFO | __main__ | \U0001f9e0 Gemini signal review skipped: WAIT hourly status
2026-08-10 02:02:23,901 | WARNING | services.llm_review | Gemini news attempt 1/3 failed: HTTP 401 — retry in 3s
2026-08-10 02:02:26,925 | WARNING | services.llm_review | Gemini news attempt 2/3 failed: HTTP 401 — retry in 6s
2026-08-10 02:02:32,952 | INFO | __main__ | \U0001f9e0 Gemini news review: unavailable/skipped (HTTP 401)
2026-08-10 02:02:32,983 | WARNING | services.llm_review | Gemini macro attempt 1/3 failed: HTTP 401 — retry in 3s
2026-08-10 02:02:36,019 | WARNING | services.llm_review | Gemini macro attempt 2/3 failed: HTTP 401 — retry in 6s
2026-08-10 02:02:42,041 | INFO | __main__ | \U0001f9e0 Gemini macro: unavailable/skipped (HTTP 401)
2026-08-10 02:02:42,385 | INFO | httpx | HTTP Request: GET https://trsmuzekxmpqtvxdkxwe.supabase.co/rest/v1/session_plans?select=%2A&order=analysis_run_at.desc&limit=12&symbol=eq.XAU%2FUSD&plan_ready=eq.True "HTTP/2 200 OK"
2026-08-10 02:02:42,385 | INFO | __main__ | Session-plan ladder skipped: plan not ready (status=NOT_READY, reason=BUY alignment from macro; but authority WEAK — only 1 aligned source(s), needs 2 (or 1 with both an aligned sweep and zone support)) and no unexpired day map to fall back on
2026-08-10 02:02:42,665 | INFO | httpx | HTTP Request: GET https://trsmuzekxmpqtvxdkxwe.supabase.co/rest/v1/trades_demo?select=%2A&status=in.%28OPEN%2CPARTIAL%2CTP1_HIT%2CPENDING%29 "HTTP/2 200 OK"
2026-08-10 03:02:04,471 | INFO | DatabaseService | Database connected: Supabase
2026-08-10 03:02:05,518 | INFO | httpx | HTTP Request: GET https://trsmuzekxmpqtvxdkxwe.supabase.co/rest/v1/trades_demo?select=%2A&status=in.%28OPEN%2CPARTIAL%2CTP1_HIT%2CPENDING%29 "HTTP/2 200 OK"
2026-08-10 03:02:05,910 | INFO | __main__ | Market data integrity for XAU/USD: source=mt5 type=historical_ohlc grade=HIGH signal_generation=True pending_activation=True
2026-08-10 03:02:06,646 | INFO | httpx | HTTP Request: GET https://trsmuzekxmpqtvxdkxwe.supabase.co/rest/v1/macro_context?select=context&id=eq.latest&limit=1 "HTTP/2 200 OK"
2026-08-10 03:02:06,665 | INFO | __main__ | Running agent: macro_fundamental
2026-08-10 03:02:07,203 | INFO | services.news_feed_forexfactory | ForexFactory: loaded 27 USD events
2026-08-10 03:02:07,218 | INFO | __main__ | Running agent: technical
2026-08-10 03:02:07,218 | INFO | __main__ | Running agent: classical
2026-08-10 03:02:07,218 | INFO | __main__ | Running agent: smc
2026-08-10 03:02:07,218 | INFO | __main__ | Running agent: price_action
2026-08-10 03:02:07,218 | INFO | __main__ | Running agent: multitimeframe
2026-08-10 03:02:07,672 | INFO | __main__ | Running agent: daily_bias
2026-08-10 03:02:07,923 | INFO | httpx | HTTP Request: GET https://trsmuzekxmpqtvxdkxwe.supabase.co/rest/v1/setup_candidates?select=%2A&is_active=eq.True&symbol=eq.XAU%2FUSD "HTTP/2 200 OK"
2026-08-10 03:02:08,188 | INFO | httpx | HTTP Request: GET https://trsmuzekxmpqtvxdkxwe.supabase.co/rest/v1/trades_demo?select=%2A&order=created_at.desc&limit=20 "HTTP/2 200 OK"
2026-08-10 03:02:08,940 | INFO | httpx | HTTP Request: GET https://trsmuzekxmpqtvxdkxwe.supabase.co/rest/v1/session_plans?select=%2A&order=analysis_run_at.desc&limit=12&symbol=eq.XAU%2FUSD "HTTP/2 200 OK"
2026-08-10 03:02:08,940 | INFO | __main__ | Session plan not ready for XAU/USD: BUY alignment from macro; but authority WEAK — only 1 aligned source(s), needs 2 (or 1 with both an aligned sweep and zone support)
2026-08-10 03:02:09,205 | INFO | httpx | HTTP Request: POST https://trsmuzekxmpqtvxdkxwe.supabase.co/rest/v1/session_plans "HTTP/2 401 Unauthorized"
2026-08-10 03:02:09,221 | ERROR | DatabaseService | Failed to insert session plan snapshot in Supabase, falling back local: {'message': 'new row violates row-level security policy for table "session_plans"', 'code': '42501', 'hint': None, 'details': None}
2026-08-10 03:02:09,972 | INFO | httpx | HTTP Request: GET https://trsmuzekxmpqtvxdkxwe.supabase.co/rest/v1/session_plans?select=payload&id=eq.SESSION_PLAN_20260810_030208_940057_221fc110&limit=1 "HTTP/2 200 OK"
2026-08-10 03:02:10,253 | INFO | httpx | HTTP Request: PATCH https://trsmuzekxmpqtvxdkxwe.supabase.co/rest/v1/session_plans?id=eq.SESSION_PLAN_20260810_030208_940057_221fc110 "HTTP/2 200 OK"
2026-08-10 03:02:10,945 | INFO | httpx | HTTP Request: GET https://trsmuzekxmpqtvxdkxwe.supabase.co/rest/v1/trades_demo?select=%2A&order=created_at.desc&limit=100 "HTTP/2 200 OK"
2026-08-10 03:02:11,195 | INFO | httpx | HTTP Request: GET https://trsmuzekxmpqtvxdkxwe.supabase.co/rest/v1/trades_demo?select=%2A&order=created_at.desc&limit=20 "HTTP/2 200 OK"
2026-08-10 03:02:11,461 | INFO | httpx | HTTP Request: GET https://trsmuzekxmpqtvxdkxwe.supabase.co/rest/v1/trades_demo?select=%2A&or=%28and%28created_at.gte.2026-08-10T00%3A00%3A00Z%2Ccreated_at.lt.2026-08-11T00%3A00%3A00Z%29%2Cand%28closed_at.gte.2026-08-10T00%3A00%3A00Z%2Cclosed_at.lt.2026-08-11T00%3A00%3A00Z%29%29 "HTTP/2 200 OK"
2026-08-10 03:02:11,711 | INFO | httpx | HTTP Request: GET https://trsmuzekxmpqtvxdkxwe.supabase.co/rest/v1/trades_demo?select=%2A&order=created_at.desc&limit=20 "HTTP/2 200 OK"
2026-08-10 03:02:12,059 | WARNING | services.llm_review | Gemini market attempt 1/3 failed: HTTP 401 — retry in 3s
2026-08-10 03:02:15,077 | WARNING | services.llm_review | Gemini market attempt 2/3 failed: HTTP 401 — retry in 6s
2026-08-10 03:02:21,103 | INFO | __main__ | \U0001f9e0 Gemini market context: unavailable/skipped (HTTP 401)
2026-08-10 03:02:21,103 | INFO | __main__ | \U0001f9e0 Gemini signal review skipped: WAIT hourly status
2026-08-10 03:02:21,150 | WARNING | services.llm_review | Gemini news attempt 1/3 failed: HTTP 401 — retry in 3s
2026-08-10 03:02:24,169 | WARNING | services.llm_review | Gemini news attempt 2/3 failed: HTTP 401 — retry in 6s
2026-08-10 03:02:30,200 | INFO | __main__ | \U0001f9e0 Gemini news review: unavailable/skipped (HTTP 401)
2026-08-10 03:02:30,231 | WARNING | services.llm_review | Gemini macro attempt 1/3 failed: HTTP 401 — retry in 3s
2026-08-10 03:02:33,269 | WARNING | services.llm_review | Gemini macro attempt 2/3 failed: HTTP 401 — retry in 6s
2026-08-10 03:02:39,290 | INFO | __main__ | \U0001f9e0 Gemini macro: unavailable/skipped (HTTP 401)
2026-08-10 03:02:40,026 | INFO | httpx | HTTP Request: GET https://trsmuzekxmpqtvxdkxwe.supabase.co/rest/v1/session_plans?select=%2A&order=analysis_run_at.desc&limit=12&symbol=eq.XAU%2FUSD&plan_ready=eq.True "HTTP/2 200 OK"
2026-08-10 03:02:40,026 | INFO | __main__ | Session-plan ladder skipped: plan not ready (status=NOT_READY, reason=BUY alignment from macro; but authority WEAK — only 1 aligned source(s), needs 2 (or 1 with both an aligned sweep and zone support)) and no unexpired day map to fall back on
2026-08-10 03:02:40,792 | INFO | httpx | HTTP Request: GET https://trsmuzekxmpqtvxdkxwe.supabase.co/rest/v1/trades_demo?select=%2A&status=in.%28OPEN%2CPARTIAL%2CTP1_HIT%2CPENDING%29 "HTTP/2 200 OK"
2026-08-10 04:02:04,522 | INFO | DatabaseService | Database connected: Supabase
2026-08-10 04:02:05,132 | INFO | httpx | HTTP Request: GET https://trsmuzekxmpqtvxdkxwe.supabase.co/rest/v1/trades_demo?select=%2A&status=in.%28OPEN%2CPARTIAL%2CTP1_HIT%2CPENDING%29 "HTTP/2 200 OK"
2026-08-10 04:02:05,449 | INFO | __main__ | Market data integrity for XAU/USD: source=mt5 type=historical_ohlc grade=HIGH signal_generation=True pending_activation=True
2026-08-10 04:02:05,699 | INFO | httpx | HTTP Request: GET https://trsmuzekxmpqtvxdkxwe.supabase.co/rest/v1/macro_context?select=context&id=eq.latest&limit=1 "HTTP/2 200 OK"
2026-08-10 04:02:05,714 | INFO | __main__ | Running agent: macro_fundamental
2026-08-10 04:02:06,106 | INFO | services.news_feed_forexfactory | ForexFactory: loaded 27 USD events
2026-08-10 04:02:06,106 | INFO | __main__ | Running agent: technical
2026-08-10 04:02:06,106 | INFO | __main__ | Running agent: classical
2026-08-10 04:02:06,106 | INFO | __main__ | Running agent: smc
2026-08-10 04:02:06,106 | INFO | __main__ | Running agent: price_action
2026-08-10 04:02:06,106 | INFO | __main__ | Running agent: multitimeframe
2026-08-10 04:02:06,594 | INFO | __main__ | Running agent: daily_bias
2026-08-10 04:02:06,863 | INFO | httpx | HTTP Request: GET https://trsmuzekxmpqtvxdkxwe.supabase.co/rest/v1/setup_candidates?select=%2A&is_active=eq.True&symbol=eq.XAU%2FUSD "HTTP/2 200 OK"
2026-08-10 04:02:07,112 | INFO | httpx | HTTP Request: GET https://trsmuzekxmpqtvxdkxwe.supabase.co/rest/v1/trades_demo?select=%2A&order=created_at.desc&limit=20 "HTTP/2 200 OK"
2026-08-10 04:02:07,379 | INFO | httpx | HTTP Request: GET https://trsmuzekxmpqtvxdkxwe.supabase.co/rest/v1/session_plans?select=%2A&order=analysis_run_at.desc&limit=12&symbol=eq.XAU%2FUSD "HTTP/2 200 OK"
2026-08-10 04:02:07,379 | INFO | __main__ | Session plan not ready for XAU/USD: BUY alignment from macro; but authority WEAK — only 1 aligned source(s), needs 2 (or 1 with both an aligned sweep and zone support)
2026-08-10 04:02:07,645 | INFO | httpx | HTTP Request: POST https://trsmuzekxmpqtvxdkxwe.supabase.co/rest/v1/session_plans "HTTP/2 401 Unauthorized"
2026-08-10 04:02:07,645 | ERROR | DatabaseService | Failed to insert session plan snapshot in Supabase, falling back local: {'message': 'new row violates row-level security policy for table "session_plans"', 'code': '42501', 'hint': None, 'details': None}
2026-08-10 04:02:07,958 | INFO | httpx | HTTP Request: GET https://trsmuzekxmpqtvxdkxwe.supabase.co/rest/v1/session_plans?select=payload&id=eq.SESSION_PLAN_20260810_040207_379706_3c759363&limit=1 "HTTP/2 200 OK"
2026-08-10 04:02:08,239 | INFO | httpx | HTTP Request: PATCH https://trsmuzekxmpqtvxdkxwe.supabase.co/rest/v1/session_plans?id=eq.SESSION_PLAN_20260810_040207_379706_3c759363 "HTTP/2 200 OK"
2026-08-10 04:02:08,505 | INFO | httpx | HTTP Request: GET https://trsmuzekxmpqtvxdkxwe.supabase.co/rest/v1/trades_demo?select=%2A&order=created_at.desc&limit=100 "HTTP/2 200 OK"
2026-08-10 04:02:08,772 | INFO | httpx | HTTP Request: GET https://trsmuzekxmpqtvxdkxwe.supabase.co/rest/v1/trades_demo?select=%2A&order=created_at.desc&limit=20 "HTTP/2 200 OK"
2026-08-10 04:02:09,039 | INFO | httpx | HTTP Request: GET https://trsmuzekxmpqtvxdkxwe.supabase.co/rest/v1/trades_demo?select=%2A&or=%28and%28created_at.gte.2026-08-10T00%3A00%3A00Z%2Ccreated_at.lt.2026-08-11T00%3A00%3A00Z%29%2Cand%28closed_at.gte.2026-08-10T00%3A00%3A00Z%2Cclosed_at.lt.2026-08-11T00%3A00%3A00Z%29%29 "HTTP/2 200 OK"
2026-08-10 04:02:09,289 | INFO | httpx | HTTP Request: GET https://trsmuzekxmpqtvxdkxwe.supabase.co/rest/v1/trades_demo?select=%2A&order=created_at.desc&limit=20 "HTTP/2 200 OK"
2026-08-10 04:02:09,588 | WARNING | services.llm_review | Gemini market attempt 1/3 failed: HTTP 401 — retry in 3s
2026-08-10 04:02:12,605 | WARNING | services.llm_review | Gemini market attempt 2/3 failed: HTTP 401 — retry in 6s
2026-08-10 04:02:18,628 | INFO | __main__ | \U0001f9e0 Gemini market context: unavailable/skipped (HTTP 401)
2026-08-10 04:02:18,628 | INFO | __main__ | \U0001f9e0 Gemini signal review skipped: WAIT hourly status
2026-08-10 04:02:18,660 | WARNING | services.llm_review | Gemini news attempt 1/3 failed: HTTP 401 — retry in 3s
2026-08-10 04:02:21,686 | WARNING | services.llm_review | Gemini news attempt 2/3 failed: HTTP 401 — retry in 6s
2026-08-10 04:02:27,724 | INFO | __main__ | \U0001f9e0 Gemini news review: unavailable/skipped (HTTP 401)
2026-08-10 04:02:27,755 | WARNING | services.llm_review | Gemini macro attempt 1/3 failed: HTTP 401 — retry in 3s
2026-08-10 04:02:30,773 | WARNING | services.llm_review | Gemini macro attempt 2/3 failed: HTTP 401 — retry in 6s
2026-08-10 04:02:36,801 | INFO | __main__ | \U0001f9e0 Gemini macro: unavailable/skipped (HTTP 401)
2026-08-10 04:02:37,536 | INFO | httpx | HTTP Request: GET https://trsmuzekxmpqtvxdkxwe.supabase.co/rest/v1/session_plans?select=%2A&order=analysis_run_at.desc&limit=12&symbol=eq.XAU%2FUSD&plan_ready=eq.True "HTTP/2 200 OK"
2026-08-10 04:02:37,536 | INFO | __main__ | Session-plan ladder skipped: plan not ready (status=NOT_READY, reason=BUY alignment from macro; but authority WEAK — only 1 aligned source(s), needs 2 (or 1 with both an aligned sweep and zone support)) and no unexpired day map to fall back on
2026-08-10 04:02:38,302 | INFO | httpx | HTTP Request: GET https://trsmuzekxmpqtvxdkxwe.supabase.co/rest/v1/trades_demo?select=%2A&status=in.%28OPEN%2CPARTIAL%2CTP1_HIT%2CPENDING%29 "HTTP/2 200 OK"
2026-08-10 05:02:04,016 | INFO | DatabaseService | Database connected: Supabase
2026-08-10 05:02:04,564 | INFO | httpx | HTTP Request: GET https://trsmuzekxmpqtvxdkxwe.supabase.co/rest/v1/trades_demo?select=%2A&status=in.%28OPEN%2CPARTIAL%2CTP1_HIT%2CPENDING%29 "HTTP/2 200 OK"
2026-08-10 05:02:04,846 | INFO | __main__ | Market data integrity for XAU/USD: source=mt5 type=historical_ohlc grade=HIGH signal_generation=True pending_activation=True
2026-08-10 05:02:05,581 | INFO | httpx | HTTP Request: GET https://trsmuzekxmpqtvxdkxwe.supabase.co/rest/v1/macro_context?select=context&id=eq.latest&limit=1 "HTTP/2 200 OK"
2026-08-10 05:02:05,581 | INFO | __main__ | Running agent: macro_fundamental
2026-08-10 05:02:05,909 | INFO | services.news_feed_forexfactory | ForexFactory: loaded 27 USD events
2026-08-10 05:02:05,909 | INFO | __main__ | Running agent: technical
2026-08-10 05:02:05,909 | INFO | __main__ | Running agent: classical
2026-08-10 05:02:05,909 | INFO | __main__ | Running agent: smc
2026-08-10 05:02:05,909 | INFO | __main__ | Running agent: price_action
2026-08-10 05:02:05,909 | INFO | __main__ | Running agent: multitimeframe
2026-08-10 05:02:06,316 | INFO | __main__ | Running agent: daily_bias
2026-08-10 05:02:06,598 | INFO | httpx | HTTP Request: GET https://trsmuzekxmpqtvxdkxwe.supabase.co/rest/v1/setup_candidates?select=%2A&is_active=eq.True&symbol=eq.XAU%2FUSD "HTTP/2 200 OK"
2026-08-10 05:02:06,863 | INFO | httpx | HTTP Request: GET https://trsmuzekxmpqtvxdkxwe.supabase.co/rest/v1/trades_demo?select=%2A&order=created_at.desc&limit=20 "HTTP/2 200 OK"
2026-08-10 05:02:07,614 | INFO | httpx | HTTP Request: GET https://trsmuzekxmpqtvxdkxwe.supabase.co/rest/v1/session_plans?select=%2A&order=analysis_run_at.desc&limit=12&symbol=eq.XAU%2FUSD "HTTP/2 200 OK"
2026-08-10 05:02:07,629 | INFO | __main__ | Session plan not ready for XAU/USD: BUY alignment from macro; but authority WEAK — only 1 aligned source(s), needs 2 (or 1 with both an aligned sweep and zone support)
2026-08-10 05:02:08,348 | INFO | httpx | HTTP Request: POST https://trsmuzekxmpqtvxdkxwe.supabase.co/rest/v1/session_plans "HTTP/2 401 Unauthorized"
2026-08-10 05:02:08,348 | ERROR | DatabaseService | Failed to insert session plan snapshot in Supabase, falling back local: {'message': 'new row violates row-level security policy for table "session_plans"', 'code': '42501', 'hint': None, 'details': None}
2026-08-10 05:02:08,677 | INFO | httpx | HTTP Request: GET https://trsmuzekxmpqtvxdkxwe.supabase.co/rest/v1/session_plans?select=payload&id=eq.SESSION_PLAN_20260810_050207_629447_e4b7a30d&limit=1 "HTTP/2 200 OK"
2026-08-10 05:02:08,942 | INFO | httpx | HTTP Request: PATCH https://trsmuzekxmpqtvxdkxwe.supabase.co/rest/v1/session_plans?id=eq.SESSION_PLAN_20260810_050207_629447_e4b7a30d "HTTP/2 200 OK"
2026-08-10 05:02:09,662 | INFO | httpx | HTTP Request: GET https://trsmuzekxmpqtvxdkxwe.supabase.co/rest/v1/trades_demo?select=%2A&order=created_at.desc&limit=100 "HTTP/2 200 OK"
2026-08-10 05:02:09,943 | INFO | httpx | HTTP Request: GET https://trsmuzekxmpqtvxdkxwe.supabase.co/rest/v1/trades_demo?select=%2A&order=created_at.desc&limit=20 "HTTP/2 200 OK"
2026-08-10 05:02:10,240 | INFO | httpx | HTTP Request: GET https://trsmuzekxmpqtvxdkxwe.supabase.co/rest/v1/trades_demo?select=%2A&or=%28and%28created_at.gte.2026-08-10T00%3A00%3A00Z%2Ccreated_at.lt.2026-08-11T00%3A00%3A00Z%29%2Cand%28closed_at.gte.2026-08-10T00%3A00%3A00Z%2Cclosed_at.lt.2026-08-11T00%3A00%3A00Z%29%29 "HTTP/2 200 OK"
2026-08-10 05:02:10,524 | INFO | httpx | HTTP Request: GET https://trsmuzekxmpqtvxdkxwe.supabase.co/rest/v1/trades_demo?select=%2A&order=created_at.desc&limit=20 "HTTP/2 200 OK"
2026-08-10 05:02:10,820 | WARNING | services.llm_review | Gemini market attempt 1/3 failed: HTTP 401 — retry in 3s
2026-08-10 05:02:13,855 | WARNING | services.llm_review | Gemini market attempt 2/3 failed: HTTP 401 — retry in 6s
2026-08-10 05:02:19,877 | INFO | __main__ | \U0001f9e0 Gemini market context: unavailable/skipped (HTTP 401)
2026-08-10 05:02:19,877 | INFO | __main__ | \U0001f9e0 Gemini signal review skipped: WAIT hourly status
2026-08-10 05:02:19,909 | WARNING | services.llm_review | Gemini news attempt 1/3 failed: HTTP 401 — retry in 3s
2026-08-10 05:02:22,939 | WARNING | services.llm_review | Gemini news attempt 2/3 failed: HTTP 401 — retry in 6s
2026-08-10 05:02:28,990 | INFO | __main__ | \U0001f9e0 Gemini news review: unavailable/skipped (HTTP 401)
2026-08-10 05:02:29,037 | WARNING | services.llm_review | Gemini macro attempt 1/3 failed: HTTP 401 — retry in 3s
2026-08-10 05:02:32,056 | WARNING | services.llm_review | Gemini macro attempt 2/3 failed: HTTP 401 — retry in 6s
2026-08-10 05:02:38,113 | INFO | __main__ | \U0001f9e0 Gemini macro: unavailable/skipped (HTTP 401)
2026-08-10 05:02:38,473 | INFO | httpx | HTTP Request: GET https://trsmuzekxmpqtvxdkxwe.supabase.co/rest/v1/session_plans?select=%2A&order=analysis_run_at.desc&limit=12&symbol=eq.XAU%2FUSD&plan_ready=eq.True "HTTP/2 200 OK"
2026-08-10 05:02:38,473 | INFO | __main__ | Session-plan ladder skipped: plan not ready (status=NOT_READY, reason=BUY alignment from macro; but authority WEAK — only 1 aligned source(s), needs 2 (or 1 with both an aligned sweep and zone support)) and no unexpired day map to fall back on
2026-08-10 05:02:38,723 | INFO | httpx | HTTP Request: GET https://trsmuzekxmpqtvxdkxwe.supabase.co/rest/v1/trades_demo?select=%2A&status=in.%28OPEN%2CPARTIAL%2CTP1_HIT%2CPENDING%29 "HTTP/2 200 OK"
2026-08-10 06:02:05,563 | INFO | DatabaseService | Database connected: Supabase
2026-08-10 06:02:06,648 | INFO | httpx | HTTP Request: GET https://trsmuzekxmpqtvxdkxwe.supabase.co/rest/v1/trades_demo?select=%2A&status=in.%28OPEN%2CPARTIAL%2CTP1_HIT%2CPENDING%29 "HTTP/2 200 OK"
2026-08-10 06:02:06,979 | INFO | __main__ | Market data integrity for XAU/USD: source=mt5 type=historical_ohlc grade=HIGH signal_generation=True pending_activation=True
2026-08-10 06:02:07,702 | INFO | httpx | HTTP Request: GET https://trsmuzekxmpqtvxdkxwe.supabase.co/rest/v1/macro_context?select=context&id=eq.latest&limit=1 "HTTP/2 200 OK"
2026-08-10 06:02:07,705 | INFO | __main__ | Running agent: macro_fundamental
2026-08-10 06:02:08,306 | INFO | services.news_feed_forexfactory | ForexFactory: loaded 27 USD events
2026-08-10 06:02:08,311 | INFO | __main__ | Running agent: technical
2026-08-10 06:02:08,311 | INFO | __main__ | Running agent: classical
2026-08-10 06:02:08,311 | INFO | __main__ | Running agent: smc
2026-08-10 06:02:08,311 | INFO | __main__ | Running agent: price_action
2026-08-10 06:02:08,311 | INFO | __main__ | Running agent: multitimeframe
2026-08-10 06:02:08,852 | INFO | __main__ | Running agent: daily_bias
2026-08-10 06:02:09,102 | INFO | httpx | HTTP Request: GET https://trsmuzekxmpqtvxdkxwe.supabase.co/rest/v1/setup_candidates?select=%2A&is_active=eq.True&symbol=eq.XAU%2FUSD "HTTP/2 200 OK"
2026-08-10 06:02:09,350 | INFO | httpx | HTTP Request: GET https://trsmuzekxmpqtvxdkxwe.supabase.co/rest/v1/trades_demo?select=%2A&order=created_at.desc&limit=20 "HTTP/2 200 OK"
2026-08-10 06:02:09,600 | INFO | httpx | HTTP Request: GET https://trsmuzekxmpqtvxdkxwe.supabase.co/rest/v1/session_plans?select=%2A&order=analysis_run_at.desc&limit=12&symbol=eq.XAU%2FUSD "HTTP/2 200 OK"
2026-08-10 06:02:09,604 | INFO | __main__ | Session plan not ready for XAU/USD: BUY alignment from macro; but authority WEAK — only 1 aligned source(s), needs 2 (or 1 with both an aligned sweep and zone support)
2026-08-10 06:02:09,868 | INFO | httpx | HTTP Request: POST https://trsmuzekxmpqtvxdkxwe.supabase.co/rest/v1/session_plans "HTTP/2 401 Unauthorized"
2026-08-10 06:02:09,870 | ERROR | DatabaseService | Failed to insert session plan snapshot in Supabase, falling back local: {'message': 'new row violates row-level security policy for table "session_plans"', 'code': '42501', 'hint': None, 'details': None}
2026-08-10 06:02:10,646 | INFO | httpx | HTTP Request: GET https://trsmuzekxmpqtvxdkxwe.supabase.co/rest/v1/session_plans?select=payload&id=eq.SESSION_PLAN_20260810_060209_604166_9fd6a48f&limit=1 "HTTP/2 200 OK"
2026-08-10 06:02:10,899 | INFO | httpx | HTTP Request: PATCH https://trsmuzekxmpqtvxdkxwe.supabase.co/rest/v1/session_plans?id=eq.SESSION_PLAN_20260810_060209_604166_9fd6a48f "HTTP/2 200 OK"
2026-08-10 06:02:11,147 | INFO | httpx | HTTP Request: GET https://trsmuzekxmpqtvxdkxwe.supabase.co/rest/v1/trades_demo?select=%2A&order=created_at.desc&limit=100 "HTTP/2 200 OK"
2026-08-10 06:02:11,385 | INFO | httpx | HTTP Request: GET https://trsmuzekxmpqtvxdkxwe.supabase.co/rest/v1/trades_demo?select=%2A&order=created_at.desc&limit=20 "HTTP/2 200 OK"
2026-08-10 06:02:11,657 | INFO | httpx | HTTP Request: GET https://trsmuzekxmpqtvxdkxwe.supabase.co/rest/v1/trades_demo?select=%2A&or=%28and%28created_at.gte.2026-08-10T00%3A00%3A00Z%2Ccreated_at.lt.2026-08-11T00%3A00%3A00Z%29%2Cand%28closed_at.gte.2026-08-10T00%3A00%3A00Z%2Cclosed_at.lt.2026-08-11T00%3A00%3A00Z%29%29 "HTTP/2 200 OK"
2026-08-10 06:02:11,907 | INFO | httpx | HTTP Request: GET https://trsmuzekxmpqtvxdkxwe.supabase.co/rest/v1/trades_demo?select=%2A&order=created_at.desc&limit=20 "HTTP/2 200 OK"
2026-08-10 06:02:12,282 | WARNING | services.llm_review | Gemini market attempt 1/3 failed: HTTP 401 — retry in 3s
2026-08-10 06:02:15,311 | WARNING | services.llm_review | Gemini market attempt 2/3 failed: HTTP 401 — retry in 6s
2026-08-10 06:02:21,343 | INFO | __main__ | \U0001f9e0 Gemini market context: unavailable/skipped (HTTP 401)
2026-08-10 06:02:21,343 | INFO | __main__ | \U0001f9e0 Gemini signal review skipped: WAIT hourly status
2026-08-10 06:02:21,359 | WARNING | services.llm_review | Gemini news attempt 1/3 failed: HTTP 401 — retry in 3s
2026-08-10 06:02:24,391 | WARNING | services.llm_review | Gemini news attempt 2/3 failed: HTTP 401 — retry in 6s
2026-08-10 06:02:30,409 | INFO | __main__ | \U0001f9e0 Gemini news review: unavailable/skipped (HTTP 401)
2026-08-10 06:02:30,456 | WARNING | services.llm_review | Gemini macro attempt 1/3 failed: HTTP 401 — retry in 3s
2026-08-10 06:02:33,492 | WARNING | services.llm_review | Gemini macro attempt 2/3 failed: HTTP 401 — retry in 6s
2026-08-10 06:02:39,512 | INFO | __main__ | \U0001f9e0 Gemini macro: unavailable/skipped (HTTP 401)
2026-08-10 06:02:40,309 | INFO | httpx | HTTP Request: GET https://trsmuzekxmpqtvxdkxwe.supabase.co/rest/v1/session_plans?select=%2A&order=analysis_run_at.desc&limit=12&symbol=eq.XAU%2FUSD&plan_ready=eq.True "HTTP/2 200 OK"
2026-08-10 06:02:40,309 | INFO | __main__ | Session-plan ladder skipped: plan not ready (status=NOT_READY, reason=BUY alignment from macro; but authority WEAK — only 1 aligned source(s), needs 2 (or 1 with both an aligned sweep and zone support)) and no unexpired day map to fall back on
2026-08-10 06:02:40,606 | INFO | httpx | HTTP Request: GET https://trsmuzekxmpqtvxdkxwe.supabase.co/rest/v1/trades_demo?select=%2A&status=in.%28OPEN%2CPARTIAL%2CTP1_HIT%2CPENDING%29 "HTTP/2 200 OK"
2026-08-10 07:02:04,924 | INFO | DatabaseService | Database connected: Supabase
2026-08-10 07:02:05,980 | INFO | httpx | HTTP Request: GET https://trsmuzekxmpqtvxdkxwe.supabase.co/rest/v1/trades_demo?select=%2A&status=in.%28OPEN%2CPARTIAL%2CTP1_HIT%2CPENDING%29 "HTTP/2 200 OK"
2026-08-10 07:02:06,335 | INFO | __main__ | Market data integrity for XAU/USD: source=mt5 type=historical_ohlc grade=HIGH signal_generation=True pending_activation=True
2026-08-10 07:02:06,616 | INFO | httpx | HTTP Request: GET https://trsmuzekxmpqtvxdkxwe.supabase.co/rest/v1/macro_context?select=context&id=eq.latest&limit=1 "HTTP/2 200 OK"
2026-08-10 07:02:06,648 | INFO | __main__ | Running agent: macro_fundamental
2026-08-10 07:02:06,937 | INFO | services.news_feed_forexfactory | ForexFactory: loaded 27 USD events
2026-08-10 07:02:06,937 | INFO | __main__ | Running agent: technical
2026-08-10 07:02:07,000 | INFO | __main__ | Running agent: classical
2026-08-10 07:02:07,031 | INFO | __main__ | Running agent: smc
2026-08-10 07:02:07,031 | INFO | __main__ | Running agent: price_action
2026-08-10 07:02:07,031 | INFO | __main__ | Running agent: multitimeframe
2026-08-10 07:02:07,093 | INFO | __main__ | Running agent: daily_bias
2026-08-10 07:02:07,937 | INFO | httpx | HTTP Request: GET https://trsmuzekxmpqtvxdkxwe.supabase.co/rest/v1/setup_candidates?select=%2A&is_active=eq.True&symbol=eq.XAU%2FUSD "HTTP/2 200 OK"
2026-08-10 07:02:08,729 | INFO | httpx | HTTP Request: POST https://trsmuzekxmpqtvxdkxwe.supabase.co/rest/v1/setup_candidates "HTTP/2 200 OK"
2026-08-10 07:02:09,011 | INFO | httpx | HTTP Request: POST https://trsmuzekxmpqtvxdkxwe.supabase.co/rest/v1/setup_candidates "HTTP/2 200 OK"
2026-08-10 07:02:09,281 | INFO | httpx | HTTP Request: POST https://trsmuzekxmpqtvxdkxwe.supabase.co/rest/v1/setup_candidates "HTTP/2 200 OK"
2026-08-10 07:02:10,017 | INFO | httpx | HTTP Request: POST https://trsmuzekxmpqtvxdkxwe.supabase.co/rest/v1/setup_candidates "HTTP/2 200 OK"
2026-08-10 07:02:10,273 | INFO | httpx | HTTP Request: POST https://trsmuzekxmpqtvxdkxwe.supabase.co/rest/v1/setup_candidates "HTTP/2 200 OK"
2026-08-10 07:02:11,045 | INFO | httpx | HTTP Request: POST https://trsmuzekxmpqtvxdkxwe.supabase.co/rest/v1/setup_candidates "HTTP/2 200 OK"
2026-08-10 07:02:11,330 | INFO | httpx | HTTP Request: POST https://trsmuzekxmpqtvxdkxwe.supabase.co/rest/v1/setup_candidates "HTTP/2 200 OK"
2026-08-10 07:02:11,623 | INFO | httpx | HTTP Request: POST https://trsmuzekxmpqtvxdkxwe.supabase.co/rest/v1/setup_candidates "HTTP/2 200 OK"
2026-08-10 07:02:12,410 | INFO | httpx | HTTP Request: POST https://trsmuzekxmpqtvxdkxwe.supabase.co/rest/v1/setup_candidates "HTTP/2 200 OK"
2026-08-10 07:02:13,240 | INFO | httpx | HTTP Request: GET https://trsmuzekxmpqtvxdkxwe.supabase.co/rest/v1/trades_demo?select=%2A&order=created_at.desc&limit=20 "HTTP/2 200 OK"
2026-08-10 07:02:13,774 | INFO | httpx | HTTP Request: GET https://trsmuzekxmpqtvxdkxwe.supabase.co/rest/v1/session_plans?select=%2A&order=analysis_run_at.desc&limit=12&symbol=eq.XAU%2FUSD "HTTP/2 200 OK"
2026-08-10 07:02:13,791 | INFO | __main__ | Session plan not ready for XAU/USD: primary thesis too weak for planning (dominance 43.6, return probability 54.7)
2026-08-10 07:02:14,079 | INFO | httpx | HTTP Request: POST https://trsmuzekxmpqtvxdkxwe.supabase.co/rest/v1/session_plans "HTTP/2 201 Created"
2026-08-10 07:02:14,359 | INFO | httpx | HTTP Request: GET https://trsmuzekxmpqtvxdkxwe.supabase.co/rest/v1/session_plans?select=payload&id=eq.SESSION_PLAN_20260810_070213_791704_e0912576&limit=1 "HTTP/2 200 OK"
2026-08-10 07:02:14,641 | INFO | httpx | HTTP Request: PATCH https://trsmuzekxmpqtvxdkxwe.supabase.co/rest/v1/session_plans?id=eq.SESSION_PLAN_20260810_070213_791704_e0912576 "HTTP/2 200 OK"
2026-08-10 07:02:14,922 | INFO | httpx | HTTP Request: GET https://trsmuzekxmpqtvxdkxwe.supabase.co/rest/v1/trades_demo?select=%2A&order=created_at.desc&limit=100 "HTTP/2 200 OK"
2026-08-10 07:02:15,190 | INFO | httpx | HTTP Request: GET https://trsmuzekxmpqtvxdkxwe.supabase.co/rest/v1/trades_demo?select=%2A&order=created_at.desc&limit=20 "HTTP/2 200 OK"
2026-08-10 07:02:15,485 | INFO | httpx | HTTP Request: GET https://trsmuzekxmpqtvxdkxwe.supabase.co/rest/v1/trades_demo?select=%2A&or=%28and%28created_at.gte.2026-08-10T00%3A00%3A00Z%2Ccreated_at.lt.2026-08-11T00%3A00%3A00Z%29%2Cand%28closed_at.gte.2026-08-10T00%3A00%3A00Z%2Cclosed_at.lt.2026-08-11T00%3A00%3A00Z%29%29 "HTTP/2 200 OK"
2026-08-10 07:02:15,772 | INFO | httpx | HTTP Request: GET https://trsmuzekxmpqtvxdkxwe.supabase.co/rest/v1/trades_demo?select=%2A&order=created_at.desc&limit=20 "HTTP/2 200 OK"
2026-08-10 07:02:16,094 | WARNING | services.llm_review | Gemini market attempt 1/3 failed: HTTP 401 — retry in 3s
2026-08-10 07:02:19,125 | WARNING | services.llm_review | Gemini market attempt 2/3 failed: HTTP 401 — retry in 6s
2026-08-10 07:02:25,165 | INFO | __main__ | \U0001f9e0 Gemini market context: unavailable/skipped (HTTP 401)
2026-08-10 07:02:25,165 | INFO | __main__ | \U0001f9e0 Gemini signal review skipped: WAIT hourly status
2026-08-10 07:02:25,222 | WARNING | services.llm_review | Gemini news attempt 1/3 failed: HTTP 401 — retry in 3s
2026-08-10 07:02:28,250 | WARNING | services.llm_review | Gemini news attempt 2/3 failed: HTTP 401 — retry in 6s
2026-08-10 07:02:34,264 | INFO | __main__ | \U0001f9e0 Gemini news review: unavailable/skipped (HTTP 401)
2026-08-10 07:02:34,312 | WARNING | services.llm_review | Gemini macro attempt 1/3 failed: HTTP 401 — retry in 3s
2026-08-10 07:02:37,377 | WARNING | services.llm_review | Gemini macro attempt 2/3 failed: HTTP 401 — retry in 6s
2026-08-10 07:02:43,388 | INFO | __main__ | \U0001f9e0 Gemini macro: unavailable/skipped (HTTP 401)
2026-08-10 07:02:44,392 | INFO | httpx | HTTP Request: GET https://trsmuzekxmpqtvxdkxwe.supabase.co/rest/v1/session_plans?select=%2A&order=analysis_run_at.desc&limit=12&symbol=eq.XAU%2FUSD&plan_ready=eq.True "HTTP/2 200 OK"
2026-08-10 07:02:44,656 | INFO | __main__ | Reusing unexpired BUY day map for XAU/USD (built 2 min ago, expires 2026-08-10T15:01:04+00:00); this cycle could not rebuild one
2026-08-10 07:02:44,656 | INFO | __main__ | Revived day map expiry renewed: 2026-08-10T15:01:04+00:00 -> 2026-08-10T15:02:43+00:00 (orders judged by their own age, not the source map's)
2026-08-10 07:02:44,656 | INFO | __main__ | Session-plan ladder blocked by execution readiness: execution context is mixed: 3 support vs 1 opposition
2026-08-10 07:02:44,914 | INFO | httpx | HTTP Request: GET https://trsmuzekxmpqtvxdkxwe.supabase.co/rest/v1/trades_demo?select=%2A&status=in.%28OPEN%2CPARTIAL%2CTP1_HIT%2CPENDING%29 "HTTP/2 200 OK"
2026-08-10 08:02:04,940 | INFO | DatabaseService | Database connected: Supabase
2026-08-10 08:02:05,811 | INFO | httpx | HTTP Request: GET https://trsmuzekxmpqtvxdkxwe.supabase.co/rest/v1/trades_demo?select=%2A&status=in.%28OPEN%2CPARTIAL%2CTP1_HIT%2CPENDING%29 "HTTP/2 200 OK"
2026-08-10 08:02:06,147 | INFO | __main__ | Market data integrity for XAU/USD: source=mt5 type=historical_ohlc grade=HIGH signal_generation=True pending_activation=True
2026-08-10 08:02:06,413 | INFO | httpx | HTTP Request: GET https://trsmuzekxmpqtvxdkxwe.supabase.co/rest/v1/macro_context?select=context&id=eq.latest&limit=1 "HTTP/2 200 OK"
2026-08-10 08:02:06,444 | INFO | __main__ | Running agent: macro_fundamental
2026-08-10 08:02:06,840 | INFO | services.news_feed_forexfactory | ForexFactory: loaded 27 USD events
2026-08-10 08:02:06,843 | INFO | __main__ | Running agent: technical
2026-08-10 08:02:06,900 | INFO | __main__ | Running agent: classical
2026-08-10 08:02:06,928 | INFO | __main__ | Running agent: smc
2026-08-10 08:02:06,934 | INFO | __main__ | Running agent: price_action
2026-08-10 08:02:06,935 | INFO | __main__ | Running agent: multitimeframe
2026-08-10 08:02:06,991 | INFO | __main__ | Running agent: daily_bias
2026-08-10 08:02:07,245 | INFO | httpx | HTTP Request: GET https://trsmuzekxmpqtvxdkxwe.supabase.co/rest/v1/setup_candidates?select=%2A&is_active=eq.True&symbol=eq.XAU%2FUSD "HTTP/2 200 OK"
2026-08-10 08:02:07,513 | INFO | httpx | HTTP Request: POST https://trsmuzekxmpqtvxdkxwe.supabase.co/rest/v1/setup_candidates "HTTP/2 200 OK"
2026-08-10 08:02:07,781 | INFO | httpx | HTTP Request: POST https://trsmuzekxmpqtvxdkxwe.supabase.co/rest/v1/setup_state_events "HTTP/2 201 Created"
2026-08-10 08:02:08,038 | INFO | httpx | HTTP Request: POST https://trsmuzekxmpqtvxdkxwe.supabase.co/rest/v1/setup_candidates "HTTP/2 200 OK"
2026-08-10 08:02:08,313 | INFO | httpx | HTTP Request: POST https://trsmuzekxmpqtvxdkxwe.supabase.co/rest/v1/setup_state_events "HTTP/2 201 Created"
2026-08-10 08:02:08,577 | INFO | httpx | HTTP Request: POST https://trsmuzekxmpqtvxdkxwe.supabase.co/rest/v1/setup_candidates "HTTP/2 200 OK"
2026-08-10 08:02:08,839 | INFO | httpx | HTTP Request: POST https://trsmuzekxmpqtvxdkxwe.supabase.co/rest/v1/setup_state_events "HTTP/2 201 Created"
2026-08-10 08:02:09,100 | INFO | httpx | HTTP Request: POST https://trsmuzekxmpqtvxdkxwe.supabase.co/rest/v1/setup_candidates "HTTP/2 200 OK"
2026-08-10 08:02:09,359 | INFO | httpx | HTTP Request: POST https://trsmuzekxmpqtvxdkxwe.supabase.co/rest/v1/setup_candidates "HTTP/2 200 OK"
2026-08-10 08:02:09,662 | INFO | httpx | HTTP Request: POST https://trsmuzekxmpqtvxdkxwe.supabase.co/rest/v1/setup_state_events "HTTP/2 201 Created"
2026-08-10 08:02:10,365 | INFO | httpx | HTTP Request: GET https://trsmuzekxmpqtvxdkxwe.supabase.co/rest/v1/trades_demo?select=%2A&order=created_at.desc&limit=20 "HTTP/2 200 OK"
2026-08-10 08:02:10,644 | INFO | httpx | HTTP Request: GET https://trsmuzekxmpqtvxdkxwe.supabase.co/rest/v1/session_plans?select=%2A&order=analysis_run_at.desc&limit=12&symbol=eq.XAU%2FUSD "HTTP/2 200 OK"
2026-08-10 08:02:10,652 | INFO | __main__ | Session plan not ready for XAU/USD: primary quality 58.0 below planner floor 70.0
2026-08-10 08:02:10,911 | INFO | httpx | HTTP Request: POST https://trsmuzekxmpqtvxdkxwe.supabase.co/rest/v1/session_plans "HTTP/2 201 Created"
2026-08-10 08:02:11,165 | INFO | httpx | HTTP Request: GET https://trsmuzekxmpqtvxdkxwe.supabase.co/rest/v1/session_plans?select=payload&id=eq.SESSION_PLAN_20260810_080210_653870_3659612e&limit=1 "HTTP/2 200 OK"
2026-08-10 08:02:11,421 | INFO | httpx | HTTP Request: PATCH https://trsmuzekxmpqtvxdkxwe.supabase.co/rest/v1/session_plans?id=eq.SESSION_PLAN_20260810_080210_653870_3659612e "HTTP/2 200 OK"
2026-08-10 08:02:11,694 | INFO | httpx | HTTP Request: GET https://trsmuzekxmpqtvxdkxwe.supabase.co/rest/v1/trades_demo?select=%2A&order=created_at.desc&limit=100 "HTTP/2 200 OK"
2026-08-10 08:02:12,444 | INFO | httpx | HTTP Request: GET https://trsmuzekxmpqtvxdkxwe.supabase.co/rest/v1/trades_demo?select=%2A&order=created_at.desc&limit=20 "HTTP/2 200 OK"
2026-08-10 08:02:12,717 | INFO | httpx | HTTP Request: GET https://trsmuzekxmpqtvxdkxwe.supabase.co/rest/v1/trades_demo?select=%2A&or=%28and%28created_at.gte.2026-08-10T00%3A00%3A00Z%2Ccreated_at.lt.2026-08-11T00%3A00%3A00Z%29%2Cand%28closed_at.gte.2026-08-10T00%3A00%3A00Z%2Cclosed_at.lt.2026-08-11T00%3A00%3A00Z%29%29 "HTTP/2 200 OK"
2026-08-10 08:02:12,993 | INFO | httpx | HTTP Request: GET https://trsmuzekxmpqtvxdkxwe.supabase.co/rest/v1/trades_demo?select=%2A&order=created_at.desc&limit=20 "HTTP/2 200 OK"
2026-08-10 08:02:13,370 | WARNING | services.llm_review | Gemini market attempt 1/3 failed: HTTP 401 — retry in 3s
2026-08-10 08:02:16,398 | WARNING | services.llm_review | Gemini market attempt 2/3 failed: HTTP 401 — retry in 6s
2026-08-10 08:02:22,434 | INFO | __main__ | \U0001f9e0 Gemini market context: unavailable/skipped (HTTP 401)
2026-08-10 08:02:22,434 | INFO | __main__ | \U0001f9e0 Gemini signal review skipped: WAIT hourly status
2026-08-10 08:02:22,470 | WARNING | services.llm_review | Gemini news attempt 1/3 failed: HTTP 401 — retry in 3s
2026-08-10 08:02:25,496 | WARNING | services.llm_review | Gemini news attempt 2/3 failed: HTTP 401 — retry in 6s
2026-08-10 08:02:31,521 | INFO | __main__ | \U0001f9e0 Gemini news review: unavailable/skipped (HTTP 401)
2026-08-10 08:02:31,562 | WARNING | services.llm_review | Gemini macro attempt 1/3 failed: HTTP 401 — retry in 3s
2026-08-10 08:02:34,586 | WARNING | services.llm_review | Gemini macro attempt 2/3 failed: HTTP 401 — retry in 6s
2026-08-10 08:02:40,609 | INFO | __main__ | \U0001f9e0 Gemini macro: unavailable/skipped (HTTP 401)
2026-08-10 08:02:41,628 | INFO | httpx | HTTP Request: GET https://trsmuzekxmpqtvxdkxwe.supabase.co/rest/v1/session_plans?select=%2A&order=analysis_run_at.desc&limit=12&symbol=eq.XAU%2FUSD&plan_ready=eq.True "HTTP/2 200 OK"
2026-08-10 08:02:41,902 | INFO | __main__ | Reusing unexpired BUY day map for XAU/USD (built 52 min ago, expires 2026-08-10T15:10:54+00:00); this cycle could not rebuild one
2026-08-10 08:02:41,903 | INFO | __main__ | Revived day map expiry renewed: 2026-08-10T15:10:54+00:00 -> 2026-08-10T16:02:40+00:00 (orders judged by their own age, not the source map's)
2026-08-10 08:02:41,905 | INFO | __main__ | Session-plan ladder blocked by execution readiness: map is valid but still waiting for stronger execution confirmation
2026-08-10 08:02:42,166 | INFO | httpx | HTTP Request: GET https://trsmuzekxmpqtvxdkxwe.supabase.co/rest/v1/trades_demo?select=%2A&status=in.%28OPEN%2CPARTIAL%2CTP1_HIT%2CPENDING%29 "HTTP/2 200 OK"
2026-08-10 09:02:05,710 | WARNING | DatabaseService | Supabase credentials missing, using local fallback JSON
2026-08-10 09:02:06,711 | INFO | __main__ | Market data integrity for XAU/USD: source=mt5 type=historical_ohlc grade=HIGH signal_generation=True pending_activation=True
2026-08-10 09:02:07,229 | INFO | services.news_feed_forexfactory | ForexFactory: loaded 27 USD events
2026-08-10 09:02:07,237 | INFO | __main__ | Running agent: technical
2026-08-10 09:02:07,313 | INFO | __main__ | Running agent: classical
2026-08-10 09:02:07,346 | INFO | __main__ | Running agent: smc
2026-08-10 09:02:07,355 | INFO | __main__ | Running agent: price_action
2026-08-10 09:02:07,357 | INFO | __main__ | Running agent: multitimeframe
2026-08-10 09:02:07,414 | INFO | __main__ | Exit agent book for XAU/USD: {'technical': 'WAIT 32.7', 'classical': 'WAIT 32', 'smc': 'WAIT 34', 'price_action': 'WAIT 33', 'multitimeframe': 'BUY 86', 'macro_fundamental': 'WAIT 0'}
2026-08-10 09:02:11,332 | INFO | __main__ | Running agent: macro_fundamental
2026-08-10 09:02:11,337 | INFO | __main__ | Running agent: technical
2026-08-10 09:02:11,395 | INFO | __main__ | Running agent: classical
2026-08-10 09:02:11,426 | INFO | __main__ | Running agent: smc
2026-08-10 09:02:11,433 | INFO | __main__ | Running agent: price_action
2026-08-10 09:02:11,434 | INFO | __main__ | Running agent: multitimeframe
2026-08-10 09:02:11,496 | INFO | __main__ | Running agent: daily_bias
2026-08-10 09:02:16,596 | INFO | __main__ | Session plan not ready for XAU/USD: primary quality 60.0 below planner floor 70.0
2026-08-10 09:02:19,053 | WARNING | services.llm_review | Gemini market attempt 1/3 failed: HTTP 401 — retry in 3s
2026-08-10 09:02:22,100 | WARNING | services.llm_review | Gemini market attempt 2/3 failed: HTTP 401 — retry in 6s
2026-08-10 09:02:28,132 | INFO | __main__ | \U0001f9e0 Gemini market context: unavailable/skipped (HTTP 401)
2026-08-10 09:02:28,133 | INFO | __main__ | \U0001f9e0 Gemini signal review skipped: WAIT hourly status
2026-08-10 09:02:28,175 | WARNING | services.llm_review | Gemini news attempt 1/3 failed: HTTP 401 — retry in 3s
2026-08-10 09:02:31,205 | WARNING | services.llm_review | Gemini news attempt 2/3 failed: HTTP 401 — retry in 6s
2026-08-10 09:02:37,226 | INFO | __main__ | \U0001f9e0 Gemini news review: unavailable/skipped (HTTP 401)
2026-08-10 09:02:37,261 | WARNING | services.llm_review | Gemini macro attempt 1/3 failed: HTTP 401 — retry in 3s
2026-08-10 09:02:40,292 | WARNING | services.llm_review | Gemini macro attempt 2/3 failed: HTTP 401 — retry in 6s
2026-08-10 09:02:46,327 | INFO | __main__ | \U0001f9e0 Gemini macro: unavailable/skipped (HTTP 401)
2026-08-10 09:02:46,527 | INFO | __main__ | Revived BUY day map for XAU/USD rejected on re-authorisation: planner execution requires 3 qualified agents or 2 agents + macro/gemini; got 1
2026-08-10 09:02:46,527 | INFO | __main__ | Revived BUY day map for XAU/USD rejected on re-authorisation: planner execution requires 3 qualified agents or 2 agents + macro/gemini; got 1
2026-08-10 09:02:46,527 | INFO | __main__ | Revived BUY day map for XAU/USD rejected on re-authorisation: planner execution requires 3 qualified agents or 2 agents + macro/gemini; got 1
2026-08-10 09:02:46,527 | INFO | __main__ | Revived BUY day map for XAU/USD rejected on re-authorisation: planner execution requires 3 qualified agents or 2 agents + macro/gemini; got 1
2026-08-10 09:02:46,527 | INFO | __main__ | Revived BUY day map for XAU/USD rejected on re-authorisation: planner execution requires 3 qualified agents or 2 agents + macro/gemini; got 1
2026-08-10 09:02:46,528 | INFO | __main__ | Revived BUY day map for XAU/USD rejected on re-authorisation: planner execution requires 3 qualified agents or 2 agents + macro/gemini; got 1
2026-08-10 09:02:46,528 | INFO | __main__ | Revived BUY day map for XAU/USD rejected on re-authorisation: planner execution requires 3 qualified agents or 2 agents + macro/gemini; got 1
2026-08-10 09:02:46,528 | INFO | __main__ | Revived BUY day map for XAU/USD rejected on re-authorisation: planner execution requires 3 qualified agents or 2 agents + macro/gemini; got 1
2026-08-10 09:02:46,528 | INFO | __main__ | Revived BUY day map for XAU/USD rejected on re-authorisation: planner execution requires 3 qualified agents or 2 agents + macro/gemini; got 1
2026-08-10 09:02:46,528 | INFO | __main__ | Revived BUY day map for XAU/USD rejected on re-authorisation: planner execution requires 3 qualified agents or 2 agents + macro/gemini; got 1
2026-08-10 09:02:46,528 | INFO | __main__ | Revived BUY day map for XAU/USD rejected on re-authorisation: planner execution requires 3 qualified agents or 2 agents + macro/gemini; got 1
2026-08-10 09:02:46,528 | INFO | __main__ | Revived BUY day map for XAU/USD rejected on re-authorisation: planner execution requires 3 qualified agents or 2 agents + macro/gemini; got 1
2026-08-10 09:02:46,528 | INFO | __main__ | Session-plan ladder skipped: plan not ready (status=NOT_READY, reason=primary quality 60.0 below planner floor 70.0) and no unexpired day map to fall back on
2026-08-10 10:02:04,609 | WARNING | DatabaseService | Supabase credentials missing, using local fallback JSON
2026-08-10 10:02:05,185 | INFO | __main__ | Market data integrity for XAU/USD: source=mt5 type=historical_ohlc grade=HIGH signal_generation=True pending_activation=True
2026-08-10 10:02:05,900 | INFO | services.news_feed_forexfactory | ForexFactory: loaded 27 USD events
2026-08-10 10:02:05,905 | INFO | __main__ | Running agent: technical
2026-08-10 10:02:05,971 | INFO | __main__ | Running agent: classical
2026-08-10 10:02:05,998 | INFO | __main__ | Running agent: smc
2026-08-10 10:02:06,002 | INFO | __main__ | Running agent: price_action
2026-08-10 10:02:06,004 | INFO | __main__ | Running agent: multitimeframe
2026-08-10 10:02:06,157 | INFO | __main__ | Exit agent book for XAU/USD: {'technical': 'WAIT 38.8', 'classical': 'WAIT 30', 'smc': 'BUY 90', 'price_action': 'WAIT 32', 'multitimeframe': 'BUY 67', 'macro_fundamental': 'WAIT 0'}
2026-08-10 10:02:07,352 | INFO | __main__ | Running agent: macro_fundamental
2026-08-10 10:02:07,354 | INFO | __main__ | Running agent: technical
2026-08-10 10:02:07,408 | INFO | __main__ | Running agent: classical
2026-08-10 10:02:07,469 | INFO | __main__ | Running agent: smc
2026-08-10 10:02:07,474 | INFO | __main__ | Running agent: price_action
2026-08-10 10:02:07,475 | INFO | __main__ | Running agent: multitimeframe
2026-08-10 10:02:07,548 | INFO | __main__ | Running agent: daily_bias
2026-08-10 10:02:14,334 | INFO | __main__ | Session plan not ready for XAU/USD: only 1 supporting agents for the mapped direction
2026-08-10 10:02:17,267 | WARNING | services.llm_review | Gemini market attempt 1/3 failed: HTTP 401 — retry in 3s
2026-08-10 10:02:20,301 | WARNING | services.llm_review | Gemini market attempt 2/3 failed: HTTP 401 — retry in 6s
2026-08-10 10:02:26,360 | INFO | __main__ | \U0001f9e0 Gemini market context: unavailable/skipped (HTTP 401)
2026-08-10 10:02:26,360 | INFO | __main__ | \U0001f9e0 Gemini signal review skipped: WAIT hourly status
2026-08-10 10:02:26,443 | WARNING | services.llm_review | Gemini news attempt 1/3 failed: HTTP 401 — retry in 3s
2026-08-10 10:02:29,481 | WARNING | services.llm_review | Gemini news attempt 2/3 failed: HTTP 401 — retry in 6s
2026-08-10 10:02:35,514 | INFO | __main__ | \U0001f9e0 Gemini news review: unavailable/skipped (HTTP 401)
2026-08-10 10:02:35,551 | WARNING | services.llm_review | Gemini macro attempt 1/3 failed: HTTP 401 — retry in 3s
2026-08-10 10:02:38,576 | WARNING | services.llm_review | Gemini macro attempt 2/3 failed: HTTP 401 — retry in 6s
2026-08-10 10:02:44,604 | INFO | __main__ | \U0001f9e0 Gemini macro: unavailable/skipped (HTTP 401)
2026-08-10 10:02:44,748 | INFO | __main__ | Reusing unexpired BUY day map for XAU/USD (built 172 min ago, expires 2026-08-10T15:10:54+00:00); this cycle could not rebuild one
2026-08-10 10:02:44,748 | INFO | __main__ | Revived day map expiry renewed: 2026-08-10T15:10:54+00:00 -> 2026-08-10T18:02:44+00:00 (orders judged by their own age, not the source map's)
2026-08-10 10:02:44,748 | INFO | __main__ | Session-plan ladder blocked by execution readiness: SMC aligns BUY (90%) but only 1 execution-support agent(s) qualified
2026-08-10 11:02:04,509 | WARNING | DatabaseService | Supabase credentials missing, using local fallback JSON
2026-08-10 11:02:04,901 | INFO | __main__ | Market data integrity for XAU/USD: source=mt5 type=historical_ohlc grade=HIGH signal_generation=True pending_activation=True
2026-08-10 11:02:05,258 | INFO | services.news_feed_forexfactory | ForexFactory: loaded 27 USD events
2026-08-10 11:02:05,258 | INFO | __main__ | Running agent: technical
2026-08-10 11:02:05,304 | INFO | __main__ | Running agent: classical
2026-08-10 11:02:05,336 | INFO | __main__ | Running agent: smc
2026-08-10 11:02:05,336 | INFO | __main__ | Running agent: price_action
2026-08-10 11:02:05,336 | INFO | __main__ | Running agent: multitimeframe
2026-08-10 11:02:05,399 | INFO | __main__ | Exit agent book for XAU/USD: {'technical': 'WAIT 42.2', 'classical': 'WAIT 30', 'smc': 'BUY 90', 'price_action': 'WAIT 30', 'multitimeframe': 'BUY 70', 'macro_fundamental': 'WAIT 0'}
2026-08-10 11:02:06,463 | INFO | __main__ | Running agent: macro_fundamental
2026-08-10 11:02:06,463 | INFO | __main__ | Running agent: technical
2026-08-10 11:02:06,525 | INFO | __main__ | Running agent: classical
2026-08-10 11:02:06,556 | INFO | __main__ | Running agent: smc
2026-08-10 11:02:06,556 | INFO | __main__ | Running agent: price_action
2026-08-10 11:02:06,556 | INFO | __main__ | Running agent: multitimeframe
2026-08-10 11:02:06,592 | INFO | __main__ | Running agent: daily_bias
2026-08-10 11:02:09,480 | INFO | __main__ | Session plan ready for XAU/USD: BUY LIQUIDITY_REVERSAL | primary=4333.9 | standby=None | score=100.0
2026-08-10 11:02:11,291 | WARNING | services.llm_review | Gemini market attempt 1/3 failed: HTTP 401 — retry in 3s
2026-08-10 11:02:14,306 | WARNING | services.llm_review | Gemini market attempt 2/3 failed: HTTP 401 — retry in 6s
2026-08-10 11:02:20,357 | INFO | __main__ | \U0001f9e0 Gemini market context: unavailable/skipped (HTTP 401)
2026-08-10 11:02:20,357 | INFO | __main__ | \U0001f9e0 Gemini signal review skipped: WAIT hourly status
2026-08-10 11:02:20,372 | WARNING | services.llm_review | Gemini news attempt 1/3 failed: HTTP 401 — retry in 3s
2026-08-10 11:02:23,398 | WARNING | services.llm_review | Gemini news attempt 2/3 failed: HTTP 401 — retry in 6s
2026-08-10 11:02:29,435 | INFO | __main__ | \U0001f9e0 Gemini news review: unavailable/skipped (HTTP 401)
2026-08-10 11:02:29,482 | WARNING | services.llm_review | Gemini macro attempt 1/3 failed: HTTP 401 — retry in 3s
2026-08-10 11:02:32,505 | WARNING | services.llm_review | Gemini macro attempt 2/3 failed: HTTP 401 — retry in 6s
2026-08-10 11:02:38,543 | INFO | __main__ | \U0001f9e0 Gemini macro: unavailable/skipped (HTTP 401)
2026-08-10 11:02:38,543 | INFO | __main__ | Session-plan family kept for XAU/USD: live scenario trade already exists for this symbol/direction
2026-08-10 12:02:06,190 | WARNING | DatabaseService | Supabase credentials missing, using local fallback JSON
2026-08-10 12:02:06,977 | INFO | __main__ | Market data integrity for XAU/USD: source=mt5 type=historical_ohlc grade=HIGH signal_generation=True pending_activation=True
2026-08-10 12:02:07,580 | INFO | services.news_feed_forexfactory | ForexFactory: loaded 27 USD events
2026-08-10 12:02:07,598 | INFO | __main__ | Running agent: technical
2026-08-10 12:02:07,709 | INFO | __main__ | Running agent: classical
2026-08-10 12:02:07,735 | INFO | __main__ | Running agent: smc
2026-08-10 12:02:07,740 | INFO | __main__ | Running agent: price_action
2026-08-10 12:02:07,741 | INFO | __main__ | Running agent: multitimeframe
2026-08-10 12:02:07,829 | INFO | __main__ | Exit agent book for XAU/USD: {'technical': 'WAIT 42.2', 'classical': 'WAIT 30', 'smc': 'WAIT 30', 'price_action': 'BUY 73', 'multitimeframe': 'BUY 67', 'macro_fundamental': 'WAIT 0'}
2026-08-10 12:02:09,530 | INFO | __main__ | Running agent: macro_fundamental
2026-08-10 12:02:09,530 | INFO | __main__ | Running agent: technical
2026-08-10 12:02:09,596 | INFO | __main__ | Running agent: classical
2026-08-10 12:02:09,642 | INFO | __main__ | Running agent: smc
2026-08-10 12:02:09,680 | INFO | __main__ | Running agent: price_action
2026-08-10 12:02:09,680 | INFO | __main__ | Running agent: multitimeframe
2026-08-10 12:02:09,780 | INFO | __main__ | Running agent: daily_bias
2026-08-10 12:02:15,634 | INFO | __main__ | Session plan not ready for XAU/USD: primary quality 44.0 below planner floor 70.0
2026-08-10 12:02:18,605 | WARNING | services.llm_review | Gemini market attempt 1/3 failed: HTTP 401 — retry in 3s
2026-08-10 12:02:21,633 | WARNING | services.llm_review | Gemini market attempt 2/3 failed: HTTP 401 — retry in 6s
2026-08-10 12:02:27,672 | INFO | __main__ | \U0001f9e0 Gemini market context: unavailable/skipped (HTTP 401)
2026-08-10 12:02:27,672 | INFO | __main__ | \U0001f9e0 Gemini signal review skipped: WAIT hourly status
2026-08-10 12:02:27,703 | WARNING | services.llm_review | Gemini news attempt 1/3 failed: HTTP 401 — retry in 3s
2026-08-10 12:02:30,781 | WARNING | services.llm_review | Gemini news attempt 2/3 failed: HTTP 401 — retry in 6s
2026-08-10 12:02:36,811 | INFO | __main__ | \U0001f9e0 Gemini news review: unavailable/skipped (HTTP 401)
2026-08-10 12:02:36,834 | WARNING | services.llm_review | Gemini macro attempt 1/3 failed: HTTP 401 — retry in 3s
2026-08-10 12:02:39,862 | WARNING | services.llm_review | Gemini macro attempt 2/3 failed: HTTP 401 — retry in 6s
2026-08-10 12:02:45,904 | INFO | __main__ | \U0001f9e0 Gemini macro: unavailable/skipped (HTTP 401)
2026-08-10 12:02:46,023 | INFO | __main__ | Reusing unexpired BUY day map for XAU/USD (built 7 min ago, expires 2026-08-10T19:56:12+00:00); this cycle could not rebuild one
2026-08-10 12:02:46,025 | INFO | __main__ | Revived day map expiry renewed: 2026-08-10T19:56:12+00:00 -> 2026-08-10T20:02:45+00:00 (orders judged by their own age, not the source map's)
2026-08-10 12:02:46,027 | INFO | __main__ | Session-plan ladder blocked by execution readiness: fallback map has insufficient execution support: support=1, smc_aligned=False, macro_confirmed=False
2026-08-10 13:02:04,515 | WARNING | DatabaseService | Supabase credentials missing, using local fallback JSON
2026-08-10 13:02:04,979 | INFO | __main__ | Market data integrity for XAU/USD: source=mt5 type=historical_ohlc grade=HIGH signal_generation=True pending_activation=True
2026-08-10 13:02:05,567 | INFO | services.news_feed_forexfactory | ForexFactory: loaded 27 USD events
2026-08-10 13:02:05,571 | INFO | __main__ | Running agent: technical
2026-08-10 13:02:05,696 | INFO | __main__ | Running agent: classical
2026-08-10 13:02:05,743 | INFO | __main__ | Running agent: smc
2026-08-10 13:02:05,760 | INFO | __main__ | Running agent: price_action
2026-08-10 13:02:05,763 | INFO | __main__ | Running agent: multitimeframe
2026-08-10 13:02:05,814 | INFO | __main__ | Exit agent book for XAU/USD: {'technical': 'WAIT 42.2', 'classical': 'WAIT 30', 'smc': 'WAIT 31', 'price_action': 'SELL 69', 'multitimeframe': 'BUY 70', 'macro_fundamental': 'WAIT 0'}
2026-08-10 13:02:07,009 | INFO | __main__ | Running agent: macro_fundamental
2026-08-10 13:02:07,010 | INFO | __main__ | Running agent: technical
2026-08-10 13:02:07,065 | INFO | __main__ | Running agent: classical
2026-08-10 13:02:07,092 | INFO | __main__ | Running agent: smc
2026-08-10 13:02:07,098 | INFO | __main__ | Running agent: price_action
2026-08-10 13:02:07,099 | INFO | __main__ | Running agent: multitimeframe
2026-08-10 13:02:07,147 | INFO | __main__ | Running agent: daily_bias
2026-08-10 13:02:10,201 | INFO | __main__ | Session plan not ready for XAU/USD: primary quality 59.0 below planner floor 70.0
2026-08-10 13:02:12,433 | WARNING | services.llm_review | Gemini market attempt 1/3 failed: HTTP 401 — retry in 3s
2026-08-10 13:02:15,462 | WARNING | services.llm_review | Gemini market attempt 2/3 failed: HTTP 401 — retry in 6s
2026-08-10 13:02:21,492 | INFO | __main__ | \U0001f9e0 Gemini market context: unavailable/skipped (HTTP 401)
2026-08-10 13:02:21,493 | INFO | __main__ | \U0001f9e0 Gemini signal review skipped: WAIT hourly status
2026-08-10 13:02:21,518 | WARNING | services.llm_review | Gemini news attempt 1/3 failed: HTTP 401 — retry in 3s
2026-08-10 13:02:24,542 | WARNING | services.llm_review | Gemini news attempt 2/3 failed: HTTP 401 — retry in 6s
2026-08-10 13:02:30,575 | INFO | __main__ | \U0001f9e0 Gemini news review: unavailable/skipped (HTTP 401)
2026-08-10 13:02:30,611 | WARNING | services.llm_review | Gemini macro attempt 1/3 failed: HTTP 401 — retry in 3s
2026-08-10 13:02:33,640 | WARNING | services.llm_review | Gemini macro attempt 2/3 failed: HTTP 401 — retry in 6s
2026-08-10 13:02:39,665 | INFO | __main__ | \U0001f9e0 Gemini macro: unavailable/skipped (HTTP 401)
2026-08-10 13:02:39,747 | INFO | __main__ | Revived BUY day map for XAU/USD rejected on re-authorisation: planner execution requires 3 qualified agents or 2 agents + macro/gemini; got 1
2026-08-10 13:02:39,747 | INFO | __main__ | Revived BUY day map for XAU/USD rejected on re-authorisation: planner execution requires 3 qualified agents or 2 agents + macro/gemini; got 1
2026-08-10 13:02:39,747 | INFO | __main__ | Revived BUY day map for XAU/USD rejected on re-authorisation: planner execution requires 3 qualified agents or 2 agents + macro/gemini; got 1
2026-08-10 13:02:39,747 | INFO | __main__ | Revived BUY day map for XAU/USD rejected on re-authorisation: planner execution requires 3 qualified agents or 2 agents + macro/gemini; got 1
2026-08-10 13:02:39,747 | INFO | __main__ | Revived BUY day map for XAU/USD rejected on re-authorisation: planner execution requires 3 qualified agents or 2 agents + macro/gemini; got 1
2026-08-10 13:02:39,747 | INFO | __main__ | Revived BUY day map for XAU/USD rejected on re-authorisation: planner execution requires 3 qualified agents or 2 agents + macro/gemini; got 1
2026-08-10 13:02:39,747 | INFO | __main__ | Revived BUY day map for XAU/USD rejected on re-authorisation: planner execution requires 3 qualified agents or 2 agents + macro/gemini; got 1
2026-08-10 13:02:39,747 | INFO | __main__ | Revived BUY day map for XAU/USD rejected on re-authorisation: planner execution requires 3 qualified agents or 2 agents + macro/gemini; got 1
2026-08-10 13:02:39,749 | INFO | __main__ | Revived BUY day map for XAU/USD rejected on re-authorisation: planner execution requires 3 qualified agents or 2 agents + macro/gemini; got 1
2026-08-10 13:02:39,749 | INFO | __main__ | Revived BUY day map for XAU/USD rejected on re-authorisation: planner execution requires 3 qualified agents or 2 agents + macro/gemini; got 1
2026-08-10 13:02:39,749 | INFO | __main__ | Revived BUY day map for XAU/USD rejected on re-authorisation: planner execution requires 3 qualified agents or 2 agents + macro/gemini; got 1
2026-08-10 13:02:39,749 | INFO | __main__ | Revived BUY day map for XAU/USD rejected on re-authorisation: planner execution requires 3 qualified agents or 2 agents + macro/gemini; got 1
2026-08-10 13:02:39,749 | INFO | __main__ | Session-plan ladder skipped: plan not ready (status=NOT_READY, reason=primary quality 59.0 below planner floor 70.0) and no unexpired day map to fall back on
2026-08-10 14:02:03,918 | WARNING | DatabaseService | Supabase credentials missing, using local fallback JSON
2026-08-10 14:02:04,394 | INFO | __main__ | Market data integrity for XAU/USD: source=mt5 type=historical_ohlc grade=HIGH signal_generation=True pending_activation=True
2026-08-10 14:02:04,769 | INFO | services.news_feed_forexfactory | ForexFactory: loaded 27 USD events
2026-08-10 14:02:04,769 | INFO | __main__ | Running agent: technical
2026-08-10 14:02:04,831 | INFO | __main__ | Running agent: classical
2026-08-10 14:02:04,863 | INFO | __main__ | Running agent: smc
2026-08-10 14:02:04,863 | INFO | __main__ | Running agent: price_action
2026-08-10 14:02:04,863 | INFO | __main__ | Running agent: multitimeframe
2026-08-10 14:02:04,912 | INFO | __main__ | Exit agent book for XAU/USD: {'technical': 'WAIT 42.2', 'classical': 'WAIT 30', 'smc': 'WAIT 35', 'price_action': 'BUY 84', 'multitimeframe': 'WAIT 25', 'macro_fundamental': 'WAIT 0'}
2026-08-10 14:02:05,933 | INFO | __main__ | Running agent: macro_fundamental
2026-08-10 14:02:05,933 | INFO | __main__ | Running agent: technical
2026-08-10 14:02:05,994 | INFO | __main__ | Running agent: classical
2026-08-10 14:02:06,026 | INFO | __main__ | Running agent: smc
2026-08-10 14:02:06,042 | INFO | __main__ | Running agent: price_action
2026-08-10 14:02:06,057 | INFO | __main__ | Running agent: multitimeframe
2026-08-10 14:02:06,188 | INFO | __main__ | Running agent: daily_bias
2026-08-10 14:02:09,697 | INFO | __main__ | Session plan not ready for XAU/USD: primary quality 57.0 below planner floor 70.0
2026-08-10 14:02:11,261 | WARNING | services.llm_review | Gemini market attempt 1/3 failed: HTTP 401 — retry in 3s
2026-08-10 14:02:14,287 | WARNING | services.llm_review | Gemini market attempt 2/3 failed: HTTP 401 — retry in 6s
2026-08-10 14:02:20,371 | INFO | __main__ | \U0001f9e0 Gemini market context: unavailable/skipped (HTTP 401)
2026-08-10 14:02:20,371 | INFO | __main__ | \U0001f9e0 Gemini signal review skipped: WAIT hourly status
2026-08-10 14:02:20,420 | WARNING | services.llm_review | Gemini news attempt 1/3 failed: HTTP 401 — retry in 3s
2026-08-10 14:02:23,500 | WARNING | services.llm_review | Gemini news attempt 2/3 failed: HTTP 401 — retry in 6s
2026-08-10 14:02:29,515 | INFO | __main__ | \U0001f9e0 Gemini news review: unavailable/skipped (HTTP 401)
2026-08-10 14:02:29,546 | WARNING | services.llm_review | Gemini macro attempt 1/3 failed: HTTP 401 — retry in 3s
2026-08-10 14:02:32,579 | WARNING | services.llm_review | Gemini macro attempt 2/3 failed: HTTP 401 — retry in 6s
2026-08-10 14:02:38,603 | INFO | __main__ | \U0001f9e0 Gemini macro: unavailable/skipped (HTTP 401)
2026-08-10 14:02:38,689 | INFO | __main__ | Revived BUY day map for XAU/USD rejected on re-authorisation: planner execution requires 3 qualified agents or 2 agents + macro/gemini; got 1
2026-08-10 14:02:38,689 | INFO | __main__ | Revived BUY day map for XAU/USD rejected on re-authorisation: planner execution requires 3 qualified agents or 2 agents + macro/gemini; got 1
2026-08-10 14:02:38,689 | INFO | __main__ | Revived BUY day map for XAU/USD rejected on re-authorisation: planner execution requires 3 qualified agents or 2 agents + macro/gemini; got 1
2026-08-10 14:02:38,689 | INFO | __main__ | Revived BUY day map for XAU/USD rejected on re-authorisation: planner execution requires 3 qualified agents or 2 agents + macro/gemini; got 1
2026-08-10 14:02:38,689 | INFO | __main__ | Revived BUY day map for XAU/USD rejected on re-authorisation: planner execution requires 3 qualified agents or 2 agents + macro/gemini; got 1
2026-08-10 14:02:38,689 | INFO | __main__ | Revived BUY day map for XAU/USD rejected on re-authorisation: planner execution requires 3 qualified agents or 2 agents + macro/gemini; got 1
2026-08-10 14:02:38,689 | INFO | __main__ | Revived BUY day map for XAU/USD rejected on re-authorisation: planner execution requires 3 qualified agents or 2 agents + macro/gemini; got 1
2026-08-10 14:02:38,689 | INFO | __main__ | Revived BUY day map for XAU/USD rejected on re-authorisation: planner execution requires 3 qualified agents or 2 agents + macro/gemini; got 1
2026-08-10 14:02:38,689 | INFO | __main__ | Revived BUY day map for XAU/USD rejected on re-authorisation: planner execution requires 3 qualified agents or 2 agents + macro/gemini; got 1
2026-08-10 14:02:38,689 | INFO | __main__ | Revived BUY day map for XAU/USD rejected on re-authorisation: planner execution requires 3 qualified agents or 2 agents + macro/gemini; got 1
2026-08-10 14:02:38,689 | INFO | __main__ | Revived BUY day map for XAU/USD rejected on re-authorisation: planner execution requires 3 qualified agents or 2 agents + macro/gemini; got 1
2026-08-10 14:02:38,689 | INFO | __main__ | Revived BUY day map for XAU/USD rejected on re-authorisation: planner execution requires 3 qualified agents or 2 agents + macro/gemini; got 1
2026-08-10 14:02:38,697 | INFO | __main__ | Session-plan ladder skipped: plan not ready (status=NOT_READY, reason=primary quality 57.0 below planner floor 70.0) and no unexpired day map to fall back on
2026-08-10 15:02:05,600 | WARNING | DatabaseService | Supabase credentials missing, using local fallback JSON
2026-08-10 15:02:06,219 | INFO | __main__ | Market data integrity for XAU/USD: source=mt5 type=historical_ohlc grade=HIGH signal_generation=True pending_activation=True
2026-08-10 15:02:06,775 | INFO | services.news_feed_forexfactory | ForexFactory: loaded 27 USD events
2026-08-10 15:02:06,781 | INFO | __main__ | Running agent: technical
2026-08-10 15:02:06,846 | INFO | __main__ | Running agent: classical
2026-08-10 15:02:06,876 | INFO | __main__ | Running agent: smc
2026-08-10 15:02:06,880 | INFO | __main__ | Running agent: price_action
2026-08-10 15:02:06,881 | INFO | __main__ | Running agent: multitimeframe
2026-08-10 15:02:06,925 | INFO | __main__ | Exit agent book for XAU/USD: {'technical': 'WAIT 49.0', 'classical': 'SELL 70', 'smc': 'WAIT 27', 'price_action': 'WAIT 26', 'multitimeframe': 'BUY 92', 'macro_fundamental': 'WAIT 0'}
2026-08-10 15:02:07,885 | INFO | __main__ | Running agent: macro_fundamental
2026-08-10 15:02:07,887 | INFO | __main__ | Running agent: technical
2026-08-10 15:02:07,947 | INFO | __main__ | Running agent: classical
2026-08-10 15:02:07,992 | INFO | __main__ | Running agent: smc
2026-08-10 15:02:07,996 | INFO | __main__ | Running agent: price_action
2026-08-10 15:02:07,996 | INFO | __main__ | Running agent: multitimeframe
2026-08-10 15:02:08,100 | INFO | __main__ | Running agent: daily_bias
2026-08-10 15:02:11,046 | INFO | __main__ | Session plan not ready for XAU/USD: SELL alignment from macro; premium map supports the thesis; but authority WEAK — only 1 aligned source(s), needs 2 (or 1 with both an aligned sweep and zone support)
2026-08-10 15:02:12,745 | WARNING | services.llm_review | Gemini market attempt 1/3 failed: HTTP 401 — retry in 3s
2026-08-10 15:02:15,782 | WARNING | services.llm_review | Gemini market attempt 2/3 failed: HTTP 401 — retry in 6s
2026-08-10 15:02:21,816 | INFO | __main__ | \U0001f9e0 Gemini market context: unavailable/skipped (HTTP 401)
2026-08-10 15:02:21,816 | INFO | __main__ | \U0001f9e0 Gemini signal review skipped: WAIT hourly status
2026-08-10 15:02:21,841 | WARNING | services.llm_review | Gemini news attempt 1/3 failed: HTTP 401 — retry in 3s
2026-08-10 15:02:24,871 | WARNING | services.llm_review | Gemini news attempt 2/3 failed: HTTP 401 — retry in 6s
2026-08-10 15:02:31,439 | INFO | __main__ | \U0001f9e0 Gemini news review: unavailable/skipped (HTTP 401)
2026-08-10 15:02:31,470 | WARNING | services.llm_review | Gemini macro attempt 1/3 failed: HTTP 401 — retry in 3s
2026-08-10 15:02:34,504 | WARNING | services.llm_review | Gemini macro attempt 2/3 failed: HTTP 401 — retry in 6s
2026-08-10 15:02:40,531 | INFO | __main__ | \U0001f9e0 Gemini macro: unavailable/skipped (HTTP 401)
2026-08-10 15:02:40,607 | INFO | __main__ | Revived SELL day map for XAU/USD rejected on re-authorisation: planner execution requires 3 qualified agents or 2 agents + macro/gemini; got 1
2026-08-10 15:02:40,608 | INFO | __main__ | Revived BUY day map for XAU/USD rejected on re-authorisation: planner execution requires 3 qualified agents or 2 agents + macro/gemini; got 1
2026-08-10 15:02:40,608 | INFO | __main__ | Revived BUY day map for XAU/USD rejected on re-authorisation: planner execution requires 3 qualified agents or 2 agents + macro/gemini; got 1
2026-08-10 15:02:40,608 | INFO | __main__ | Revived BUY day map for XAU/USD rejected on re-authorisation: planner execution requires 3 qualified agents or 2 agents + macro/gemini; got 1
2026-08-10 15:02:40,608 | INFO | __main__ | Revived BUY day map for XAU/USD rejected on re-authorisation: planner execution requires 3 qualified agents or 2 agents + macro/gemini; got 1
2026-08-10 15:02:40,608 | INFO | __main__ | Revived BUY day map for XAU/USD rejected on re-authorisation: planner execution requires 3 qualified agents or 2 agents + macro/gemini; got 1
2026-08-10 15:02:40,608 | INFO | __main__ | Revived BUY day map for XAU/USD rejected on re-authorisation: planner execution requires 3 qualified agents or 2 agents + macro/gemini; got 1
2026-08-10 15:02:40,608 | INFO | __main__ | Revived BUY day map for XAU/USD rejected on re-authorisation: planner execution requires 3 qualified agents or 2 agents + macro/gemini; got 1
2026-08-10 15:02:40,608 | INFO | __main__ | Revived BUY day map for XAU/USD rejected on re-authorisation: planner execution requires 3 qualified agents or 2 agents + macro/gemini; got 1
2026-08-10 15:02:40,609 | INFO | __main__ | Revived BUY day map for XAU/USD rejected on re-authorisation: planner execution requires 3 qualified agents or 2 agents + macro/gemini; got 1
2026-08-10 15:02:40,609 | INFO | __main__ | Revived BUY day map for XAU/USD rejected on re-authorisation: planner execution requires 3 qualified agents or 2 agents + macro/gemini; got 1
2026-08-10 15:02:40,609 | INFO | __main__ | Revived BUY day map for XAU/USD rejected on re-authorisation: planner execution requires 3 qualified agents or 2 agents + macro/gemini; got 1
2026-08-10 15:02:40,609 | INFO | __main__ | Session-plan ladder skipped: plan not ready (status=NOT_READY, reason=SELL alignment from macro; premium map supports the thesis; but authority WEAK — only 1 aligned source(s), needs 2 (or 1 with both an aligned sweep and zone support)) and no unexpired day map to fall back on
2026-08-10 16:02:04,357 | WARNING | DatabaseService | Supabase credentials missing, using local fallback JSON
2026-08-10 16:02:04,826 | INFO | __main__ | Market data integrity for XAU/USD: source=mt5 type=historical_ohlc grade=HIGH signal_generation=True pending_activation=True
2026-08-10 16:02:05,238 | INFO | services.news_feed_forexfactory | ForexFactory: loaded 27 USD events
2026-08-10 16:02:05,242 | INFO | __main__ | Running agent: technical
2026-08-10 16:02:05,298 | INFO | __main__ | Running agent: classical
2026-08-10 16:02:05,324 | INFO | __main__ | Running agent: smc
2026-08-10 16:02:05,332 | INFO | __main__ | Running agent: price_action
2026-08-10 16:02:05,334 | INFO | __main__ | Running agent: multitimeframe
2026-08-10 16:02:05,385 | INFO | __main__ | Exit agent book for XAU/USD: {'technical': 'BUY 92', 'classical': 'WAIT 27', 'smc': 'WAIT 31', 'price_action': 'WAIT 35', 'multitimeframe': 'BUY 92', 'macro_fundamental': 'WAIT 0'}
2026-08-10 16:02:06,619 | INFO | __main__ | Running agent: macro_fundamental
2026-08-10 16:02:06,621 | INFO | __main__ | Running agent: technical
2026-08-10 16:02:06,674 | INFO | __main__ | Running agent: classical
2026-08-10 16:02:06,700 | INFO | __main__ | Running agent: smc
2026-08-10 16:02:06,705 | INFO | __main__ | Running agent: price_action
2026-08-10 16:02:06,707 | INFO | __main__ | Running agent: multitimeframe
2026-08-10 16:02:06,756 | INFO | __main__ | Running agent: daily_bias
2026-08-10 16:02:11,522 | INFO | __main__ | Session plan not ready for XAU/USD: primary quality 63.0 below planner floor 70.0
2026-08-10 16:02:13,127 | INFO | __main__ | Path 2: Macro does NOT confirm BUY (bias=BEARISH_GOLD, need=BULLISH_GOLD, conf=64% < 55% or mismatch)
2026-08-10 16:02:13,464 | WARNING | services.llm_review | Gemini signal attempt 1/3 failed: HTTP 401 — retry in 3s
2026-08-10 16:02:16,486 | WARNING | services.llm_review | Gemini signal attempt 2/3 failed: HTTP 401 — retry in 6s
2026-08-10 16:02:22,513 | INFO | __main__ | \u274c Path 2: Gemini does NOT confirm (verdict= vs BUY, conf=0% < 70%)
2026-08-10 16:02:22,829 | WARNING | services.llm_review | Gemini market attempt 1/3 failed: HTTP 401 — retry in 3s
2026-08-10 16:02:25,857 | WARNING | services.llm_review | Gemini market attempt 2/3 failed: HTTP 401 — retry in 6s
2026-08-10 16:02:31,885 | INFO | __main__ | \U0001f9e0 Gemini market context: unavailable/skipped (HTTP 401)
2026-08-10 16:02:31,885 | INFO | __main__ | \U0001f9e0 Gemini signal review skipped: WAIT hourly status
2026-08-10 16:02:31,918 | WARNING | services.llm_review | Gemini news attempt 1/3 failed: HTTP 401 — retry in 3s
2026-08-10 16:02:34,941 | WARNING | services.llm_review | Gemini news attempt 2/3 failed: HTTP 401 — retry in 6s
2026-08-10 16:02:40,967 | INFO | __main__ | \U0001f9e0 Gemini news review: unavailable/skipped (HTTP 401)
2026-08-10 16:02:40,997 | WARNING | services.llm_review | Gemini macro attempt 1/3 failed: HTTP 401 — retry in 3s
2026-08-10 16:02:44,026 | WARNING | services.llm_review | Gemini macro attempt 2/3 failed: HTTP 401 — retry in 6s
2026-08-10 16:02:50,081 | INFO | __main__ | \U0001f9e0 Gemini macro: unavailable/skipped (HTTP 401)
2026-08-10 16:02:50,182 | INFO | __main__ | Revived SELL day map for XAU/USD rejected on re-authorisation: 2 qualified agents oppose the mapped SELL (limit 1): technical, multitimeframe
2026-08-10 16:02:50,183 | INFO | __main__ | Revived BUY day map for XAU/USD rejected on re-authorisation: planner execution requires 3 qualified agents or 2 agents + macro/gemini; got 2
2026-08-10 16:02:50,183 | INFO | __main__ | Revived BUY day map for XAU/USD rejected on re-authorisation: planner execution requires 3 qualified agents or 2 agents + macro/gemini; got 2
2026-08-10 16:02:50,183 | INFO | __main__ | Revived BUY day map for XAU/USD rejected on re-authorisation: planner execution requires 3 qualified agents or 2 agents + macro/gemini; got 2
2026-08-10 16:02:50,183 | INFO | __main__ | Revived BUY day map for XAU/USD rejected on re-authorisation: planner execution requires 3 qualified agents or 2 agents + macro/gemini; got 2
2026-08-10 16:02:50,183 | INFO | __main__ | Revived BUY day map for XAU/USD rejected on re-authorisation: planner execution requires 3 qualified agents or 2 agents + macro/gemini; got 2
2026-08-10 16:02:50,183 | INFO | __main__ | Revived BUY day map for XAU/USD rejected on re-authorisation: planner execution requires 3 qualified agents or 2 agents + macro/gemini; got 2
2026-08-10 16:02:50,183 | INFO | __main__ | Revived BUY day map for XAU/USD rejected on re-authorisation: planner execution requires 3 qualified agents or 2 agents + macro/gemini; got 2
2026-08-10 16:02:50,183 | INFO | __main__ | Revived BUY day map for XAU/USD rejected on re-authorisation: planner execution requires 3 qualified agents or 2 agents + macro/gemini; got 2
2026-08-10 16:02:50,183 | INFO | __main__ | Revived BUY day map for XAU/USD rejected on re-authorisation: planner execution requires 3 qualified agents or 2 agents + macro/gemini; got 2
2026-08-10 16:02:50,183 | INFO | __main__ | Revived BUY day map for XAU/USD rejected on re-authorisation: planner execution requires 3 qualified agents or 2 agents + macro/gemini; got 2
2026-08-10 16:02:50,184 | INFO | __main__ | Revived BUY day map for XAU/USD rejected on re-authorisation: planner execution requires 3 qualified agents or 2 agents + macro/gemini; got 2
2026-08-10 16:02:50,184 | INFO | __main__ | Session-plan ladder skipped: plan not ready (status=NOT_READY, reason=primary quality 63.0 below planner floor 70.0) and no unexpired day map to fall back on
2026-08-10 17:02:04,550 | WARNING | DatabaseService | Supabase credentials missing, using local fallback JSON
2026-08-10 17:02:05,027 | INFO | __main__ | Market data integrity for XAU/USD: source=mt5 type=historical_ohlc grade=HIGH signal_generation=True pending_activation=True
2026-08-10 17:02:05,396 | INFO | services.news_feed_forexfactory | ForexFactory: loaded 27 USD events
2026-08-10 17:02:05,402 | INFO | __main__ | Running agent: technical
2026-08-10 17:02:05,487 | INFO | __main__ | Running agent: classical
2026-08-10 17:02:05,518 | INFO | __main__ | Running agent: smc
2026-08-10 17:02:05,524 | INFO | __main__ | Running agent: price_action
2026-08-10 17:02:05,526 | INFO | __main__ | Running agent: multitimeframe
2026-08-10 17:02:05,643 | INFO | __main__ | Exit agent book for XAU/USD: {'technical': 'WAIT 46.4', 'classical': 'WAIT 27', 'smc': 'WAIT 25', 'price_action': 'SELL 66', 'multitimeframe': 'BUY 92', 'macro_fundamental': 'WAIT 0'}
2026-08-10 17:02:05,643 | INFO | __main__ | Demo mode: tick manager owns execution management; analysis skips embedded update_trades.
2026-08-10 17:02:05,644 | INFO | __main__ | Running agent: macro_fundamental
2026-08-10 17:02:05,648 | INFO | __main__ | Running agent: technical
2026-08-10 17:02:05,728 | INFO | __main__ | Running agent: classical
2026-08-10 17:02:05,767 | INFO | __main__ | Running agent: smc
2026-08-10 17:02:05,773 | INFO | __main__ | Running agent: price_action
2026-08-10 17:02:05,775 | INFO | __main__ | Running agent: multitimeframe
2026-08-10 17:02:05,835 | INFO | __main__ | Running agent: daily_bias
2026-08-10 17:02:09,472 | INFO | __main__ | Session plan not ready for XAU/USD: primary thesis too weak for planning (dominance 36.4, return probability 54.1)
2026-08-10 17:02:11,100 | WARNING | services.llm_review | Gemini market attempt 1/3 failed: HTTP 401 — retry in 3s
2026-08-10 17:02:14,126 | WARNING | services.llm_review | Gemini market attempt 2/3 failed: HTTP 401 — retry in 6s
2026-08-10 17:02:20,147 | INFO | __main__ | \U0001f9e0 Gemini market context: unavailable/skipped (HTTP 401)
2026-08-10 17:02:20,147 | INFO | __main__ | \U0001f9e0 Gemini signal review skipped: WAIT hourly status
2026-08-10 17:02:20,173 | WARNING | services.llm_review | Gemini news attempt 1/3 failed: HTTP 401 — retry in 3s
2026-08-10 17:02:23,233 | WARNING | services.llm_review | Gemini news attempt 2/3 failed: HTTP 401 — retry in 6s
2026-08-10 17:02:29,257 | INFO | __main__ | \U0001f9e0 Gemini news review: unavailable/skipped (HTTP 401)
2026-08-10 17:02:29,303 | WARNING | services.llm_review | Gemini macro attempt 1/3 failed: HTTP 401 — retry in 3s
2026-08-10 17:02:32,329 | WARNING | services.llm_review | Gemini macro attempt 2/3 failed: HTTP 401 — retry in 6s
2026-08-10 17:02:38,357 | INFO | __main__ | \U0001f9e0 Gemini macro: unavailable/skipped (HTTP 401)
2026-08-10 17:02:38,446 | INFO | __main__ | Revived SELL day map for XAU/USD rejected on re-authorisation: planner execution requires 3 qualified agents or 2 agents + macro/gemini; got 0
2026-08-10 17:02:38,446 | INFO | __main__ | Revived BUY day map for XAU/USD rejected on re-authorisation: planner execution requires 3 qualified agents or 2 agents + macro/gemini; got 1
2026-08-10 17:02:38,446 | INFO | __main__ | Revived BUY day map for XAU/USD rejected on re-authorisation: planner execution requires 3 qualified agents or 2 agents + macro/gemini; got 1
2026-08-10 17:02:38,447 | INFO | __main__ | Revived BUY day map for XAU/USD rejected on re-authorisation: planner execution requires 3 qualified agents or 2 agents + macro/gemini; got 1
2026-08-10 17:02:38,447 | INFO | __main__ | Revived BUY day map for XAU/USD rejected on re-authorisation: planner execution requires 3 qualified agents or 2 agents + macro/gemini; got 1
2026-08-10 17:02:38,447 | INFO | __main__ | Revived BUY day map for XAU/USD rejected on re-authorisation: planner execution requires 3 qualified agents or 2 agents + macro/gemini; got 1
2026-08-10 17:02:38,447 | INFO | __main__ | Revived BUY day map for XAU/USD rejected on re-authorisation: planner execution requires 3 qualified agents or 2 agents + macro/gemini; got 1
2026-08-10 17:02:38,447 | INFO | __main__ | Revived BUY day map for XAU/USD rejected on re-authorisation: planner execution requires 3 qualified agents or 2 agents + macro/gemini; got 1
2026-08-10 17:02:38,447 | INFO | __main__ | Revived BUY day map for XAU/USD rejected on re-authorisation: planner execution requires 3 qualified agents or 2 agents + macro/gemini; got 1
2026-08-10 17:02:38,447 | INFO | __main__ | Revived BUY day map for XAU/USD rejected on re-authorisation: planner execution requires 3 qualified agents or 2 agents + macro/gemini; got 1
2026-08-10 17:02:38,447 | INFO | __main__ | Revived BUY day map for XAU/USD rejected on re-authorisation: planner execution requires 3 qualified agents or 2 agents + macro/gemini; got 1
2026-08-10 17:02:38,447 | INFO | __main__ | Revived BUY day map for XAU/USD rejected on re-authorisation: planner execution requires 3 qualified agents or 2 agents + macro/gemini; got 1
2026-08-10 17:02:38,448 | INFO | __main__ | Session-plan ladder skipped: plan not ready (status=NOT_READY, reason=primary thesis too weak for planning (dominance 36.4, return probability 54.1)) and no unexpired day map to fall back on
2026-08-10 18:02:04,346 | WARNING | DatabaseService | Supabase credentials missing, using local fallback JSON
2026-08-10 18:02:04,858 | INFO | __main__ | Market data integrity for XAU/USD: source=mt5 type=historical_ohlc grade=HIGH signal_generation=True pending_activation=True
2026-08-10 18:02:05,224 | INFO | services.news_feed_forexfactory | ForexFactory: loaded 27 USD events
2026-08-10 18:02:05,238 | INFO | __main__ | Running agent: technical
2026-08-10 18:02:05,427 | INFO | __main__ | Running agent: classical
2026-08-10 18:02:05,458 | INFO | __main__ | Running agent: smc
2026-08-10 18:02:05,474 | INFO | __main__ | Running agent: price_action
2026-08-10 18:02:05,474 | INFO | __main__ | Running agent: multitimeframe
2026-08-10 18:02:05,521 | INFO | __main__ | Exit agent book for XAU/USD: {'technical': 'WAIT 48.6', 'classical': 'WAIT 27', 'smc': 'WAIT 31', 'price_action': 'BUY 75', 'multitimeframe': 'BUY 92', 'macro_fundamental': 'WAIT 0'}
2026-08-10 18:02:06,429 | INFO | __main__ | Running agent: macro_fundamental
2026-08-10 18:02:06,429 | INFO | __main__ | Running agent: technical
2026-08-10 18:02:06,476 | INFO | __main__ | Running agent: classical
2026-08-10 18:02:06,508 | INFO | __main__ | Running agent: smc
2026-08-10 18:02:06,508 | INFO | __main__ | Running agent: price_action
2026-08-10 18:02:06,508 | INFO | __main__ | Running agent: multitimeframe
2026-08-10 18:02:06,570 | INFO | __main__ | Running agent: daily_bias
2026-08-10 18:02:10,991 | INFO | __main__ | Session plan not ready for XAU/USD: news blocked: DANGER
2026-08-10 18:02:12,306 | INFO | __main__ | Path 2: Macro does NOT confirm BUY (bias=BEARISH_GOLD, need=BULLISH_GOLD, conf=64% < 55% or mismatch)
2026-08-10 18:02:12,634 | WARNING | services.llm_review | Gemini signal attempt 1/3 failed: HTTP 401 — retry in 3s
2026-08-10 18:02:15,668 | WARNING | services.llm_review | Gemini signal attempt 2/3 failed: HTTP 401 — retry in 6s
2026-08-10 18:02:21,701 | INFO | __main__ | \u274c Path 2: Gemini does NOT confirm (verdict= vs BUY, conf=0% < 70%)
2026-08-10 18:02:22,077 | WARNING | services.llm_review | Gemini market attempt 1/3 failed: HTTP 401 — retry in 3s
2026-08-10 18:02:25,105 | WARNING | services.llm_review | Gemini market attempt 2/3 failed: HTTP 401 — retry in 6s
2026-08-10 18:02:31,123 | INFO | __main__ | \U0001f9e0 Gemini market context: unavailable/skipped (HTTP 401)
2026-08-10 18:02:31,123 | INFO | __main__ | \U0001f9e0 Gemini signal review skipped: WAIT hourly status
2026-08-10 18:02:31,154 | WARNING | services.llm_review | Gemini news attempt 1/3 failed: HTTP 401 — retry in 3s
2026-08-10 18:02:34,190 | WARNING | services.llm_review | Gemini news attempt 2/3 failed: HTTP 401 — retry in 6s
2026-08-10 18:02:40,214 | INFO | __main__ | \U0001f9e0 Gemini news review: unavailable/skipped (HTTP 401)
2026-08-10 18:02:40,246 | WARNING | services.llm_review | Gemini macro attempt 1/3 failed: HTTP 401 — retry in 3s
2026-08-10 18:02:43,280 | WARNING | services.llm_review | Gemini macro attempt 2/3 failed: HTTP 401 — retry in 6s
2026-08-10 18:02:49,298 | INFO | __main__ | \U0001f9e0 Gemini macro: unavailable/skipped (HTTP 401)
2026-08-10 18:02:49,361 | INFO | __main__ | Revived SELL day map for XAU/USD rejected on re-authorisation: 2 qualified agents oppose the mapped SELL (limit 1): price_action, multitimeframe
2026-08-10 18:02:49,361 | INFO | __main__ | Revived BUY day map for XAU/USD rejected on re-authorisation: planner execution requires 3 qualified agents or 2 agents + macro/gemini; got 2
2026-08-10 18:02:49,361 | INFO | __main__ | Revived BUY day map for XAU/USD rejected on re-authorisation: planner execution requires 3 qualified agents or 2 agents + macro/gemini; got 2
2026-08-10 18:02:49,361 | INFO | __main__ | Revived BUY day map for XAU/USD rejected on re-authorisation: planner execution requires 3 qualified agents or 2 agents + macro/gemini; got 2
2026-08-10 18:02:49,361 | INFO | __main__ | Revived BUY day map for XAU/USD rejected on re-authorisation: planner execution requires 3 qualified agents or 2 agents + macro/gemini; got 2
2026-08-10 18:02:49,361 | INFO | __main__ | Revived BUY day map for XAU/USD rejected on re-authorisation: planner execution requires 3 qualified agents or 2 agents + macro/gemini; got 2
2026-08-10 18:02:49,361 | INFO | __main__ | Revived BUY day map for XAU/USD rejected on re-authorisation: planner execution requires 3 qualified agents or 2 agents + macro/gemini; got 2
2026-08-10 18:02:49,361 | INFO | __main__ | Revived BUY day map for XAU/USD rejected on re-authorisation: planner execution requires 3 qualified agents or 2 agents + macro/gemini; got 2
2026-08-10 18:02:49,361 | INFO | __main__ | Revived BUY day map for XAU/USD rejected on re-authorisation: planner execution requires 3 qualified agents or 2 agents + macro/gemini; got 2
2026-08-10 18:02:49,361 | INFO | __main__ | Revived BUY day map for XAU/USD rejected on re-authorisation: planner execution requires 3 qualified agents or 2 agents + macro/gemini; got 2
2026-08-10 18:02:49,361 | INFO | __main__ | Revived BUY day map for XAU/USD rejected on re-authorisation: planner execution requires 3 qualified agents or 2 agents + macro/gemini; got 2
2026-08-10 18:02:49,361 | INFO | __main__ | Revived BUY day map for XAU/USD rejected on re-authorisation: planner execution requires 3 qualified agents or 2 agents + macro/gemini; got 2
2026-08-10 18:02:49,361 | INFO | __main__ | Session-plan ladder skipped: plan not ready (status=BLOCKED, reason=news blocked: DANGER) and no unexpired day map to fall back on
2026-08-10 19:02:03,773 | WARNING | DatabaseService | Supabase credentials missing, using local fallback JSON
2026-08-10 19:02:04,164 | INFO | __main__ | Market data integrity for XAU/USD: source=mt5 type=historical_ohlc grade=HIGH signal_generation=True pending_activation=True
2026-08-10 19:02:04,524 | INFO | services.news_feed_forexfactory | ForexFactory: loaded 27 USD events
2026-08-10 19:02:04,540 | INFO | __main__ | Running agent: technical
2026-08-10 19:02:04,587 | INFO | __main__ | Running agent: classical
2026-08-10 19:02:04,602 | INFO | __main__ | Running agent: smc
2026-08-10 19:02:04,618 | INFO | __main__ | Running agent: price_action
2026-08-10 19:02:04,618 | INFO | __main__ | Running agent: multitimeframe
2026-08-10 19:02:04,665 | INFO | __main__ | Exit agent book for XAU/USD: {'technical': 'BUY 92', 'classical': 'WAIT 27', 'smc': 'WAIT 31', 'price_action': 'WAIT 24', 'multitimeframe': 'BUY 92', 'macro_fundamental': 'WAIT 0'}
2026-08-10 19:02:05,499 | INFO | __main__ | Running agent: macro_fundamental
2026-08-10 19:02:05,499 | INFO | __main__ | Running agent: technical
2026-08-10 19:02:05,545 | INFO | __main__ | Running agent: classical
2026-08-10 19:02:05,577 | INFO | __main__ | Running agent: smc
2026-08-10 19:02:05,577 | INFO | __main__ | Running agent: price_action
2026-08-10 19:02:05,577 | INFO | __main__ | Running agent: multitimeframe
2026-08-10 19:02:05,624 | INFO | __main__ | Running agent: daily_bias
2026-08-10 19:02:08,566 | INFO | __main__ | Session plan not ready for XAU/USD: news blocked: HIGH_VOLATILITY
2026-08-10 19:02:09,944 | INFO | __main__ | Path 2: Macro does NOT confirm BUY (bias=BEARISH_GOLD, need=BULLISH_GOLD, conf=64% < 55% or mismatch)
2026-08-10 19:02:10,226 | WARNING | services.llm_review | Gemini signal attempt 1/3 failed: HTTP 401 — retry in 3s
2026-08-10 19:02:13,247 | WARNING | services.llm_review | Gemini signal attempt 2/3 failed: HTTP 401 — retry in 6s
2026-08-10 19:02:19,276 | INFO | __main__ | \u274c Path 2: Gemini does NOT confirm (verdict= vs BUY, conf=0% < 70%)
2026-08-10 19:02:19,526 | WARNING | services.llm_review | Gemini market attempt 1/3 failed: HTTP 401 — retry in 3s
2026-08-10 19:02:22,553 | WARNING | services.llm_review | Gemini market attempt 2/3 failed: HTTP 401 — retry in 6s
2026-08-10 19:02:28,581 | INFO | __main__ | \U0001f9e0 Gemini market context: unavailable/skipped (HTTP 401)
2026-08-10 19:02:28,581 | INFO | __main__ | \U0001f9e0 Gemini signal review skipped: WAIT hourly status
2026-08-10 19:02:28,597 | WARNING | services.llm_review | Gemini news attempt 1/3 failed: HTTP 401 — retry in 3s
2026-08-10 19:02:31,631 | WARNING | services.llm_review | Gemini news attempt 2/3 failed: HTTP 401 — retry in 6s
2026-08-10 19:02:37,657 | INFO | __main__ | \U0001f9e0 Gemini news review: unavailable/skipped (HTTP 401)
2026-08-10 19:02:37,696 | WARNING | services.llm_review | Gemini macro attempt 1/3 failed: HTTP 401 — retry in 3s
2026-08-10 19:02:40,717 | WARNING | services.llm_review | Gemini macro attempt 2/3 failed: HTTP 401 — retry in 6s
2026-08-10 19:02:46,748 | INFO | __main__ | \U0001f9e0 Gemini macro: unavailable/skipped (HTTP 401)
2026-08-10 19:02:46,827 | INFO | __main__ | Revived SELL day map for XAU/USD rejected on re-authorisation: 2 qualified agents oppose the mapped SELL (limit 1): technical, multitimeframe
2026-08-10 19:02:46,827 | INFO | __main__ | Revived BUY day map for XAU/USD rejected on re-authorisation: planner execution requires 3 qualified agents or 2 agents + macro/gemini; got 2
2026-08-10 19:02:46,827 | INFO | __main__ | Revived BUY day map for XAU/USD rejected on re-authorisation: planner execution requires 3 qualified agents or 2 agents + macro/gemini; got 2
2026-08-10 19:02:46,827 | INFO | __main__ | Revived BUY day map for XAU/USD rejected on re-authorisation: planner execution requires 3 qualified agents or 2 agents + macro/gemini; got 2
2026-08-10 19:02:46,827 | INFO | __main__ | Revived BUY day map for XAU/USD rejected on re-authorisation: planner execution requires 3 qualified agents or 2 agents + macro/gemini; got 2
2026-08-10 19:02:46,827 | INFO | __main__ | Revived BUY day map for XAU/USD rejected on re-authorisation: planner execution requires 3 qualified agents or 2 agents + macro/gemini; got 2
2026-08-10 19:02:46,827 | INFO | __main__ | Revived BUY day map for XAU/USD rejected on re-authorisation: planner execution requires 3 qualified agents or 2 agents + macro/gemini; got 2
2026-08-10 19:02:46,827 | INFO | __main__ | Revived BUY day map for XAU/USD rejected on re-authorisation: planner execution requires 3 qualified agents or 2 agents + macro/gemini; got 2
2026-08-10 19:02:46,827 | INFO | __main__ | Revived BUY day map for XAU/USD rejected on re-authorisation: planner execution requires 3 qualified agents or 2 agents + macro/gemini; got 2
2026-08-10 19:02:46,827 | INFO | __main__ | Revived BUY day map for XAU/USD rejected on re-authorisation: planner execution requires 3 qualified agents or 2 agents + macro/gemini; got 2
2026-08-10 19:02:46,827 | INFO | __main__ | Session-plan ladder skipped: plan not ready (status=BLOCKED, reason=news blocked: HIGH_VOLATILITY) and no unexpired day map to fall back on
2026-08-10 20:02:05,358 | WARNING | DatabaseService | Supabase credentials missing, using local fallback JSON
2026-08-10 20:02:05,886 | INFO | __main__ | Market data integrity for XAU/USD: source=mt5 type=historical_ohlc grade=HIGH signal_generation=True pending_activation=True
2026-08-10 20:02:06,344 | INFO | services.news_feed_forexfactory | ForexFactory: loaded 27 USD events
2026-08-10 20:02:06,348 | INFO | __main__ | Running agent: technical
2026-08-10 20:02:06,408 | INFO | __main__ | Running agent: classical
2026-08-10 20:02:06,435 | INFO | __main__ | Running agent: smc
2026-08-10 20:02:06,441 | INFO | __main__ | Running agent: price_action
2026-08-10 20:02:06,441 | INFO | __main__ | Running agent: multitimeframe
2026-08-10 20:02:06,502 | INFO | __main__ | Exit agent book for XAU/USD: {'technical': 'BUY 92', 'classical': 'SELL 70', 'smc': 'WAIT 30', 'price_action': 'SELL 84', 'multitimeframe': 'BUY 92', 'macro_fundamental': 'WAIT 0'}
2026-08-10 20:02:07,698 | INFO | __main__ | Running agent: macro_fundamental
2026-08-10 20:02:07,702 | INFO | __main__ | Running agent: technical
2026-08-10 20:02:07,761 | INFO | __main__ | Running agent: classical
2026-08-10 20:02:07,789 | INFO | __main__ | Running agent: smc
2026-08-10 20:02:07,794 | INFO | __main__ | Running agent: price_action
2026-08-10 20:02:07,796 | INFO | __main__ | Running agent: multitimeframe
2026-08-10 20:02:07,867 | INFO | __main__ | Running agent: daily_bias
2026-08-10 20:02:13,404 | INFO | __main__ | Session plan not ready for XAU/USD: primary quality 44.0 below planner floor 70.0
2026-08-10 20:02:15,334 | WARNING | services.llm_review | Gemini market attempt 1/3 failed: HTTP 401 — retry in 3s
2026-08-10 20:02:18,370 | WARNING | services.llm_review | Gemini market attempt 2/3 failed: HTTP 401 — retry in 6s
2026-08-10 20:02:24,395 | INFO | __main__ | \U0001f9e0 Gemini market context: unavailable/skipped (HTTP 401)
2026-08-10 20:02:24,395 | INFO | __main__ | \U0001f9e0 Gemini signal review skipped: WAIT hourly status
2026-08-10 20:02:24,417 | WARNING | services.llm_review | Gemini news attempt 1/3 failed: HTTP 401 — retry in 3s
2026-08-10 20:02:27,456 | WARNING | services.llm_review | Gemini news attempt 2/3 failed: HTTP 401 — retry in 6s
2026-08-10 20:02:33,485 | INFO | __main__ | \U0001f9e0 Gemini news review: unavailable/skipped (HTTP 401)
2026-08-10 20:02:33,516 | WARNING | services.llm_review | Gemini macro attempt 1/3 failed: HTTP 401 — retry in 3s
2026-08-10 20:02:36,543 | WARNING | services.llm_review | Gemini macro attempt 2/3 failed: HTTP 401 — retry in 6s
2026-08-10 20:02:42,568 | INFO | __main__ | \U0001f9e0 Gemini macro: unavailable/skipped (HTTP 401)
2026-08-10 20:02:42,633 | INFO | __main__ | Revived SELL day map for XAU/USD rejected on re-authorisation: 2 qualified agents oppose the mapped SELL (limit 1): technical, multitimeframe
2026-08-10 20:02:42,634 | INFO | __main__ | Session-plan ladder skipped: plan not ready (status=NOT_READY, reason=primary quality 44.0 below planner floor 70.0) and no unexpired day map to fall back on
2026-08-10 20:02:43,428 | INFO | telegram_bot | telegram delivered: \U0001f9ea DEMO · \U0001f7e1 <b>SmartSignal — Market Status</b>
\u2501\u2501\u2501\u2501\u2501\u2501\u2501\u2501\u2501\u2501\u2501\u2501\u2501\u2501
2026-08-10 21:02:03,489 | WARNING | DatabaseService | Supabase credentials missing, using local fallback JSON
2026-08-10 21:02:03,850 | INFO | __main__ | Market data integrity for XAU/USD: source=mt5 type=historical_ohlc grade=HIGH signal_generation=True pending_activation=True
2026-08-10 21:02:04,163 | INFO | services.news_feed_forexfactory | ForexFactory: loaded 27 USD events
2026-08-10 21:02:04,163 | INFO | __main__ | Running agent: technical
2026-08-10 21:02:04,214 | INFO | __main__ | Running agent: classical
2026-08-10 21:02:04,242 | INFO | __main__ | Running agent: smc
2026-08-10 21:02:04,242 | INFO | __main__ | Running agent: price_action
2026-08-10 21:02:04,242 | INFO | __main__ | Running agent: multitimeframe
2026-08-10 21:02:04,289 | INFO | __main__ | Exit agent book for XAU/USD: {'technical': 'BUY 92', 'classical': 'SELL 70', 'smc': 'WAIT 30', 'price_action': 'WAIT 32', 'multitimeframe': 'BUY 92', 'macro_fundamental': 'WAIT 0'}
2026-08-10 21:02:05,010 | INFO | __main__ | Running agent: macro_fundamental
2026-08-10 21:02:05,010 | INFO | __main__ | Running agent: technical
2026-08-10 21:02:05,057 | INFO | __main__ | Running agent: classical
2026-08-10 21:02:05,088 | INFO | __main__ | Running agent: smc
2026-08-10 21:02:05,088 | INFO | __main__ | Running agent: price_action
2026-08-10 21:02:05,088 | INFO | __main__ | Running agent: multitimeframe
2026-08-10 21:02:05,135 | INFO | __main__ | Running agent: daily_bias
2026-08-10 21:02:06,653 | INFO | __main__ | Session plan not ready for XAU/USD: primary quality 54.0 below planner floor 70.0
2026-08-10 21:02:07,687 | INFO | __main__ | Path 2: Macro does NOT confirm BUY (bias=BEARISH_GOLD, need=BULLISH_GOLD, conf=64% < 55% or mismatch)
2026-08-10 21:02:07,937 | WARNING | services.llm_review | Gemini signal attempt 1/3 failed: HTTP 401 — retry in 3s
2026-08-10 21:02:10,959 | WARNING | services.llm_review | Gemini signal attempt 2/3 failed: HTTP 401 — retry in 6s
2026-08-10 21:02:16,995 | INFO | __main__ | \u274c Path 2: Gemini does NOT confirm (verdict= vs BUY, conf=0% < 70%)
2026-08-10 21:02:17,249 | WARNING | services.llm_review | Gemini market attempt 1/3 failed: HTTP 401 — retry in 3s
2026-08-10 21:02:20,275 | WARNING | services.llm_review | Gemini market attempt 2/3 failed: HTTP 401 — retry in 6s
2026-08-10 21:02:26,303 | INFO | __main__ | \U0001f9e0 Gemini market context: unavailable/skipped (HTTP 401)
2026-08-10 21:02:26,303 | INFO | __main__ | \U0001f9e0 Gemini signal review skipped: WAIT hourly status
2026-08-10 21:02:26,318 | WARNING | services.llm_review | Gemini news attempt 1/3 failed: HTTP 401 — retry in 3s
2026-08-10 21:02:29,349 | WARNING | services.llm_review | Gemini news attempt 2/3 failed: HTTP 401 — retry in 6s
2026-08-10 21:02:35,412 | INFO | __main__ | \U0001f9e0 Gemini news review: unavailable/skipped (HTTP 401)
2026-08-10 21:02:35,459 | WARNING | services.llm_review | Gemini macro attempt 1/3 failed: HTTP 401 — retry in 3s
2026-08-10 21:02:38,481 | WARNING | services.llm_review | Gemini macro attempt 2/3 failed: HTTP 401 — retry in 6s
2026-08-10 21:02:44,511 | INFO | __main__ | \U0001f9e0 Gemini macro: unavailable/skipped (HTTP 401)
2026-08-10 21:02:44,637 | INFO | __main__ | Revived SELL day map for XAU/USD rejected on re-authorisation: 2 qualified agents oppose the mapped SELL (limit 1): technical, multitimeframe
2026-08-10 21:02:44,637 | INFO | __main__ | Session-plan ladder skipped: plan not ready (status=NOT_READY, reason=primary quality 54.0 below planner floor 70.0) and no unexpired day map to fall back on
2026-08-10 21:02:45,185 | INFO | telegram_bot | telegram delivered: \U0001f9ea DEMO · \U0001f7e1 <b>SmartSignal — Market Status</b>
\u2501\u2501\u2501\u2501\u2501\u2501\u2501\u2501\u2501\u2501\u2501\u2501\u2501\u2501
2026-08-10 22:02:03,495 | WARNING | DatabaseService | Supabase credentials missing, using local fallback JSON
2026-08-10 22:02:03,933 | INFO | __main__ | Market data integrity for XAU/USD: source=mt5 type=historical_ohlc grade=HIGH signal_generation=True pending_activation=True
2026-08-10 22:02:04,263 | INFO | services.news_feed_forexfactory | ForexFactory: loaded 27 USD events
2026-08-10 22:02:04,263 | INFO | __main__ | Running agent: technical
2026-08-10 22:02:04,309 | INFO | __main__ | Running agent: classical
2026-08-10 22:02:04,341 | INFO | __main__ | Running agent: smc
2026-08-10 22:02:04,341 | INFO | __main__ | Running agent: price_action
2026-08-10 22:02:04,341 | INFO | __main__ | Running agent: multitimeframe
2026-08-10 22:02:04,389 | INFO | __main__ | Exit agent book for XAU/USD: {'technical': 'BUY 92', 'classical': 'SELL 70', 'smc': 'WAIT 30', 'price_action': 'SELL 82', 'multitimeframe': 'BUY 92', 'macro_fundamental': 'WAIT 0'}
2026-08-10 22:02:05,214 | INFO | __main__ | Running agent: macro_fundamental
2026-08-10 22:02:05,218 | INFO | __main__ | Running agent: technical
2026-08-10 22:02:05,258 | INFO | __main__ | Running agent: classical
2026-08-10 22:02:05,290 | INFO | __main__ | Running agent: smc
2026-08-10 22:02:05,290 | INFO | __main__ | Running agent: price_action
2026-08-10 22:02:05,290 | INFO | __main__ | Running agent: multitimeframe
2026-08-10 22:02:05,336 | INFO | __main__ | Running agent: daily_bias
2026-08-10 22:02:08,062 | INFO | __main__ | Session plan not ready for XAU/USD: primary quality 44.0 below planner floor 70.0
2026-08-10 22:02:09,565 | WARNING | services.llm_review | Gemini market attempt 1/3 failed: HTTP 401 — retry in 3s
2026-08-10 22:02:12,590 | WARNING | services.llm_review | Gemini market attempt 2/3 failed: HTTP 401 — retry in 6s
2026-08-10 22:02:18,624 | INFO | __main__ | \U0001f9e0 Gemini market context: unavailable/skipped (HTTP 401)
2026-08-10 22:02:18,624 | INFO | __main__ | \U0001f9e0 Gemini signal review skipped: WAIT hourly status
2026-08-10 22:02:18,655 | WARNING | services.llm_review | Gemini news attempt 1/3 failed: HTTP 401 — retry in 3s
2026-08-10 22:02:21,692 | WARNING | services.llm_review | Gemini news attempt 2/3 failed: HTTP 401 — retry in 6s
2026-08-10 22:02:27,711 | INFO | __main__ | \U0001f9e0 Gemini news review: unavailable/skipped (HTTP 401)
2026-08-10 22:02:27,758 | WARNING | services.llm_review | Gemini macro attempt 1/3 failed: HTTP 401 — retry in 3s
2026-08-10 22:02:30,783 | WARNING | services.llm_review | Gemini macro attempt 2/3 failed: HTTP 401 — retry in 6s
2026-08-10 22:02:36,817 | INFO | __main__ | \U0001f9e0 Gemini macro: unavailable/skipped (HTTP 401)
2026-08-10 22:02:36,879 | INFO | __main__ | Revived SELL day map for XAU/USD rejected on re-authorisation: 2 qualified agents oppose the mapped SELL (limit 1): technical, multitimeframe
2026-08-10 22:02:36,895 | INFO | __main__ | Session-plan ladder skipped: plan not ready (status=NOT_READY, reason=primary quality 44.0 below planner floor 70.0) and no unexpired day map to fall back on
2026-08-10 22:02:37,458 | INFO | telegram_bot | telegram delivered: \U0001f9ea DEMO · \U0001f7e1 <b>SmartSignal — Market Status</b>
\u2501\u2501\u2501\u2501\u2501\u2501\u2501\u2501\u2501\u2501\u2501\u2501\u2501\u2501
2026-08-10 23:02:03,213 | WARNING | DatabaseService | Supabase credentials missing, using local fallback JSON
2026-08-10 23:02:03,572 | INFO | __main__ | Market data integrity for XAU/USD: source=mt5 type=historical_ohlc grade=HIGH signal_generation=True pending_activation=True
2026-08-10 23:02:03,604 | INFO | __main__ | Running agent: macro_fundamental
2026-08-10 23:02:03,901 | INFO | services.news_feed_forexfactory | ForexFactory: loaded 27 USD events
2026-08-10 23:02:03,901 | INFO | __main__ | Running agent: technical
2026-08-10 23:02:03,948 | INFO | __main__ | Running agent: classical
2026-08-10 23:02:03,979 | INFO | __main__ | Running agent: smc
2026-08-10 23:02:03,979 | INFO | __main__ | Running agent: price_action
2026-08-10 23:02:03,979 | INFO | __main__ | Running agent: multitimeframe
2026-08-10 23:02:04,026 | INFO | __main__ | Running agent: daily_bias
2026-08-10 23:02:08,181 | INFO | __main__ | Session plan not ready for XAU/USD: primary quality 46.0 below planner floor 70.0
2026-08-10 23:02:09,387 | INFO | __main__ | Path 2: Macro does NOT confirm BUY (bias=BEARISH_GOLD, need=BULLISH_GOLD, conf=64% < 55% or mismatch)
2026-08-10 23:02:09,701 | WARNING | services.llm_review | Gemini signal attempt 1/3 failed: HTTP 401 — retry in 3s
2026-08-10 23:02:12,721 | WARNING | services.llm_review | Gemini signal attempt 2/3 failed: HTTP 401 — retry in 6s
2026-08-10 23:02:18,751 | INFO | __main__ | \u274c Path 2: Gemini does NOT confirm (verdict= vs BUY, conf=0% < 70%)
2026-08-10 23:02:19,075 | WARNING | services.llm_review | Gemini market attempt 1/3 failed: HTTP 401 — retry in 3s
2026-08-10 23:02:22,094 | WARNING | services.llm_review | Gemini market attempt 2/3 failed: HTTP 401 — retry in 6s
2026-08-10 23:02:28,129 | INFO | __main__ | \U0001f9e0 Gemini market context: unavailable/skipped (HTTP 401)
2026-08-10 23:02:28,129 | INFO | __main__ | \U0001f9e0 Gemini signal review skipped: WAIT hourly status
2026-08-10 23:02:28,162 | WARNING | services.llm_review | Gemini news attempt 1/3 failed: HTTP 401 — retry in 3s
2026-08-10 23:02:31,186 | WARNING | services.llm_review | Gemini news attempt 2/3 failed: HTTP 401 — retry in 6s
2026-08-10 23:02:37,218 | INFO | __main__ | \U0001f9e0 Gemini news review: unavailable/skipped (HTTP 401)
2026-08-10 23:02:37,245 | WARNING | services.llm_review | Gemini macro attempt 1/3 failed: HTTP 401 — retry in 3s
2026-08-10 23:02:40,273 | WARNING | services.llm_review | Gemini macro attempt 2/3 failed: HTTP 401 — retry in 6s
2026-08-10 23:02:46,290 | INFO | __main__ | \U0001f9e0 Gemini macro: unavailable/skipped (HTTP 401)
2026-08-10 23:02:46,353 | INFO | __main__ | Session-plan ladder skipped: plan not ready (status=NOT_READY, reason=primary quality 46.0 below planner floor 70.0) and no unexpired day map to fall back on
2026-08-10 23:02:46,963 | INFO | telegram_bot | telegram delivered: \U0001f9ea DEMO · \U0001f7e1 <b>SmartSignal — Market Status</b>
\u2501\u2501\u2501\u2501\u2501\u2501\u2501\u2501\u2501\u2501\u2501\u2501\u2501\u2501
2026-08-11 00:02:03,577 | WARNING | DatabaseService | Supabase credentials missing, using local fallback JSON
2026-08-11 00:02:04,063 | INFO | __main__ | Market data integrity for XAU/USD: source=mt5 type=historical_ohlc grade=HIGH signal_generation=True pending_activation=True
2026-08-11 00:02:04,110 | INFO | __main__ | Running agent: macro_fundamental
2026-08-11 00:02:04,439 | INFO | services.news_feed_forexfactory | ForexFactory: loaded 27 USD events
2026-08-11 00:02:04,439 | INFO | __main__ | Running agent: technical
2026-08-11 00:02:04,501 | INFO | __main__ | Running agent: classical
2026-08-11 00:02:04,532 | INFO | __main__ | Running agent: smc
2026-08-11 00:02:04,532 | INFO | __main__ | Running agent: price_action
2026-08-11 00:02:04,532 | INFO | __main__ | Running agent: multitimeframe
2026-08-11 00:02:04,580 | INFO | __main__ | Running agent: daily_bias
2026-08-11 00:02:09,823 | INFO | __main__ | Session plan not ready for XAU/USD: primary quality 54.0 below planner floor 70.0
2026-08-11 00:02:11,759 | WARNING | services.llm_review | Gemini market attempt 1/3 failed: HTTP 401 — retry in 3s
2026-08-11 00:02:14,784 | WARNING | services.llm_review | Gemini market attempt 2/3 failed: HTTP 401 — retry in 6s
2026-08-11 00:02:20,909 | INFO | __main__ | \U0001f9e0 Gemini market context: unavailable/skipped (HTTP 401)
2026-08-11 00:02:20,909 | INFO | __main__ | \U0001f9e0 Gemini signal review skipped: WAIT hourly status
2026-08-11 00:02:20,953 | WARNING | services.llm_review | Gemini news attempt 1/3 failed: HTTP 401 — retry in 3s
2026-08-11 00:02:23,967 | WARNING | services.llm_review | Gemini news attempt 2/3 failed: HTTP 401 — retry in 6s
2026-08-11 00:02:29,998 | INFO | __main__ | \U0001f9e0 Gemini news review: unavailable/skipped (HTTP 401)
2026-08-11 00:02:30,030 | WARNING | services.llm_review | Gemini macro attempt 1/3 failed: HTTP 401 — retry in 3s
2026-08-11 00:02:33,057 | WARNING | services.llm_review | Gemini macro attempt 2/3 failed: HTTP 401 — retry in 6s
2026-08-11 00:02:39,070 | INFO | __main__ | \U0001f9e0 Gemini macro: unavailable/skipped (HTTP 401)
2026-08-11 00:02:39,148 | INFO | __main__ | Session-plan ladder skipped: plan not ready (status=NOT_READY, reason=primary quality 54.0 below planner floor 70.0) and no unexpired day map to fall back on
2026-08-11 00:02:39,696 | INFO | telegram_bot | telegram delivered: \U0001f9ea DEMO · \U0001f7e1 <b>SmartSignal — Market Status</b>
\u2501\u2501\u2501\u2501\u2501\u2501\u2501\u2501\u2501\u2501\u2501\u2501\u2501\u2501
2026-08-11 01:02:05,002 | WARNING | DatabaseService | Supabase credentials missing, using local fallback JSON
2026-08-11 01:02:05,966 | INFO | __main__ | Market data integrity for XAU/USD: source=mt5 type=historical_ohlc grade=HIGH signal_generation=True pending_activation=True
2026-08-11 01:02:06,045 | INFO | __main__ | Running agent: macro_fundamental
2026-08-11 01:02:06,533 | INFO | services.news_feed_forexfactory | ForexFactory: loaded 27 USD events
2026-08-11 01:02:06,533 | INFO | __main__ | Running agent: technical
2026-08-11 01:02:06,597 | INFO | __main__ | Running agent: classical
2026-08-11 01:02:06,613 | INFO | __main__ | Running agent: smc
2026-08-11 01:02:06,613 | INFO | __main__ | Running agent: price_action
2026-08-11 01:02:06,613 | INFO | __main__ | Running agent: multitimeframe
2026-08-11 01:02:06,660 | INFO | __main__ | Running agent: daily_bias
2026-08-11 01:02:14,161 | INFO | __main__ | Session plan not ready for XAU/USD: structure quality WEAK is too weak for this plan type
2026-08-11 01:02:16,191 | WARNING | services.llm_review | Gemini market attempt 1/3 failed: HTTP 401 — retry in 3s
2026-08-11 01:02:19,247 | WARNING | services.llm_review | Gemini market attempt 2/3 failed: HTTP 401 — retry in 6s
2026-08-11 01:02:25,290 | INFO | __main__ | \U0001f9e0 Gemini market context: unavailable/skipped (HTTP 401)
2026-08-11 01:02:25,290 | INFO | __main__ | \U0001f9e0 Gemini signal review skipped: WAIT hourly status
2026-08-11 01:02:25,337 | WARNING | services.llm_review | Gemini news attempt 1/3 failed: HTTP 401 — retry in 3s
2026-08-11 01:02:28,362 | WARNING | services.llm_review | Gemini news attempt 2/3 failed: HTTP 401 — retry in 6s
2026-08-11 01:02:34,381 | INFO | __main__ | \U0001f9e0 Gemini news review: unavailable/skipped (HTTP 401)
2026-08-11 01:02:34,428 | WARNING | services.llm_review | Gemini macro attempt 1/3 failed: HTTP 401 — retry in 3s
2026-08-11 01:02:37,456 | WARNING | services.llm_review | Gemini macro attempt 2/3 failed: HTTP 401 — retry in 6s
2026-08-11 01:02:43,481 | INFO | __main__ | \U0001f9e0 Gemini macro: unavailable/skipped (HTTP 401)
2026-08-11 01:02:43,714 | INFO | __main__ | Session-plan ladder skipped: plan not ready (status=NOT_READY, reason=structure quality WEAK is too weak for this plan type) and no unexpired day map to fall back on
2026-08-11 01:02:44,521 | INFO | telegram_bot | telegram delivered: \U0001f9ea DEMO · \U0001f7e1 <b>SmartSignal — Market Status</b>
\u2501\u2501\u2501\u2501\u2501\u2501\u2501\u2501\u2501\u2501\u2501\u2501\u2501\u2501
2026-08-11 02:02:04,851 | WARNING | DatabaseService | Supabase credentials missing, using local fallback JSON
2026-08-11 02:02:05,472 | INFO | __main__ | Market data integrity for XAU/USD: source=mt5 type=historical_ohlc grade=HIGH signal_generation=True pending_activation=True
2026-08-11 02:02:05,912 | INFO | services.news_feed_forexfactory | ForexFactory: loaded 27 USD events
2026-08-11 02:02:05,912 | INFO | __main__ | Running agent: technical
2026-08-11 02:02:05,959 | INFO | __main__ | Running agent: classical
2026-08-11 02:02:05,979 | INFO | __main__ | Running agent: smc
2026-08-11 02:02:05,996 | INFO | __main__ | Running agent: price_action
2026-08-11 02:02:05,996 | INFO | __main__ | Running agent: multitimeframe
2026-08-11 02:02:06,055 | INFO | __main__ | Exit agent book for XAU/USD: {'technical': 'BUY 92', 'classical': 'WAIT 30', 'smc': 'WAIT 30', 'price_action': 'WAIT 29', 'multitimeframe': 'BUY 92', 'macro_fundamental': 'WAIT 0'}
2026-08-11 02:02:07,226 | INFO | __main__ | Running agent: macro_fundamental
2026-08-11 02:02:07,241 | INFO | __main__ | Running agent: technical
2026-08-11 02:02:07,288 | INFO | __main__ | Running agent: classical
2026-08-11 02:02:07,319 | INFO | __main__ | Running agent: smc
2026-08-11 02:02:07,319 | INFO | __main__ | Running agent: price_action
2026-08-11 02:02:07,319 | INFO | __main__ | Running agent: multitimeframe
2026-08-11 02:02:07,382 | INFO | __main__ | Running agent: daily_bias
2026-08-11 02:02:11,052 | INFO | __main__ | Session plan not ready for XAU/USD: primary quality 60.0 below planner floor 70.0
2026-08-11 02:02:12,479 | INFO | __main__ | Path 2: Macro does NOT confirm BUY (bias=BEARISH_GOLD, need=BULLISH_GOLD, conf=84% < 55% or mismatch)
2026-08-11 02:02:12,823 | WARNING | services.llm_review | Gemini signal attempt 1/3 failed: HTTP 401 — retry in 3s
2026-08-11 02:02:15,861 | WARNING | services.llm_review | Gemini signal attempt 2/3 failed: HTTP 401 — retry in 6s
2026-08-11 02:02:21,890 | INFO | __main__ | \u274c Path 2: Gemini does NOT confirm (verdict= vs BUY, conf=0% < 70%)
2026-08-11 02:02:22,188 | WARNING | services.llm_review | Gemini market attempt 1/3 failed: HTTP 401 — retry in 3s
2026-08-11 02:02:25,205 | WARNING | services.llm_review | Gemini market attempt 2/3 failed: HTTP 401 — retry in 6s
2026-08-11 02:02:31,243 | INFO | __main__ | \U0001f9e0 Gemini market context: unavailable/skipped (HTTP 401)
2026-08-11 02:02:31,243 | INFO | __main__ | \U0001f9e0 Gemini signal review skipped: WAIT hourly status
2026-08-11 02:02:31,290 | WARNING | services.llm_review | Gemini news attempt 1/3 failed: HTTP 401 — retry in 3s
2026-08-11 02:02:34,316 | WARNING | services.llm_review | Gemini news attempt 2/3 failed: HTTP 401 — retry in 6s
2026-08-11 02:02:40,327 | INFO | __main__ | \U0001f9e0 Gemini news review: unavailable/skipped (HTTP 401)
2026-08-11 02:02:40,359 | WARNING | services.llm_review | Gemini macro attempt 1/3 failed: HTTP 401 — retry in 3s
2026-08-11 02:02:43,391 | WARNING | services.llm_review | Gemini macro attempt 2/3 failed: HTTP 401 — retry in 6s
2026-08-11 02:02:49,418 | INFO | __main__ | \U0001f9e0 Gemini macro: unavailable/skipped (HTTP 401)
2026-08-11 02:02:49,481 | INFO | __main__ | Revived BUY day map for XAU/USD rejected on re-authorisation: planner execution requires 3 qualified agents or 2 agents + macro/gemini; got 2
2026-08-11 02:02:49,481 | INFO | __main__ | Revived BUY day map for XAU/USD rejected on re-authorisation: planner execution requires 3 qualified agents or 2 agents + macro/gemini; got 2
2026-08-11 02:02:49,481 | INFO | __main__ | Session-plan ladder skipped: plan not ready (status=NOT_READY, reason=primary quality 60.0 below planner floor 70.0) and no unexpired day map to fall back on
2026-08-11 02:02:50,050 | INFO | telegram_bot | telegram delivered: \U0001f9ea DEMO · \U0001f7e1 <b>SmartSignal — Market Status</b>
\u2501\u2501\u2501\u2501\u2501\u2501\u2501\u2501\u2501\u2501\u2501\u2501\u2501\u2501
2026-08-11 03:02:04,664 | WARNING | DatabaseService | Supabase credentials missing, using local fallback JSON
2026-08-11 03:02:05,072 | INFO | __main__ | Market data integrity for XAU/USD: source=mt5 type=historical_ohlc grade=HIGH signal_generation=True pending_activation=True
2026-08-11 03:02:05,405 | INFO | services.news_feed_forexfactory | ForexFactory: loaded 27 USD events
2026-08-11 03:02:05,405 | INFO | __main__ | Running agent: technical
2026-08-11 03:02:05,452 | INFO | __main__ | Running agent: classical
2026-08-11 03:02:05,483 | INFO | __main__ | Running agent: smc
2026-08-11 03:02:05,483 | INFO | __main__ | Running agent: price_action
2026-08-11 03:02:05,483 | INFO | __main__ | Running agent: multitimeframe
2026-08-11 03:02:05,530 | INFO | __main__ | Exit agent book for XAU/USD: {'technical': 'WAIT 34.2', 'classical': 'BUY 70', 'smc': 'WAIT 27', 'price_action': 'WAIT 26', 'multitimeframe': 'BUY 89', 'macro_fundamental': 'WAIT 0'}
2026-08-11 03:02:06,532 | INFO | __main__ | Running agent: macro_fundamental
2026-08-11 03:02:06,532 | INFO | __main__ | Running agent: technical
2026-08-11 03:02:06,579 | INFO | __main__ | Running agent: classical
2026-08-11 03:02:06,610 | INFO | __main__ | Running agent: smc
2026-08-11 03:02:06,610 | INFO | __main__ | Running agent: price_action
2026-08-11 03:02:06,610 | INFO | __main__ | Running agent: multitimeframe
2026-08-11 03:02:06,658 | INFO | __main__ | Running agent: daily_bias
2026-08-11 03:02:13,539 | INFO | __main__ | Session plan not ready for XAU/USD: primary thesis too weak for planning (dominance 39.3, return probability 40.6)
2026-08-11 03:02:14,859 | INFO | __main__ | Path 2: Macro does NOT confirm BUY (bias=BEARISH_GOLD, need=BULLISH_GOLD, conf=84% < 55% or mismatch)
2026-08-11 03:02:15,188 | WARNING | services.llm_review | Gemini signal attempt 1/3 failed: HTTP 401 — retry in 3s
2026-08-11 03:02:18,214 | WARNING | services.llm_review | Gemini signal attempt 2/3 failed: HTTP 401 — retry in 6s
2026-08-11 03:02:24,237 | INFO | __main__ | \u274c Path 2: Gemini does NOT confirm (verdict= vs BUY, conf=0% < 70%)
2026-08-11 03:02:24,518 | WARNING | services.llm_review | Gemini market attempt 1/3 failed: HTTP 401 — retry in 3s
2026-08-11 03:02:27,540 | WARNING | services.llm_review | Gemini market attempt 2/3 failed: HTTP 401 — retry in 6s
2026-08-11 03:02:33,562 | INFO | __main__ | \U0001f9e0 Gemini market context: unavailable/skipped (HTTP 401)
2026-08-11 03:02:33,562 | INFO | __main__ | \U0001f9e0 Gemini signal review skipped: WAIT hourly status
2026-08-11 03:02:33,609 | WARNING | services.llm_review | Gemini news attempt 1/3 failed: HTTP 401 — retry in 3s
2026-08-11 03:02:36,631 | WARNING | services.llm_review | Gemini news attempt 2/3 failed: HTTP 401 — retry in 6s
2026-08-11 03:02:42,661 | INFO | __main__ | \U0001f9e0 Gemini news review: unavailable/skipped (HTTP 401)
2026-08-11 03:02:42,676 | WARNING | services.llm_review | Gemini macro attempt 1/3 failed: HTTP 401 — retry in 3s
2026-08-11 03:02:45,701 | WARNING | services.llm_review | Gemini macro attempt 2/3 failed: HTTP 401 — retry in 6s
2026-08-11 03:02:51,740 | INFO | __main__ | \U0001f9e0 Gemini macro: unavailable/skipped (HTTP 401)
2026-08-11 03:02:51,819 | INFO | __main__ | Revived BUY day map for XAU/USD rejected on re-authorisation: planner execution requires 3 qualified agents or 2 agents + macro/gemini; got 2
2026-08-11 03:02:51,819 | INFO | __main__ | Revived BUY day map for XAU/USD rejected on re-authorisation: planner execution requires 3 qualified agents or 2 agents + macro/gemini; got 2
2026-08-11 03:02:51,819 | INFO | __main__ | Revived BUY day map for XAU/USD rejected on re-authorisation: planner execution requires 3 qualified agents or 2 agents + macro/gemini; got 2
2026-08-11 03:02:51,819 | INFO | __main__ | Revived BUY day map for XAU/USD rejected on re-authorisation: planner execution requires 3 qualified agents or 2 agents + macro/gemini; got 2
2026-08-11 03:02:51,819 | INFO | __main__ | Revived BUY day map for XAU/USD rejected on re-authorisation: planner execution requires 3 qualified agents or 2 agents + macro/gemini; got 2
2026-08-11 03:02:51,819 | INFO | __main__ | Session-plan ladder skipped: plan not ready (status=NOT_READY, reason=primary thesis too weak for planning (dominance 39.3, return probability 40.6)) and no unexpired day map to fall back on
2026-08-11 03:02:52,517 | INFO | telegram_bot | telegram delivered: \U0001f9ea DEMO · \U0001f7e1 <b>SmartSignal — Market Status</b>
\u2501\u2501\u2501\u2501\u2501\u2501\u2501\u2501\u2501\u2501\u2501\u2501\u2501\u2501
2026-08-11 04:02:03,640 | WARNING | DatabaseService | Supabase credentials missing, using local fallback JSON
2026-08-11 04:02:04,033 | INFO | __main__ | Market data integrity for XAU/USD: source=mt5 type=historical_ohlc grade=HIGH signal_generation=True pending_activation=True
2026-08-11 04:02:04,377 | INFO | services.news_feed_forexfactory | ForexFactory: loaded 27 USD events
2026-08-11 04:02:04,377 | INFO | __main__ | Running agent: technical
2026-08-11 04:02:04,425 | INFO | __main__ | Running agent: classical
2026-08-11 04:02:04,456 | INFO | __main__ | Running agent: smc
2026-08-11 04:02:04,456 | INFO | __main__ | Running agent: price_action
2026-08-11 04:02:04,456 | INFO | __main__ | Running agent: multitimeframe
2026-08-11 04:02:04,503 | INFO | __main__ | Exit agent book for XAU/USD: {'technical': 'WAIT 45.8', 'classical': 'BUY 71', 'smc': 'WAIT 26', 'price_action': 'BUY 75', 'multitimeframe': 'BUY 92', 'macro_fundamental': 'WAIT 0'}
2026-08-11 04:02:05,592 | INFO | __main__ | Running agent: macro_fundamental
2026-08-11 04:02:05,592 | INFO | __main__ | Running agent: technical
2026-08-11 04:02:05,639 | INFO | __main__ | Running agent: classical
2026-08-11 04:02:05,655 | INFO | __main__ | Running agent: smc
2026-08-11 04:02:05,670 | INFO | __main__ | Running agent: price_action
2026-08-11 04:02:05,670 | INFO | __main__ | Running agent: multitimeframe
2026-08-11 04:02:05,717 | INFO | __main__ | Running agent: daily_bias
2026-08-11 04:02:07,495 | INFO | __main__ | Session plan not ready for XAU/USD: primary thesis too weak for planning (dominance 33.7, return probability 26.1)
2026-08-11 04:02:09,173 | WARNING | services.llm_review | Gemini market attempt 1/3 failed: HTTP 401 — retry in 3s
2026-08-11 04:02:12,215 | WARNING | services.llm_review | Gemini market attempt 2/3 failed: HTTP 401 — retry in 6s
2026-08-11 04:02:18,233 | INFO | __main__ | \U0001f9e0 Gemini market context: unavailable/skipped (HTTP 401)
2026-08-11 04:02:18,233 | INFO | __main__ | \U0001f9e0 Gemini signal review skipped: WAIT hourly status
2026-08-11 04:02:18,280 | WARNING | services.llm_review | Gemini news attempt 1/3 failed: HTTP 401 — retry in 3s
2026-08-11 04:02:21,302 | WARNING | services.llm_review | Gemini news attempt 2/3 failed: HTTP 401 — retry in 6s
2026-08-11 04:02:27,318 | INFO | __main__ | \U0001f9e0 Gemini news review: unavailable/skipped (HTTP 401)
2026-08-11 04:02:27,366 | WARNING | services.llm_review | Gemini macro attempt 1/3 failed: HTTP 401 — retry in 3s
2026-08-11 04:02:30,390 | WARNING | services.llm_review | Gemini macro attempt 2/3 failed: HTTP 401 — retry in 6s
2026-08-11 04:02:36,399 | INFO | __main__ | \U0001f9e0 Gemini macro: unavailable/skipped (HTTP 401)
2026-08-11 04:02:36,461 | INFO | __main__ | Reusing unexpired BUY day map for XAU/USD (built 91 min ago, expires 2026-08-11T10:31:08+00:00); this cycle could not rebuild one
2026-08-11 04:02:36,461 | INFO | __main__ | Revived day map expiry renewed: 2026-08-11T10:31:08+00:00 -> 2026-08-11T12:02:36+00:00 (orders judged by their own age, not the source map's)
2026-08-11 04:02:36,477 | INFO | __main__ | Session-plan ladder blocked by execution readiness: map is valid but still waiting for stronger execution confirmation
2026-08-11 04:02:37,025 | INFO | telegram_bot | telegram delivered: \U0001f9ea DEMO · \U0001f7e1 <b>SmartSignal — Market Status</b>
\u2501\u2501\u2501\u2501\u2501\u2501\u2501\u2501\u2501\u2501\u2501\u2501\u2501\u2501
2026-08-11 05:02:03,639 | WARNING | DatabaseService | Supabase credentials missing, using local fallback JSON
2026-08-11 05:02:04,015 | INFO | __main__ | Market data integrity for XAU/USD: source=mt5 type=historical_ohlc grade=HIGH signal_generation=True pending_activation=True
2026-08-11 05:02:04,344 | INFO | services.news_feed_forexfactory | ForexFactory: loaded 27 USD events
2026-08-11 05:02:04,344 | INFO | __main__ | Running agent: technical
2026-08-11 05:02:04,391 | INFO | __main__ | Running agent: classical
2026-08-11 05:02:04,407 | INFO | __main__ | Running agent: smc
2026-08-11 05:02:04,407 | INFO | __main__ | Running agent: price_action
2026-08-11 05:02:04,407 | INFO | __main__ | Running agent: multitimeframe
2026-08-11 05:02:04,454 | INFO | __main__ | Exit agent book for XAU/USD: {'technical': 'WAIT 43.4', 'classical': 'WAIT 28', 'smc': 'WAIT 38', 'price_action': 'SELL 74', 'multitimeframe': 'BUY 67', 'macro_fundamental': 'WAIT 0'}
2026-08-11 05:02:05,350 | INFO | __main__ | Running agent: macro_fundamental
2026-08-11 05:02:05,350 | INFO | __main__ | Running agent: technical
2026-08-11 05:02:05,381 | INFO | __main__ | Running agent: classical
2026-08-11 05:02:05,413 | INFO | __main__ | Running agent: smc
2026-08-11 05:02:05,413 | INFO | __main__ | Running agent: price_action
2026-08-11 05:02:05,413 | INFO | __main__ | Running agent: multitimeframe
2026-08-11 05:02:05,444 | INFO | __main__ | Running agent: daily_bias
2026-08-11 05:02:06,603 | INFO | __main__ | Session plan not ready for XAU/USD: SELL alignment from macro; premium map supports the thesis; but authority WEAK — only 1 aligned source(s), needs 2 (or 1 with both an aligned sweep and zone support)
2026-08-11 05:02:08,061 | WARNING | services.llm_review | Gemini market attempt 1/3 failed: HTTP 401 — retry in 3s
2026-08-11 05:02:11,084 | WARNING | services.llm_review | Gemini market attempt 2/3 failed: HTTP 401 — retry in 6s
2026-08-11 05:02:17,117 | INFO | __main__ | \U0001f9e0 Gemini market context: unavailable/skipped (HTTP 401)
2026-08-11 05:02:17,117 | INFO | __main__ | \U0001f9e0 Gemini signal review skipped: WAIT hourly status
2026-08-11 05:02:17,164 | WARNING | services.llm_review | Gemini news attempt 1/3 failed: HTTP 401 — retry in 3s
2026-08-11 05:02:20,186 | WARNING | services.llm_review | Gemini news attempt 2/3 failed: HTTP 401 — retry in 6s
2026-08-11 05:02:26,223 | INFO | __main__ | \U0001f9e0 Gemini news review: unavailable/skipped (HTTP 401)
2026-08-11 05:02:26,239 | WARNING | services.llm_review | Gemini macro attempt 1/3 failed: HTTP 401 — retry in 3s
2026-08-11 05:02:29,258 | WARNING | services.llm_review | Gemini macro attempt 2/3 failed: HTTP 401 — retry in 6s
2026-08-11 05:02:35,283 | INFO | __main__ | \U0001f9e0 Gemini macro: unavailable/skipped (HTTP 401)
2026-08-11 05:02:35,424 | INFO | __main__ | Revived BUY day map for XAU/USD rejected on re-authorisation: planner execution requires 3 qualified agents or 2 agents + macro/gemini; got 1
2026-08-11 05:02:35,424 | INFO | __main__ | Revived BUY day map for XAU/USD rejected on re-authorisation: planner execution requires 3 qualified agents or 2 agents + macro/gemini; got 1
2026-08-11 05:02:35,424 | INFO | __main__ | Revived BUY day map for XAU/USD rejected on re-authorisation: planner execution requires 3 qualified agents or 2 agents + macro/gemini; got 1
2026-08-11 05:02:35,424 | INFO | __main__ | Revived BUY day map for XAU/USD rejected on re-authorisation: planner execution requires 3 qualified agents or 2 agents + macro/gemini; got 1
2026-08-11 05:02:35,424 | INFO | __main__ | Revived BUY day map for XAU/USD rejected on re-authorisation: planner execution requires 3 qualified agents or 2 agents + macro/gemini; got 1
2026-08-11 05:02:35,424 | INFO | __main__ | Session-plan ladder skipped: plan not ready (status=NOT_READY, reason=SELL alignment from macro; premium map supports the thesis; but authority WEAK — only 1 aligned source(s), needs 2 (or 1 with both an aligned sweep and zone support)) and no unexpired day map to fall back on
2026-08-11 05:02:35,950 | INFO | telegram_bot | telegram delivered: \U0001f9ea DEMO · \U0001f7e1 <b>SmartSignal — Market Status</b>
\u2501\u2501\u2501\u2501\u2501\u2501\u2501\u2501\u2501\u2501\u2501\u2501\u2501\u2501
2026-08-11 06:02:04,509 | WARNING | DatabaseService | Supabase credentials missing, using local fallback JSON
2026-08-11 06:02:04,948 | INFO | __main__ | Market data integrity for XAU/USD: source=mt5 type=historical_ohlc grade=HIGH signal_generation=True pending_activation=True
2026-08-11 06:02:05,327 | INFO | services.news_feed_forexfactory | ForexFactory: loaded 27 USD events
2026-08-11 06:02:05,327 | INFO | __main__ | Running agent: technical
2026-08-11 06:02:05,389 | INFO | __main__ | Running agent: classical
2026-08-11 06:02:05,420 | INFO | __main__ | Running agent: smc
2026-08-11 06:02:05,420 | INFO | __main__ | Running agent: price_action
2026-08-11 06:02:05,420 | INFO | __main__ | Running agent: multitimeframe
2026-08-11 06:02:05,467 | INFO | __main__ | Exit agent book for XAU/USD: {'technical': 'BUY 92', 'classical': 'WAIT 25', 'smc': 'WAIT 28', 'price_action': 'BUY 65', 'multitimeframe': 'BUY 67', 'macro_fundamental': 'WAIT 0'}
2026-08-11 06:02:06,500 | INFO | __main__ | Running agent: macro_fundamental
2026-08-11 06:02:06,500 | INFO | __main__ | Running agent: technical
2026-08-11 06:02:06,547 | INFO | __main__ | Running agent: classical
2026-08-11 06:02:06,594 | INFO | __main__ | Running agent: smc
2026-08-11 06:02:06,610 | INFO | __main__ | Running agent: price_action
2026-08-11 06:02:06,610 | INFO | __main__ | Running agent: multitimeframe
2026-08-11 06:02:06,657 | INFO | __main__ | Running agent: daily_bias
2026-08-11 06:02:11,622 | INFO | __main__ | Session plan not ready for XAU/USD: primary quality 62.0 below planner floor 70.0
2026-08-11 06:02:13,417 | WARNING | services.llm_review | Gemini market attempt 1/3 failed: HTTP 401 — retry in 3s
2026-08-11 06:02:16,460 | WARNING | services.llm_review | Gemini market attempt 2/3 failed: HTTP 401 — retry in 6s
2026-08-11 06:02:22,493 | INFO | __main__ | \U0001f9e0 Gemini market context: unavailable/skipped (HTTP 401)
2026-08-11 06:02:22,493 | INFO | __main__ | \U0001f9e0 Gemini signal review skipped: WAIT hourly status
2026-08-11 06:02:22,524 | WARNING | services.llm_review | Gemini news attempt 1/3 failed: HTTP 401 — retry in 3s
2026-08-11 06:02:25,551 | WARNING | services.llm_review | Gemini news attempt 2/3 failed: HTTP 401 — retry in 6s
2026-08-11 06:02:31,576 | INFO | __main__ | \U0001f9e0 Gemini news review: unavailable/skipped (HTTP 401)
2026-08-11 06:02:31,623 | WARNING | services.llm_review | Gemini macro attempt 1/3 failed: HTTP 401 — retry in 3s
2026-08-11 06:02:34,651 | WARNING | services.llm_review | Gemini macro attempt 2/3 failed: HTTP 401 — retry in 6s
2026-08-11 06:02:40,686 | INFO | __main__ | \U0001f9e0 Gemini macro: unavailable/skipped (HTTP 401)
2026-08-11 06:02:40,811 | INFO | __main__ | Revived BUY day map for XAU/USD rejected on re-authorisation: planner execution requires 3 qualified agents or 2 agents + macro/gemini; got 2
2026-08-11 06:02:40,811 | INFO | __main__ | Revived BUY day map for XAU/USD rejected on re-authorisation: planner execution requires 3 qualified agents or 2 agents + macro/gemini; got 2
2026-08-11 06:02:40,811 | INFO | __main__ | Revived BUY day map for XAU/USD rejected on re-authorisation: planner execution requires 3 qualified agents or 2 agents + macro/gemini; got 2
2026-08-11 06:02:40,811 | INFO | __main__ | Revived BUY day map for XAU/USD rejected on re-authorisation: planner execution requires 3 qualified agents or 2 agents + macro/gemini; got 2
2026-08-11 06:02:40,811 | INFO | __main__ | Revived BUY day map for XAU/USD rejected on re-authorisation: planner execution requires 3 qualified agents or 2 agents + macro/gemini; got 2
2026-08-11 06:02:40,811 | INFO | __main__ | Session-plan ladder skipped: plan not ready (status=NOT_READY, reason=primary quality 62.0 below planner floor 70.0) and no unexpired day map to fall back on
2026-08-11 06:02:41,282 | INFO | telegram_bot | telegram delivered: \U0001f9ea DEMO · \U0001f7e1 <b>SmartSignal — Market Status</b>
\u2501\u2501\u2501\u2501\u2501\u2501\u2501\u2501\u2501\u2501\u2501\u2501\u2501\u2501
2026-08-11 07:02:03,836 | WARNING | DatabaseService | Supabase credentials missing, using local fallback JSON
2026-08-11 07:02:04,383 | INFO | __main__ | Market data integrity for XAU/USD: source=mt5 type=historical_ohlc grade=HIGH signal_generation=True pending_activation=True
2026-08-11 07:02:04,727 | INFO | services.news_feed_forexfactory | ForexFactory: loaded 27 USD events
2026-08-11 07:02:04,743 | INFO | __main__ | Running agent: technical
2026-08-11 07:02:04,790 | INFO | __main__ | Running agent: classical
2026-08-11 07:02:04,806 | INFO | __main__ | Running agent: smc
2026-08-11 07:02:04,806 | INFO | __main__ | Running agent: price_action
2026-08-11 07:02:04,821 | INFO | __main__ | Running agent: multitimeframe
2026-08-11 07:02:04,853 | INFO | __main__ | Exit agent book for XAU/USD: {'technical': 'BUY 92', 'classical': 'WAIT 30', 'smc': 'WAIT 26', 'price_action': 'WAIT 36', 'multitimeframe': 'BUY 70', 'macro_fundamental': 'WAIT 0'}
2026-08-11 07:02:05,840 | INFO | __main__ | Running agent: macro_fundamental
2026-08-11 07:02:05,840 | INFO | __main__ | Running agent: technical
2026-08-11 07:02:05,887 | INFO | __main__ | Running agent: classical
2026-08-11 07:02:05,903 | INFO | __main__ | Running agent: smc
2026-08-11 07:02:05,919 | INFO | __main__ | Running agent: price_action
2026-08-11 07:02:05,919 | INFO | __main__ | Running agent: multitimeframe
2026-08-11 07:02:05,965 | INFO | __main__ | Running agent: daily_bias
2026-08-11 07:02:08,504 | INFO | __main__ | Session plan not ready for XAU/USD: primary thesis too weak for planning (dominance 40.7, return probability 8.6)
2026-08-11 07:02:09,808 | INFO | __main__ | Path 2: Macro does NOT confirm BUY (bias=BEARISH_GOLD, need=BULLISH_GOLD, conf=84% < 55% or mismatch)
2026-08-11 07:02:10,105 | WARNING | services.llm_review | Gemini signal attempt 1/3 failed: HTTP 401 — retry in 3s
2026-08-11 07:02:13,129 | WARNING | services.llm_review | Gemini signal attempt 2/3 failed: HTTP 401 — retry in 6s
2026-08-11 07:02:19,171 | INFO | __main__ | \u274c Path 2: Gemini does NOT confirm (verdict= vs BUY, conf=0% < 70%)
2026-08-11 07:02:19,609 | WARNING | services.llm_review | Gemini market attempt 1/3 failed: HTTP 401 — retry in 3s
2026-08-11 07:02:22,621 | WARNING | services.llm_review | Gemini market attempt 2/3 failed: HTTP 401 — retry in 6s
2026-08-11 07:02:28,651 | INFO | __main__ | \U0001f9e0 Gemini market context: unavailable/skipped (HTTP 401)
2026-08-11 07:02:28,651 | INFO | __main__ | \U0001f9e0 Gemini signal review skipped: WAIT hourly status
2026-08-11 07:02:28,682 | WARNING | services.llm_review | Gemini news attempt 1/3 failed: HTTP 401 — retry in 3s
2026-08-11 07:02:31,704 | WARNING | services.llm_review | Gemini news attempt 2/3 failed: HTTP 401 — retry in 6s
2026-08-11 07:02:37,721 | INFO | __main__ | \U0001f9e0 Gemini news review: unavailable/skipped (HTTP 401)
2026-08-11 07:02:37,737 | WARNING | services.llm_review | Gemini macro attempt 1/3 failed: HTTP 401 — retry in 3s
2026-08-11 07:02:40,770 | WARNING | services.llm_review | Gemini macro attempt 2/3 failed: HTTP 401 — retry in 6s
2026-08-11 07:02:46,797 | INFO | __main__ | \U0001f9e0 Gemini macro: unavailable/skipped (HTTP 401)
2026-08-11 07:02:46,938 | INFO | __main__ | Revived BUY day map for XAU/USD rejected on re-authorisation: planner execution requires 3 qualified agents or 2 agents + macro/gemini; got 2
2026-08-11 07:02:46,938 | INFO | __main__ | Revived BUY day map for XAU/USD rejected on re-authorisation: planner execution requires 3 qualified agents or 2 agents + macro/gemini; got 2
2026-08-11 07:02:46,938 | INFO | __main__ | Revived BUY day map for XAU/USD rejected on re-authorisation: planner execution requires 3 qualified agents or 2 agents + macro/gemini; got 2
2026-08-11 07:02:46,938 | INFO | __main__ | Revived BUY day map for XAU/USD rejected on re-authorisation: planner execution requires 3 qualified agents or 2 agents + macro/gemini; got 2
2026-08-11 07:02:46,938 | INFO | __main__ | Revived BUY day map for XAU/USD rejected on re-authorisation: planner execution requires 3 qualified agents or 2 agents + macro/gemini; got 2
2026-08-11 07:02:46,938 | INFO | __main__ | Session-plan ladder skipped: plan not ready (status=NOT_READY, reason=primary thesis too weak for planning (dominance 40.7, return probability 8.6)) and no unexpired day map to fall back on
2026-08-11 07:02:47,501 | INFO | telegram_bot | telegram delivered: \U0001f9ea DEMO · \U0001f7e1 <b>SmartSignal — Market Status</b>
\u2501\u2501\u2501\u2501\u2501\u2501\u2501\u2501\u2501\u2501\u2501\u2501\u2501\u2501
2026-08-11 08:02:04,113 | WARNING | DatabaseService | Supabase credentials missing, using local fallback JSON
2026-08-11 08:02:04,678 | INFO | __main__ | Market data integrity for XAU/USD: source=mt5 type=historical_ohlc grade=HIGH signal_generation=True pending_activation=True
2026-08-11 08:02:04,709 | INFO | __main__ | Running agent: macro_fundamental
2026-08-11 08:02:05,210 | INFO | services.news_feed_forexfactory | ForexFactory: loaded 27 USD events
2026-08-11 08:02:05,216 | INFO | __main__ | Running agent: technical
2026-08-11 08:02:05,287 | INFO | __main__ | Running agent: classical
2026-08-11 08:02:05,319 | INFO | __main__ | Running agent: smc
2026-08-11 08:02:05,319 | INFO | __main__ | Running agent: price_action
2026-08-11 08:02:05,319 | INFO | __main__ | Running agent: multitimeframe
2026-08-11 08:02:05,366 | INFO | __main__ | Running agent: daily_bias
2026-08-11 08:02:08,701 | INFO | __main__ | Session plan not ready for XAU/USD: primary quality 58.0 below planner floor 70.0
2026-08-11 08:02:10,360 | WARNING | services.llm_review | Gemini market attempt 1/3 failed: HTTP 401 — retry in 3s
2026-08-11 08:02:13,397 | WARNING | services.llm_review | Gemini market attempt 2/3 failed: HTTP 401 — retry in 6s
2026-08-11 08:02:19,445 | INFO | __main__ | \U0001f9e0 Gemini market context: unavailable/skipped (HTTP 401)
2026-08-11 08:02:19,445 | INFO | __main__ | \U0001f9e0 Gemini signal review skipped: WAIT hourly status
2026-08-11 08:02:19,461 | WARNING | services.llm_review | Gemini news attempt 1/3 failed: HTTP 401 — retry in 3s
2026-08-11 08:02:22,496 | WARNING | services.llm_review | Gemini news attempt 2/3 failed: HTTP 401 — retry in 6s
2026-08-11 08:02:28,516 | INFO | __main__ | \U0001f9e0 Gemini news review: unavailable/skipped (HTTP 401)
2026-08-11 08:02:28,532 | WARNING | services.llm_review | Gemini macro attempt 1/3 failed: HTTP 401 — retry in 3s
2026-08-11 08:02:31,556 | WARNING | services.llm_review | Gemini macro attempt 2/3 failed: HTTP 401 — retry in 6s
2026-08-11 08:02:37,590 | INFO | __main__ | \U0001f9e0 Gemini macro: unavailable/skipped (HTTP 401)
2026-08-11 08:02:37,652 | INFO | __main__ | Revived BUY day map for XAU/USD rejected on re-authorisation: planner execution requires 3 qualified agents or 2 agents + macro/gemini; got 1
2026-08-11 08:02:37,652 | INFO | __main__ | Revived BUY day map for XAU/USD rejected on re-authorisation: planner execution requires 3 qualified agents or 2 agents + macro/gemini; got 1
2026-08-11 08:02:37,652 | INFO | __main__ | Revived BUY day map for XAU/USD rejected on re-authorisation: planner execution requires 3 qualified agents or 2 agents + macro/gemini; got 1
2026-08-11 08:02:37,652 | INFO | __main__ | Revived BUY day map for XAU/USD rejected on re-authorisation: planner execution requires 3 qualified agents or 2 agents + macro/gemini; got 1
2026-08-11 08:02:37,652 | INFO | __main__ | Revived BUY day map for XAU/USD rejected on re-authorisation: planner execution requires 3 qualified agents or 2 agents + macro/gemini; got 1
2026-08-11 08:02:37,652 | INFO | __main__ | Session-plan ladder skipped: plan not ready (status=NOT_READY, reason=primary quality 58.0 below planner floor 70.0) and no unexpired day map to fall back on
2026-08-11 08:02:38,325 | INFO | telegram_bot | telegram delivered: \U0001f9ea DEMO · \U0001f7e1 <b>SmartSignal — Market Status</b>
\u2501\u2501\u2501\u2501\u2501\u2501\u2501\u2501\u2501\u2501\u2501\u2501\u2501\u2501
